videopath,caption,orig_idx,sa_score,pc_score,joint_score
/data/home/yuanhaoc/videophy/DPO_Data/deepseek_gemini_filter/no_prompt_extension/Wan1.3B/seed_1/-0MNKMpwaUY-Scene-0018.mp4,"In the video, a person is seen holding a syringe in their hand. The person then removes the cap from the syringe and proceeds to insert the needle into the syringe. After this, the person removes the needle from the syringe and places it back into the container. The person repeats this process several times, inserting and removing the needle from the syringe. The person's actions are deliberate and careful, indicating a level of expertise or familiarity with the task at hand. The video provides a clear view of the syringe and needle, allowing the viewer to observe the process in detail. The person's movements are smooth and precise, suggesting a level of skill and experience in handling medical equipment. Overall, the video provides a detailed and informative look at the process of inserting and removing a needle from a syringe.",-0MNKMpwaUY-Scene-0018,3,4,0
/data/home/yuanhaoc/videophy/DPO_Data/deepseek_gemini_filter/no_prompt_extension/Wan1.3B/seed_1/-8tcmvAZHP0-Scene-0010.mp4,"The video shows a person's hand holding a knife and using it to cut through a piece of wood. The wood appears to be a branch or a stick, and the person is cutting it into smaller pieces. The knife is silver and has a black handle. The person's hand is visible, and they are wearing a silver ring on their ring finger. The background is a wooden surface with visible holes and scratches. The lighting is bright, and the video is in color.",-8tcmvAZHP0-Scene-0010,1,4,0
/data/home/yuanhaoc/videophy/DPO_Data/deepseek_gemini_filter/no_prompt_extension/Wan1.3B/seed_1/-AyDd98SEns-Scene-0004.mp4,"The video shows a person driving a car. The driver is holding the steering wheel with both hands and looking straight ahead. The car's dashboard is visible, with various buttons and controls. The driver's seat is also visible, and the person appears to be wearing a seatbelt. The car is moving, and the driver seems to be focused on the road.",-AyDd98SEns-Scene-0004,0,4,0
/data/home/yuanhaoc/videophy/DPO_Data/deepseek_gemini_filter/no_prompt_extension/Wan1.3B/seed_1/-C2rcldLpv0-Scene-0011.mp4,"In the video, a small dog is seen standing on a green pillow. The dog then jumps onto a red and white blanket. The dog then jumps back onto the pillow and begins to shake its body. The dog then jumps off the pillow and onto the blanket again. The dog repeats this action several times. The dog appears to be a small breed with a light-colored coat. The blanket and pillow are placed on the floor, and there are no other objects or people visible in the video.",-C2rcldLpv0-Scene-0011,4,4,1
/data/home/yuanhaoc/videophy/DPO_Data/deepseek_gemini_filter/no_prompt_extension/Wan1.3B/seed_1/-Czj9crvlKU-Scene-0046.mp4,"The video shows a man wearing a blue shirt and white shorts standing on a football field. He is holding a football in his right hand and is preparing to kick it. There are several children sitting on the ground behind him, watching him. The man kicks the football towards the goal post, which is yellow in color. The football is seen flying through the air and landing in the goal post. The man then walks away from the goal post.",-Czj9crvlKU-Scene-0046,1,3,0
/data/home/yuanhaoc/videophy/DPO_Data/deepseek_gemini_filter/no_prompt_extension/Wan1.3B/seed_1/-D3qsFC0E0E-Scene-0208.mp4,"The video shows a person cutting a sandwich in half with a knife. The sandwich appears to have a layer of meat and cheese between two slices of bread. The person then proceeds to pick up one half of the sandwich and take a bite out of it. The sandwich looks freshly made and is cut neatly. The person's hands are visible in the video, but their face is not shown. The background is blurred, but it appears to be a kitchen setting.",-D3qsFC0E0E-Scene-0208,4,4,1
/data/home/yuanhaoc/videophy/DPO_Data/deepseek_gemini_filter/no_prompt_extension/Wan1.3B/seed_1/-IDU017CeB4-Scene-0009.mp4,"The video shows a football game in progress. The players are wearing purple and white uniforms and are seen running, blocking, and tackling each other on the field. The game is being played on a green field with white markings. The players are wearing helmets and padding, and the referees are present on the field. The video captures the intensity and physicality of the game, with players running, blocking, and tackling each other in an attempt to score points.",-IDU017CeB4-Scene-0009,0,4,0
/data/home/yuanhaoc/videophy/DPO_Data/deepseek_gemini_filter/no_prompt_extension/Wan1.3B/seed_1/-NpI85Dz4dw-Scene-0026.mp4,"In the video, we see two men sitting on a couch in a living room. The man on the left is wearing a green jacket and has his arms crossed, while the man on the right is wearing a black shirt and is holding a remote control. The man on the right is speaking to the man on the left, and then he throws the remote control at him. The man on the left catches the remote control and throws it back at the man on the right, who catches it. The man on the right then stands up and walks away.",-NpI85Dz4dw-Scene-0026,3,3,0
/data/home/yuanhaoc/videophy/DPO_Data/deepseek_gemini_filter/no_prompt_extension/Wan1.3B/seed_1/-OLHFvA6q9U-Scene-0091.mp4,"The video shows a person in a yellow kayak fishing. The person is wearing a red jacket and is seen throwing a fishing line into the water. After a while, the person catches a fish and tries to grab it with a net. The person is successful in catching the fish and is seen holding it in the net.",-OLHFvA6q9U-Scene-0091,1,4,0
/data/home/yuanhaoc/videophy/DPO_Data/deepseek_gemini_filter/no_prompt_extension/Wan1.3B/seed_1/-Q9oc4yZluA-Scene-0010.mp4,"In the video, a person is seen holding a lock in their hands. The lock is made of metal and has a keyhole in the center. The person is using a tool to pick the lock. The tool appears to be a small metal rod with a pointed end. The person inserts the rod into the keyhole and turns it, attempting to unlock the lock. The background is blurred, but it appears to be a workshop or a garage. The person's hands are steady, and they seem to be experienced in using the tool. The video does not show whether the lock is successfully unlocked or not.",-Q9oc4yZluA-Scene-0010,3,4,0
/data/home/yuanhaoc/videophy/DPO_Data/deepseek_gemini_filter/no_prompt_extension/Wan1.3B/seed_1/-SSw8IB2BGA-Scene-0158.mp4,"The video shows a creature with multiple legs and sharp claws moving through the trees. The creature's body is covered in dark fur, and it has glowing blue eyes. The creature is seen climbing and jumping from branch to branch, using its claws to grip onto the tree trunks. The forest is dense with thick foliage, and the creature moves with agility and speed. The video is shot from different angles, capturing the creature's movements from various perspectives. The creature's movements are fluid and graceful, and it appears to be searching for something or exploring its surroundings.",-SSw8IB2BGA-Scene-0158,4,4,1
/data/home/yuanhaoc/videophy/DPO_Data/deepseek_gemini_filter/no_prompt_extension/Wan1.3B/seed_1/-SX0NqoGAlY-Scene-0232.mp4,"The video shows a close-up of an alligator swimming in murky water. The alligator's body is mostly submerged, with only its back and part of its head visible above the water's surface. The alligator's skin is dark and textured, with visible scales and ridges. The water is moving around the alligator, causing ripples and splashes. The video is shot from a side angle, and the alligator is moving slowly and steadily through the water.",-SX0NqoGAlY-Scene-0232,0,5,0
/data/home/yuanhaoc/videophy/DPO_Data/deepseek_gemini_filter/no_prompt_extension/Wan1.3B/seed_1/-TBs_TosRBY-Scene-0006.mp4,"The video shows a hockey game in progress. The players are wearing their respective team uniforms and are seen skating on the ice. The goalie is in position, ready to defend the goal. The players are seen passing the puck to each other, attempting to score a goal. The rink is surrounded by boards and glass, and there are advertisements visible on the boards. The players are using their sticks to control the puck and maneuver around the rink. The game seems to be intense, with both teams actively engaged in the play.",-TBs_TosRBY-Scene-0006,4,4,1
/data/home/yuanhaoc/videophy/DPO_Data/deepseek_gemini_filter/no_prompt_extension/Wan1.3B/seed_1/-TNG9aLFKlE-Scene-0059.mp4,The video shows a person kite surfing on the ocean. The person is seen riding the waves and performing various tricks. The person is wearing a black wetsuit and is holding onto a yellow and black kite. The ocean is a beautiful turquoise color and the waves are white and foamy. The person is seen jumping and flipping in the air while performing tricks. The video captures the excitement and thrill of kite surfing.,-TNG9aLFKlE-Scene-0059,0,4,0
/data/home/yuanhaoc/videophy/DPO_Data/deepseek_gemini_filter/no_prompt_extension/Wan1.3B/seed_1/-Wi8IenYjYE-Scene-0034.mp4,"The video shows a person working on a car engine. The person is using a wrench to loosen and remove a bolt from the engine. The engine is silver and has various pipes and wires attached to it. The person's hands are visible, and they are wearing a red shirt. The background is dark, and the focus is on the person's hands and the engine.",-Wi8IenYjYE-Scene-0034,4,4,1
/data/home/yuanhaoc/videophy/DPO_Data/deepseek_gemini_filter/no_prompt_extension/Wan1.3B/seed_1/-ZsG_xB6ewo-Scene-0069.mp4,The video shows a girl in a pink bikini standing on a yellow inflatable ring in a swimming pool. She jumps off the ring and into the water. The pool is surrounded by a fence and there are other inflatable toys in the background. The water is clear and blue.,-ZsG_xB6ewo-Scene-0069,0,3,0
/data/home/yuanhaoc/videophy/DPO_Data/deepseek_gemini_filter/no_prompt_extension/Wan1.3B/seed_1/-_roi9tsUyg-Scene-0083.mp4,The video shows a baseball player in a purple and white uniform standing on the field. The player is holding a baseball glove and is seen throwing the ball. The stadium is filled with spectators. The player then runs towards the outfield.,-_roi9tsUyg-Scene-0083,1,4,0
/data/home/yuanhaoc/videophy/DPO_Data/deepseek_gemini_filter/no_prompt_extension/Wan1.3B/seed_1/-lp0Uwtk-tQ-Scene-0015.mp4,"In the video, a young man is seen standing next to a tree. He is wearing a pink shirt and sunglasses. The man is using a tool to carve into the tree. The tree has a rough texture and is located in a fenced area. The man appears to be focused on his task, carefully carving into the tree. The video captures the man's movements as he works on the tree, providing a close-up view of his actions. The colors in the video are vibrant, with the pink of the man's shirt contrasting against the natural tones of the tree and the greenery in the background. The man's actions are deliberate and precise, indicating that he is skilled in his craft. Overall, the video provides a detailed look at the process of tree carving and the skill required to do so.",-lp0Uwtk-tQ-Scene-0015,4,3,0
/data/home/yuanhaoc/videophy/DPO_Data/deepseek_gemini_filter/no_prompt_extension/Wan1.3B/seed_1/-lumLsK9Pcs-Scene-0005.mp4,"The video shows a hockey game in progress with players on the ice. One player, wearing a white jersey with the number 66, is seen making a shot on goal. The goalie, dressed in black and red, attempts to block the shot but fails as the puck goes into the net. The player in the white jersey is then seen celebrating the goal with his teammates. The scoreboard at the top of the screen indicates that the game is in the first period with 6:04 minutes remaining. The arena is filled with spectators, and advertisements can be seen on the boards around the rink.",-lumLsK9Pcs-Scene-0005,5,4,1
/data/home/yuanhaoc/videophy/DPO_Data/deepseek_gemini_filter/no_prompt_extension/Wan1.3B/seed_1/-lumLsK9Pcs-Scene-0035.mp4,"The video shows a hockey game in progress. The players are seen skating on the ice, passing the puck to each other, and attempting to score goals. The crowd is visible in the background, cheering and watching the game. The players are wearing their respective team uniforms, and the game is being played in a professional arena. The scoreboard is visible, showing the score and time left in the period.",-lumLsK9Pcs-Scene-0035,1,4,0
/data/home/yuanhaoc/videophy/DPO_Data/deepseek_gemini_filter/no_prompt_extension/Wan1.3B/seed_1/-p4D8GD8eLM-Scene-0009.mp4,"The video shows a large green tractor with a long arm that is picking up corn from a field. The tractor is pulling a blue trailer behind it, which is being filled with the corn. The field is vast and appears to be in a rural area. The sky is clear and blue, indicating that it is a sunny day. The tractor is moving slowly across the field, and the arm is extending and retracting as it picks up the corn. The trailer is being filled with the corn, which is yellow and appears to be ripe. The video is shot from an aerial perspective, giving a clear view of the tractor and the field.",-p4D8GD8eLM-Scene-0009,4,4,1
/data/home/yuanhaoc/videophy/DPO_Data/deepseek_gemini_filter/no_prompt_extension/Wan1.3B/seed_1/-weIbif0bWI-Scene-0019.mp4,"The video shows a close-up of a person's hand holding a spoon over a white mug. The spoon is filled with a thick, dark brown liquid, which appears to be chocolate syrup. The person is seen stirring the syrup in the mug, causing it to swirl around and create a glossy sheen on the surface. The mug is placed on a white countertop, and the background is blurred, focusing the viewer's attention on the action of stirring the syrup.",-weIbif0bWI-Scene-0019,1,5,0
/data/home/yuanhaoc/videophy/DPO_Data/deepseek_gemini_filter/no_prompt_extension/Wan1.3B/seed_1/-wiNh4LLQzg-Scene-0077.mp4,"In the video, a man is seen standing in a room with white walls and a door in the background. He is wearing a black t-shirt and is holding a red and green yo-yo. The man is demonstrating how to perform a trick with the yo-yo. He starts by holding the yo-yo in his hands and then throws it up into the air. He then catches the yo-yo with his hands and repeats the process several times. The man appears to be skilled at yo-yo tricks and is explaining the process as he performs them. The video is shot in a well-lit room and the focus is on the man and his yo-yo.",-wiNh4LLQzg-Scene-0077,4,2,0
/data/home/yuanhaoc/videophy/DPO_Data/deepseek_gemini_filter/no_prompt_extension/Wan1.3B/seed_1/-wtWKzGLCEA-Scene-0054.mp4,"The video shows a surfer riding a large wave in the ocean. The surfer is wearing a black wetsuit and is standing on a surfboard. The wave is large and green, and the surfer is riding it with skill. The ocean is a deep blue color, and the sky is clear. There are no other surfers or objects in the water. The video is shot from the shore, and the surfer is the only person visible.",-wtWKzGLCEA-Scene-0054,0,4,0
/data/home/yuanhaoc/videophy/DPO_Data/deepseek_gemini_filter/no_prompt_extension/Wan1.3B/seed_1/-wvgKEwuZUY-Scene-0135.mp4,"In the video, a woman is seen kicking a large inflatable soccer ball. She is wearing a grey hoodie and red pants. The ball is black and white and is quite large compared to her. She kicks the ball several times, and it rolls away from her. The setting appears to be a park or outdoor area with trees and a fence in the background.",-wvgKEwuZUY-Scene-0135,1,3,0
/data/home/yuanhaoc/videophy/DPO_Data/deepseek_gemini_filter/no_prompt_extension/Wan1.3B/seed_1/01DGqp2-Iwg-Scene-0037.mp4,"In the video, a man is seen riding an ATV through a muddy area. The man is wearing a helmet and a jacket, and the ATV is covered in mud. As he rides through the mud, the wheels spin and throw up mud in all directions. The man appears to be struggling to maintain control of the ATV, but he continues to ride through the mud. The surrounding area is also covered in mud, and there are trees visible in the background. The video captures the man's struggle to navigate through the challenging terrain.",01DGqp2-Iwg-Scene-0037,4,4,1
/data/home/yuanhaoc/videophy/DPO_Data/deepseek_gemini_filter/no_prompt_extension/Wan1.3B/seed_1/02j5yn2zz3k-Scene-0016.mp4,"In the video, a man is seen standing in a forest, holding a large branch in his hands. He is wearing a blue shirt and white gloves. The man is carefully examining the branch, looking at its length and thickness. He then proceeds to cut the branch with a saw, making sure to cut it at the right angle. The man's movements are precise and deliberate, indicating that he is experienced in handling branches. The forest around him is lush and green, with trees and foliage visible in the background. The video provides a glimpse into the man's work and the environment in which he is working.",02j5yn2zz3k-Scene-0016,4,4,1
/data/home/yuanhaoc/videophy/DPO_Data/deepseek_gemini_filter/no_prompt_extension/Wan1.3B/seed_1/03EMer5erLI-Scene-0021.mp4,"In the video, a person is seen holding a metal tool with a threaded end. The tool is being used to unscrew a bolt on a piece of machinery. The person's hands are visible, and they are wearing a denim jacket. The background is blurred, but it appears to be an industrial setting. The person is using a wrench to turn the bolt counterclockwise. The bolt is silver and has a hexagonal shape. The person's movements are deliberate and precise, indicating that they are experienced in using the tool. The video ends with the bolt being fully unscrewed.",03EMer5erLI-Scene-0021,3,4,0
/data/home/yuanhaoc/videophy/DPO_Data/deepseek_gemini_filter/no_prompt_extension/Wan1.3B/seed_1/04Z1GJVumjs-Scene-0114.mp4,The video shows a yellow car driving on a runway. The car is moving at a high speed and appears to be drifting. The runway is surrounded by grass and there are industrial buildings in the background. The sky is clear and blue.,04Z1GJVumjs-Scene-0114,1,4,0
/data/home/yuanhaoc/videophy/DPO_Data/deepseek_gemini_filter/no_prompt_extension/Wan1.3B/seed_1/06-3yRTFQTE-Scene-0029.mp4,The video shows a group of fish swimming in a pond. The water is clear and the fish are of different sizes and colors. Some of the fish are swimming near the surface while others are swimming deeper in the water. The pond is surrounded by greenery and there are rocks visible under the water. The fish are moving around freely and there are no visible signs of human interference.,06-3yRTFQTE-Scene-0029,5,5,1
/data/home/yuanhaoc/videophy/DPO_Data/deepseek_gemini_filter/no_prompt_extension/Wan1.3B/seed_1/0AuoGnZuYsc-Scene-0062.mp4,"The video shows a boxing match between two men in a ring. One of the men is wearing blue shorts, while the other is wearing gray shorts. The man in blue shorts is seen throwing a punch at the man in gray shorts, who is defending himself. The referee is present in the ring, and the crowd is visible in the background. The video is shot from different angles, showing the action from various perspectives.",0AuoGnZuYsc-Scene-0062,1,4,0
/data/home/yuanhaoc/videophy/DPO_Data/deepseek_gemini_filter/no_prompt_extension/Wan1.3B/seed_1/0Fj1HH5NUTs-Scene-0181.mp4,"In the video, a person is seen holding a small plant in a pot and placing it into a container filled with soil. The person then proceeds to cover the plant with soil to ensure it is properly planted. The focus of the video is on the planting process, and the person's hands are visible as they perform the task. The plant appears to be a small succulent, and the container is a standard plastic pot. The soil is dark brown, and the container is a light color, possibly white or beige. The video is shot in a well-lit environment, and the person's movements are deliberate and careful as they plant the plant.",0Fj1HH5NUTs-Scene-0181,5,5,1
/data/home/yuanhaoc/videophy/DPO_Data/deepseek_gemini_filter/no_prompt_extension/Wan1.3B/seed_1/0IakZ1LiMbA-Scene-0119.mp4,"In the video, a woman is standing outside a house, holding a watermelon. She is wearing a black Adidas tank top and has blonde hair. She is speaking to the camera and then proceeds to throw the watermelon at the camera. The watermelon is green with a yellow sticker on it. The house behind her is white with a red roof and there are trees and bushes in the background.",0IakZ1LiMbA-Scene-0119,1,4,0
/data/home/yuanhaoc/videophy/DPO_Data/deepseek_gemini_filter/no_prompt_extension/Wan1.3B/seed_1/0MSbaQcldfA-Scene-0050.mp4,"In the video, a person is seen holding a black wig in their hand and rinsing it under a faucet. The wig appears to be wet and has a curly texture. The person then picks up a bottle of shampoo and pours it onto the wig, massaging it in with their hands. They continue to rinse the wig under the faucet, making sure all the shampoo is washed out. The sink is visible in the background, and the person appears to be standing in front of it.",0MSbaQcldfA-Scene-0050,4,3,0
/data/home/yuanhaoc/videophy/DPO_Data/deepseek_gemini_filter/no_prompt_extension/Wan1.3B/seed_1/0N7T2owi6Ls-Scene-0066.mp4,"The video shows a group of people standing in a line, holding torches that are on fire. They are standing in front of a large fire, and as they move forward, they throw the torches onto the fire, causing it to grow even larger. The flames are bright orange and yellow, and the smoke is thick and gray. The people are wearing protective gear, and the fire is so intense that it illuminates the entire scene.",0N7T2owi6Ls-Scene-0066,4,3,0
/data/home/yuanhaoc/videophy/DPO_Data/deepseek_gemini_filter/no_prompt_extension/Wan1.3B/seed_1/0OfHYz2FAds-Scene-0027.mp4,"The video shows a group of men playing soccer on a grassy field. They are wearing red and yellow jerseys and are kicking a white soccer ball around. The players are moving around the field, passing the ball to each other, and trying to score a goal. The video captures the energy and excitement of the game as the players work together to outmaneuver their opponents.",0OfHYz2FAds-Scene-0027,0,3,0
/data/home/yuanhaoc/videophy/DPO_Data/deepseek_gemini_filter/no_prompt_extension/Wan1.3B/seed_1/0QxD8zAMG6I-Scene-0018.mp4,"The video shows a soccer player kicking the ball towards the goal. The goalkeeper dives to the right and blocks the ball. The player who kicked the ball is wearing a white and black striped jersey, while the goalkeeper is wearing a green jersey. The ball is bright yellow. The background shows a stadium with spectators.",0QxD8zAMG6I-Scene-0018,1,3,0
/data/home/yuanhaoc/videophy/DPO_Data/deepseek_gemini_filter/no_prompt_extension/Wan1.3B/seed_1/0RDNZdUwths-Scene-0099.mp4,"In the video, a person is seen using a yellow drill to drill into a piece of wood. The person is wearing a bracelet on their wrist and is holding the drill with both hands. The background consists of rocks and other pieces of wood. The person appears to be focused on the task at hand, carefully guiding the drill to create a hole in the wood. The sound of the drill can be heard in the background, indicating that the person is actively working on the project. The video provides a close-up view of the drilling process, allowing the viewer to see the details of the drill and the wood.",0RDNZdUwths-Scene-0099,4,4,1
/data/home/yuanhaoc/videophy/DPO_Data/deepseek_gemini_filter/no_prompt_extension/Wan1.3B/seed_1/0S5wZ4HQxtY-Scene-0038.mp4,"The video shows a man in a boxing ring with another man. The man in the ring is wearing black shorts and has long hair. He is seen throwing punches at the other man. The other man is wearing white shorts and is being knocked down by the punches. The man in the ring then walks around the ring, looking at the other man who is still on the ground. The video ends with the man in the ring walking towards the camera.",0S5wZ4HQxtY-Scene-0038,3,4,0
/data/home/yuanhaoc/videophy/DPO_Data/deepseek_gemini_filter/no_prompt_extension/Wan1.3B/seed_1/0V8q5dLWYO4-Scene-0063.mp4,The video shows a man playing basketball in an indoor court. The man is wearing a gray tank top and black shorts. He is seen shooting the basketball into the hoop multiple times. The court has a blue wall with a white line and a basketball hoop attached to it. The man is alone in the court and there are no other people visible in the video.,0V8q5dLWYO4-Scene-0063,1,3,0
/data/home/yuanhaoc/videophy/DPO_Data/deepseek_gemini_filter/no_prompt_extension/Wan1.3B/seed_1/0dHgisNTbXo-Scene-0031.mp4,"In the video, a man is seen standing in a room with wooden structures. He is wearing a green shirt and glasses. The man is holding a wooden stick and using it to push against one of the wooden structures. The room appears to be a workshop or construction area, with various tools and materials scattered around. The man seems to be inspecting the structure or perhaps making adjustments to it. The lighting in the room is dim, and there are no other people visible in the video.",0dHgisNTbXo-Scene-0031,1,3,0
/data/home/yuanhaoc/videophy/DPO_Data/deepseek_gemini_filter/no_prompt_extension/Wan1.3B/seed_1/0eCBANE1rXk-Scene-0104.mp4,"In the video, a person is seen holding a large ball of pink slime in their hands. The slime has glitter in it, and the person is squeezing it, stretching it, and playing with it. The person's hands are covered in slime, and they are wearing a ring on their left hand. The background is a white table, and there are containers of slime on the table. The person continues to play with the slime, stretching it out and then letting it go, causing it to fall back onto the table.",0eCBANE1rXk-Scene-0104,3,4,0
/data/home/yuanhaoc/videophy/DPO_Data/deepseek_gemini_filter/no_prompt_extension/Wan1.3B/seed_1/0eFFh1HqvkQ-Scene-0059.mp4,"In the video, a man is seen lying on a mat in a gym, lifting a barbell with weights on it. The man is wearing a gray shirt and black pants. He is holding the barbell with both hands and lifting it up and down. The gym is equipped with various exercise machines and weights. The man appears to be focused and determined as he continues to lift the barbell. The lighting in the gym is bright, and the walls are painted white. The man's movements are steady and controlled as he performs the exercise.",0eFFh1HqvkQ-Scene-0059,4,4,1
/data/home/yuanhaoc/videophy/DPO_Data/deepseek_gemini_filter/no_prompt_extension/Wan1.3B/seed_1/0h9hs9bJafs-Scene-0104.mp4,"The video shows a person wearing a hat and a black shirt holding a large fish in a white tub filled with water. The person is seen holding the fish by its mouth and then letting it go. The fish is black with some green spots on its body. The person then moves away from the fish, and the fish starts swimming around in the tub. The water in the tub is clear, and the tub appears to be outdoors.",0h9hs9bJafs-Scene-0104,1,4,0
/data/home/yuanhaoc/videophy/DPO_Data/deepseek_gemini_filter/no_prompt_extension/Wan1.3B/seed_1/0jZ6w0MpiRU-Scene-0038.mp4,"In the video, a man is seen holding a large green bowl filled with a green substance. He is standing in front of a fire, and he is pouring the green substance into a pot. The man is shirtless and appears to be focused on the task at hand. The fire is burning brightly, and there are other people in the background, but they are not the main focus of the video. The man's actions suggest that he is cooking or preparing something using the green substance. The video is shot in an outdoor setting, and the lighting is natural.",0jZ6w0MpiRU-Scene-0038,4,3,0
/data/home/yuanhaoc/videophy/DPO_Data/deepseek_gemini_filter/no_prompt_extension/Wan1.3B/seed_1/0kblshXbL2E-Scene-0058.mp4,"In the video, a person is seen pouring concrete into a wooden form. The person is wearing a pair of blue jeans and black boots. The wooden form is rectangular and appears to be made of plywood. The concrete is gray and is being poured from a bucket. The person is using a trowel to spread the concrete evenly within the form. The background is not clearly visible, but it seems to be an outdoor setting.",0kblshXbL2E-Scene-0058,1,4,0
/data/home/yuanhaoc/videophy/DPO_Data/deepseek_gemini_filter/no_prompt_extension/Wan1.3B/seed_1/0ug0jOwjk6A-Scene-0014.mp4,"In the video, a person is holding a small brown dog in their arms. The person is gently squeezing the dog's body, causing it to make a squealing sound. The dog appears to be in discomfort as it tries to move its legs. The person continues to hold the dog and squeeze it, causing the dog to make more squealing noises. The video is shot in close-up, focusing on the dog's body and the person's hands. The background is blurred, but it appears to be an indoor setting.",0ug0jOwjk6A-Scene-0014,5,5,1
/data/home/yuanhaoc/videophy/DPO_Data/deepseek_gemini_filter/no_prompt_extension/Wan1.3B/seed_1/0uybJcDqGMM-Scene-0013.mp4,"The video shows a person's hands folding a red piece of paper in half. The paper is then folded in half again, and the person's hands are shown pressing down on the fold to make it crease. The video is shot from a top-down perspective, and the background is white.",0uybJcDqGMM-Scene-0013,1,3,0
/data/home/yuanhaoc/videophy/DPO_Data/deepseek_gemini_filter/no_prompt_extension/Wan1.3B/seed_1/0xuJa4ID3U4-Scene-0009.mp4,"In the video, a person is seen holding a piece of paper with a drawing of a cat on it. The person is using a pair of scissors to cut out the drawing of the cat. The cat is drawn in a simple, cartoon-like style with minimal details. The person's hands are visible, and they are wearing a ring on their left hand. The scissors are silver and appear to be of a standard size. The paper is white, and the drawing is done in black ink. The background is not visible, so it is unclear where the person is located.",0xuJa4ID3U4-Scene-0009,4,3,0
/data/home/yuanhaoc/videophy/DPO_Data/deepseek_gemini_filter/no_prompt_extension/Wan1.3B/seed_1/0y-KFkNXAXQ-Scene-0054.mp4,"The video shows a man wearing a yellow helmet and goggles, skiing down a snowy mountain. He is smiling and looking at the camera as he moves down the slope. The sky is clear and blue, and the sun is shining brightly. The man is wearing a black jacket and appears to be enjoying the ride. The snow on the mountain is white and appears to be freshly fallen. There are no other skiers visible in the video.",0y-KFkNXAXQ-Scene-0054,0,5,0
/data/home/yuanhaoc/videophy/DPO_Data/deepseek_gemini_filter/no_prompt_extension/Wan1.3B/seed_1/0yR1dA3IAQY-Scene-0014.mp4,"The video shows a baseball game in progress. The pitcher throws the ball, and the batter hits it. The ball is caught by the catcher, and the umpire signals the batter out. The crowd cheers as the game continues.",0yR1dA3IAQY-Scene-0014,1,3,0
/data/home/yuanhaoc/videophy/DPO_Data/deepseek_gemini_filter/no_prompt_extension/Wan1.3B/seed_1/0yzh7uoFEKE-Scene-0033.mp4,"The video shows a close-up of a person's hand as they push down on a row of pink cylindrical objects. The objects appear to be made of plastic and have a ribbed texture. The person's hand is visible in the foreground, and the objects are arranged in a row. The person's finger pushes down on each object in turn, causing them to compress slightly. The background is blurred, but it seems to be an indoor setting with a neutral color.",0yzh7uoFEKE-Scene-0033,5,4,1
/data/home/yuanhaoc/videophy/DPO_Data/deepseek_gemini_filter/no_prompt_extension/Wan1.3B/seed_1/12FsXwiWlho-Scene-0013.mp4,"In the video, a person is seen playing with a dog in a grassy area. The person is holding a stick and the dog is jumping up to grab it with its mouth. The dog appears to be a medium-sized breed with a white coat and black markings on its face. The person is wearing a blue shirt and is only partially visible in the frame. The grass is green and there are trees in the background. The dog seems to be enjoying the game and is energetically jumping up to catch the stick.",12FsXwiWlho-Scene-0013,0,4,0
/data/home/yuanhaoc/videophy/DPO_Data/deepseek_gemini_filter/no_prompt_extension/Wan1.3B/seed_1/12KjBKrmqq8-Scene-0064.mp4,"The video shows a group of children playing soccer in a gymnasium. The children are wearing different colored shirts and shorts, and they are kicking a green soccer ball around the court. The gymnasium has a wooden floor with yellow and black lines marking the playing area. There is a goal at one end of the court, and a banner with the words ""BORDER PATROL"" is visible in the background. The children are actively moving around the court, passing the ball to each other and trying to score a goal.",12KjBKrmqq8-Scene-0064,4,4,1
/data/home/yuanhaoc/videophy/DPO_Data/deepseek_gemini_filter/no_prompt_extension/Wan1.3B/seed_1/13H66ESqXJs-Scene-0015.mp4,"The video shows a group of people rowing in a boat. The boat is moving through the water, and the people are using oars to propel it forward. The people are wearing life jackets and appear to be working together to navigate the boat. The water is calm, and there are no other boats visible in the video. The sky is overcast, and the overall atmosphere is peaceful.",13H66ESqXJs-Scene-0015,0,4,0
/data/home/yuanhaoc/videophy/DPO_Data/deepseek_gemini_filter/no_prompt_extension/Wan1.3B/seed_1/14yMcQ0lrYE-Scene-0145.mp4,"The video shows a group of people riding dirt bikes on a sandy trail. The riders are wearing helmets and protective gear. The trail is surrounded by trees and shrubs, and the riders are moving at a fast pace. The video is shot from an aerial perspective, and the riders are seen taking turns and jumping over small hills. The dirt bikes are kicking up sand as they ride, and the riders are leaning into turns to maintain balance. The video captures the excitement and thrill of off-road biking.",14yMcQ0lrYE-Scene-0145,4,4,1
/data/home/yuanhaoc/videophy/DPO_Data/deepseek_gemini_filter/no_prompt_extension/Wan1.3B/seed_1/19_xWXj9b5s-Scene-0006.mp4,"The video shows a soccer game in progress, with players running around the field. The players are wearing different colored uniforms, with one team in white and the other in blue. The field is green with white lines marking the boundaries and center circle. The players are seen passing the ball to each other, trying to score a goal. The crowd can be heard cheering in the background.",19_xWXj9b5s-Scene-0006,0,3,0
/data/home/yuanhaoc/videophy/DPO_Data/deepseek_gemini_filter/no_prompt_extension/Wan1.3B/seed_1/1AR4Id2Nnuw-Scene-0020.mp4,"The video shows a judo match between two men in a competition. The man in the blue uniform is seen throwing the man in the white uniform to the ground, and then he pins him down. The man in the white uniform tries to escape, but the man in the blue uniform holds him down. The referee then comes over to the men and signals the end of the match. The man in the blue uniform stands up, and the man in the white uniform sits up. The referee then helps the man in the white uniform to his feet.",1AR4Id2Nnuw-Scene-0020,3,3,0
/data/home/yuanhaoc/videophy/DPO_Data/deepseek_gemini_filter/no_prompt_extension/Wan1.3B/seed_1/1BkV-hToxnc-Scene-0006.mp4,"The video shows a person riding a horse in a competition. The horse is seen jumping over obstacles, and the rider is dressed in a competition outfit. The horse is white, and the rider is wearing a black helmet. The video is taken from a distance, and the background shows a crowd of people watching the competition. The horse and rider are in motion throughout the video, and the rider maintains a steady posture while guiding the horse over the jumps.",1BkV-hToxnc-Scene-0006,4,4,1
/data/home/yuanhaoc/videophy/DPO_Data/deepseek_gemini_filter/no_prompt_extension/Wan1.3B/seed_1/1CAzJRlTOJc-Scene-0063.mp4,"The video shows a leopard gecko walking on a rocky surface. The gecko has a yellowish-brown body with dark spots and a long tail. It moves slowly and deliberately, using its limbs to navigate the uneven terrain. The rocks are of various sizes and colors, ranging from light grey to dark brown. There is also a small green plant visible in the background.",1CAzJRlTOJc-Scene-0063,1,5,0
/data/home/yuanhaoc/videophy/DPO_Data/deepseek_gemini_filter/no_prompt_extension/Wan1.3B/seed_1/1EG1Nwbi8D8-Scene-0024.mp4,"The video shows a person's hand holding a toy crossbow. The crossbow is made of plastic and has a red and black color scheme. The person is holding the crossbow with their right hand and pulling back the string with their left hand. The crossbow has a yellow and blue string attached to it. The person's hand is visible in the video, and they are wearing a black shirt. The background is blurred, but it appears to be a wooden surface.",1EG1Nwbi8D8-Scene-0024,4,4,1
/data/home/yuanhaoc/videophy/DPO_Data/deepseek_gemini_filter/no_prompt_extension/Wan1.3B/seed_1/1I-ENxD10fk-Scene-0006.mp4,"In the video, we see a close-up shot of a pot on a stove. The pot is covered with a lid, and steam can be seen coming out from under the lid. The pot appears to be filled with water and some food items that are not clearly visible. The stove is turned on, and the water in the pot is boiling. The video does not show any other objects or people in the frame. The focus is solely on the pot and the boiling water.",1I-ENxD10fk-Scene-0006,1,5,0
/data/home/yuanhaoc/videophy/DPO_Data/deepseek_gemini_filter/no_prompt_extension/Wan1.3B/seed_1/1Jzal-vPHMI-Scene-0203.mp4,"In the video, a man is seen riding a bike in a skate park. He is wearing a red shirt and black pants, and he is performing various tricks on his bike. The skate park has a concrete surface, and there are metal fences and palm trees visible in the background. The man is seen riding up and down ramps, doing jumps, and performing tricks on rails. The video captures the man's movements as he navigates the skate park, showcasing his skills and control over the bike.",1Jzal-vPHMI-Scene-0203,4,3,0
/data/home/yuanhaoc/videophy/DPO_Data/deepseek_gemini_filter/no_prompt_extension/Wan1.3B/seed_1/1L5hrjjt_mg-Scene-0029.mp4,The video shows a woman wearing goggles and a black swimsuit swimming in a pool. She is moving her arms and legs in a swimming motion. The water is blue and there are ripples on the surface. The woman is the only person visible in the video.,1L5hrjjt_mg-Scene-0029,0,4,0
/data/home/yuanhaoc/videophy/DPO_Data/deepseek_gemini_filter/no_prompt_extension/Wan1.3B/seed_1/1L8RrKKDWx8-Scene-0017.mp4,"The video shows a roller coaster with red tracks and yellow seats. The riders are seen screaming and raising their hands in the air as they ride the coaster. The roller coaster is moving at a high speed, and the riders appear to be enjoying the thrill of the ride. The sky is clear, and the coaster is set against a backdrop of a blue sky.",1L8RrKKDWx8-Scene-0017,0,4,0
/data/home/yuanhaoc/videophy/DPO_Data/deepseek_gemini_filter/no_prompt_extension/Wan1.3B/seed_1/1OYvsJNygTc-Scene-0010.mp4,"In the video, a person is seen stirring a pot of chocolate sauce with a wooden spoon. The sauce is dark brown in color and has a glossy texture. The person then adds a white powdery substance to the sauce and continues to stir it. The white substance appears to be sugar. The person stirs the mixture until the sugar is fully incorporated into the chocolate sauce.",1OYvsJNygTc-Scene-0010,4,5,1
/data/home/yuanhaoc/videophy/DPO_Data/deepseek_gemini_filter/no_prompt_extension/Wan1.3B/seed_1/1QykHMOG9Hg-Scene-0007.mp4,"The video shows a soccer match being played on a field. The players are running around and kicking the ball, trying to score a goal. The stadium is filled with spectators, and the players are wearing different colored uniforms. The video is shot from a high angle, showing the entire field and the players' movements.",1QykHMOG9Hg-Scene-0007,0,4,0
/data/home/yuanhaoc/videophy/DPO_Data/deepseek_gemini_filter/no_prompt_extension/Wan1.3B/seed_1/1WKuYOB93TA-Scene-0011.mp4,"The video shows a man riding a bull in a rodeo arena. The man is wearing a helmet and is holding onto a rope tied to the bull. The bull is bucking wildly, trying to throw the man off its back. The man is struggling to stay on the bull as it continues to buck. The rodeo arena is surrounded by a large crowd of spectators who are watching the event. The man eventually falls off the bull and lands on the ground. The bull continues to buck after he falls off. The video captures the intensity and danger of rodeo events.",1WKuYOB93TA-Scene-0011,3,4,0
/data/home/yuanhaoc/videophy/DPO_Data/deepseek_gemini_filter/no_prompt_extension/Wan1.3B/seed_1/1Wybm_5f-aI-Scene-0006.mp4,"The video shows a man surfing on a large wave in the ocean. He is wearing a wetsuit and is riding a surfboard. The wave is quite large and powerful, and the man is seen skillfully maneuvering his surfboard to stay on top of the wave. The water is a deep blue color, and the wave is white and foamy as it breaks. The man appears to be in control and is enjoying the ride.",1Wybm_5f-aI-Scene-0006,4,4,1
/data/home/yuanhaoc/videophy/DPO_Data/deepseek_gemini_filter/no_prompt_extension/Wan1.3B/seed_1/1Y56_KzQ_u0-Scene-0011.mp4,"The video shows a soccer game in progress. The players are wearing red and blue uniforms. The ball is being passed around the field, and the players are moving to get into position. The stadium is filled with spectators, and the field is marked with white lines. The players are actively engaged in the game, and the ball is being controlled by one of the players.",1Y56_KzQ_u0-Scene-0011,0,3,0
/data/home/yuanhaoc/videophy/DPO_Data/deepseek_gemini_filter/no_prompt_extension/Wan1.3B/seed_1/1Ym_YhdKWFg-Scene-0132.mp4,The video shows a person riding a motorcycle on a highway. The rider is wearing a black helmet and a black jacket with a white design on the sleeve. The motorcycle is black with a large black bag on the back. The rider is also wearing black gloves and black shoes. The highway has a concrete barrier on the side and there are cars visible in the background.,1Ym_YhdKWFg-Scene-0132,1,4,0
/data/home/yuanhaoc/videophy/DPO_Data/deepseek_gemini_filter/no_prompt_extension/Wan1.3B/seed_1/1ZMDs-FLQb8-Scene-0284.mp4,"In the video, we see a person's hands working on a circuit board. The person is using a soldering iron to solder wires onto the board. The board is orange and has various components and wires attached to it. The person's hands are steady as they carefully solder the wires in place. The soldering iron is silver and has a black handle. The person is wearing a black shirt, and we can see a glimpse of their face in the reflection of the soldering iron. The background is blurred, but it appears to be a workshop or garage setting.",1ZMDs-FLQb8-Scene-0284,5,4,1
/data/home/yuanhaoc/videophy/DPO_Data/deepseek_gemini_filter/no_prompt_extension/Wan1.3B/seed_1/1dexgjTrqZ8-Scene-0132.mp4,"In the video, a person is seen working on a wooden structure. The individual is using a drill to make holes in the wood. The person is also seen using a measuring tape to measure the structure. The video provides a close-up view of the person's hands and the tools being used. The wooden structure appears to be in the process of being built or repaired. The person's actions are deliberate and precise, indicating that they are experienced in woodworking. The video does not provide any additional context or information about the location or purpose of the wooden structure.",1dexgjTrqZ8-Scene-0132,4,4,1
/data/home/yuanhaoc/videophy/DPO_Data/deepseek_gemini_filter/no_prompt_extension/Wan1.3B/seed_1/1iQz_MpWHM4-Scene-0063.mp4,The video shows a person working on a motor. The person is holding a metal piece and spinning it around the motor. The motor is placed on a green table with a grid pattern. There is a black container with a screw in it next to the motor. The person is wearing a white shirt and has a watch on their left wrist.,1iQz_MpWHM4-Scene-0063,1,4,0
/data/home/yuanhaoc/videophy/DPO_Data/deepseek_gemini_filter/no_prompt_extension/Wan1.3B/seed_1/1jYDb4Oe57k-Scene-0064.mp4,"The video shows a large yacht with a white and blue color scheme. The yacht is moving through the water, creating a wake behind it. The sky is overcast, and the sea appears calm. There are no visible people or other objects in the video. The yacht has multiple levels, including a deck with seating and a control area with a steering wheel and navigation equipment.",1jYDb4Oe57k-Scene-0064,0,5,0
/data/home/yuanhaoc/videophy/DPO_Data/deepseek_gemini_filter/no_prompt_extension/Wan1.3B/seed_1/1mibfrTwSL0-Scene-0087.mp4,"In the video, a man is seen holding a large, colorful slime in his hands. The slime is made up of various colors, including yellow, green, and red. The man is wearing a blue shirt and is standing in a kitchen. He is stretching the slime, making it elongate and then pulling it back to its original shape. The slime appears to be very stretchy and malleable. The man seems to be enjoying himself as he plays with the slime.",1mibfrTwSL0-Scene-0087,4,3,0
/data/home/yuanhaoc/videophy/DPO_Data/deepseek_gemini_filter/no_prompt_extension/Wan1.3B/seed_1/1mssdc7F6PQ-Scene-0008.mp4,"In the video, a person is seen folding a piece of paper in half. The paper appears to be a standard letter-sized sheet with printed text on it. The person's hands are visible, and they are wearing a blue shirt. The background is a dark brown surface, possibly a table or desk. The person folds the paper neatly, making sure that the edges align properly. The video is shot from a top-down perspective, so the viewer can clearly see the folding process.",1mssdc7F6PQ-Scene-0008,1,4,0
/data/home/yuanhaoc/videophy/DPO_Data/deepseek_gemini_filter/no_prompt_extension/Wan1.3B/seed_1/1o1bFUC1V7I-Scene-0024.mp4,"The video shows a baseball player running towards a base and sliding into it. The player is wearing a white uniform with a blue cap. The base is made of white rubber and is located on a brown dirt field. The player's slide is successful, and he touches the base before the ball is thrown to the baseman. The baseman, wearing a gray uniform, is seen trying to catch the ball and tag the player out. The video is shot from a distance, showing the entire field and the stands filled with spectators.",1o1bFUC1V7I-Scene-0024,3,3,0
/data/home/yuanhaoc/videophy/DPO_Data/deepseek_gemini_filter/no_prompt_extension/Wan1.3B/seed_1/1pp2jmouFAs-Scene-0055.mp4,"The video shows a roller coaster ride with people sitting in the seats. The roller coaster is moving up a hill, and the people are wearing orange life jackets. The roller coaster is made of metal and has a track that goes up and down. The people on the roller coaster are screaming and laughing as they go up and down the hills. The video is taken from the side of the roller coaster, and you can see the trees and sky in the background.",1pp2jmouFAs-Scene-0055,5,5,1
/data/home/yuanhaoc/videophy/DPO_Data/deepseek_gemini_filter/no_prompt_extension/Wan1.3B/seed_1/1scblfy5guE-Scene-0036.mp4,"In the video, a young child is seen playing with a toy train set. The child is placing a train on a blue track and then pushing it along the track. The train is silver in color and appears to be a model of a passenger train. The child seems to be enjoying the activity, as they are focused on the task at hand. The setting appears to be indoors, with a white wall in the background. There are no other objects or people visible in the video.",1scblfy5guE-Scene-0036,0,4,0
/data/home/yuanhaoc/videophy/DPO_Data/deepseek_gemini_filter/no_prompt_extension/Wan1.3B/seed_1/1x486E8mCDc-Scene-0053.mp4,"The video shows a shirtless man with tattoos on his arms and chest doing pull-ups on a bar. He is in a gym with blue walls and a white ceiling. The man is wearing black shorts and has a muscular build. He is using an overhand grip on the bar and pulling himself up with his arms fully extended. The video is shot from a side angle, showing the man's profile as he performs the exercise.",1x486E8mCDc-Scene-0053,4,4,1
/data/home/yuanhaoc/videophy/DPO_Data/deepseek_gemini_filter/no_prompt_extension/Wan1.3B/seed_1/1yNLa_k0os0-Scene-0237.mp4,"The video shows a person's hand moving through the water in a pool. The hand is moving in a circular motion, creating ripples and bubbles in the water. The pool tiles are visible under the water, and the lighting is dim. The person's hand is the main focus of the video, and there is no other visible activity or objects in the pool.",1yNLa_k0os0-Scene-0237,0,4,0
/data/home/yuanhaoc/videophy/DPO_Data/deepseek_gemini_filter/no_prompt_extension/Wan1.3B/seed_1/1zMHBF4Ybi4-Scene-0077.mp4,"In the video, we see a person sitting in a yellow kayak on a body of water. The person is holding a fishing rod and reel, and we can see the water splashing as a fish bites onto the bait. The person then reels in the fish, which is not visible in the video. The water is a clear green color, and the sky is blue. The person appears to be alone in the kayak, and there are no other objects or people visible in the video.",1zMHBF4Ybi4-Scene-0077,5,3,0
/data/home/yuanhaoc/videophy/DPO_Data/deepseek_gemini_filter/no_prompt_extension/Wan1.3B/seed_1/21s8W5bBJQc-Scene-0007.mp4,The video shows a person's hands working on a small blue device with wires. The person is using a tool to twist the wires together and then attaches a small piece of metal to the device. The person's hands are steady and precise as they work on the device.,21s8W5bBJQc-Scene-0007,1,4,0
/data/home/yuanhaoc/videophy/DPO_Data/deepseek_gemini_filter/no_prompt_extension/Wan1.3B/seed_1/24kX-1rPuQw-Scene-0040.mp4,"The video shows a woman riding a horse in a sandy area. She is wearing a helmet and a blue jacket. The horse is brown and is jumping over obstacles. The obstacles are made of poles and are placed at different heights. The woman and the horse are moving around the area, jumping over the obstacles. The background shows trees and a white trailer.",24kX-1rPuQw-Scene-0040,1,4,0
/data/home/yuanhaoc/videophy/DPO_Data/deepseek_gemini_filter/no_prompt_extension/Wan1.3B/seed_1/297_HFIu9fo-Scene-0031.mp4,"The video shows a volleyball game in progress. The players are wearing red and blue uniforms. The game is being played on a court with a net in the middle. The players are seen jumping, diving, and hitting the ball over the net. The crowd is visible in the background, cheering and watching the game. The players are focused and determined, with some diving to keep the ball in play. The video captures the intensity and excitement of the game.",297_HFIu9fo-Scene-0031,4,3,0
/data/home/yuanhaoc/videophy/DPO_Data/deepseek_gemini_filter/no_prompt_extension/Wan1.3B/seed_1/2FYJ6MPkC-U-Scene-0075.mp4,"The video shows a white rally car with red and black stripes driving on a dirt road. The car is kicking up a large cloud of dust behind it as it speeds down the road. The surrounding landscape is rocky and barren, with sparse vegetation. The car appears to be in motion, and the dust cloud indicates that it is moving at a high speed. The video captures the intensity and excitement of rally car racing.",2FYJ6MPkC-U-Scene-0075,0,4,0
/data/home/yuanhaoc/videophy/DPO_Data/deepseek_gemini_filter/no_prompt_extension/Wan1.3B/seed_1/2Fr0nHUeWgI-Scene-0012.mp4,"The video shows a man performing a motorcycle stunt in front of a crowd. The man is wearing a green and black outfit and is riding a green and black motorcycle. He is performing a wheelie, which is a stunt where the front wheel of the motorcycle is lifted off the ground and the bike is balanced on the rear wheel. The crowd is watching from behind a fence, and there are white tents in the background.",2Fr0nHUeWgI-Scene-0012,4,3,0
/data/home/yuanhaoc/videophy/DPO_Data/deepseek_gemini_filter/no_prompt_extension/Wan1.3B/seed_1/2ICnvF1_h-A-Scene-0035.mp4,"The video shows a person's hand holding a green plant cutting and submerging it into a jar of water. The jar is placed on a brown towel, and there is another jar with a similar plant cutting in it next to the first jar. The water in the jars is clear, and the plant cuttings are green with visible roots. The person's hand is visible as they hold the cutting and then place it into the water.",2ICnvF1_h-A-Scene-0035,1,5,0
/data/home/yuanhaoc/videophy/DPO_Data/deepseek_gemini_filter/no_prompt_extension/Wan1.3B/seed_1/2L_sshzKU08-Scene-0115.mp4,"In the video, a person is seen placing green olives into a pot of boiling water. The person's hand is visible as they carefully drop the olives into the pot, which is placed on a stove. The water in the pot is bubbling, indicating that it is boiling. The person continues to add more olives to the pot until it is filled with them. The video is shot in a kitchen setting, and the focus is on the pot and the person's hand.",2L_sshzKU08-Scene-0115,5,4,1
/data/home/yuanhaoc/videophy/DPO_Data/deepseek_gemini_filter/no_prompt_extension/Wan1.3B/seed_1/2NpCRRS1nHs-Scene-0009.mp4,"The video shows a silver car with red and black stripes on its side, driving on a snowy road. The car is drifting around a corner, and there are trees on both sides of the road. The car is moving at a high speed, and the snow is flying up behind it.",2NpCRRS1nHs-Scene-0009,1,4,0
/data/home/yuanhaoc/videophy/DPO_Data/deepseek_gemini_filter/no_prompt_extension/Wan1.3B/seed_1/2POkQVmqhEE-Scene-0012.mp4,"In the video, a man is seen holding a drill in his hands. He is wearing a black shirt and a watch on his left wrist. The drill is black and yellow in color. The man is using the drill to screw a screw into a piece of wood. The screw is silver and has a pointed end. The wood is light brown and appears to be a piece of plywood. The man is standing in front of a green wall.",2POkQVmqhEE-Scene-0012,4,4,1
/data/home/yuanhaoc/videophy/DPO_Data/deepseek_gemini_filter/no_prompt_extension/Wan1.3B/seed_1/2UMomnMGVxE-Scene-0013.mp4,"The video shows two soccer players on a field. One player is wearing a white jersey with the number 22 on it, and the other player is wearing a red and white striped jersey. The player in the white jersey is dribbling the ball and trying to get past the player in the red and white striped jersey. The player in the red and white striped jersey is attempting to block the ball. The player in the white jersey eventually kicks the ball, and the player in the red and white striped jersey falls to the ground. The video is shot from a side angle, and the background is a green soccer field.",2UMomnMGVxE-Scene-0013,0,4,0
/data/home/yuanhaoc/videophy/DPO_Data/deepseek_gemini_filter/no_prompt_extension/Wan1.3B/seed_1/2Ws59s7FUDg-Scene-0024.mp4,"The video shows a blender in action, blending a mixture of ingredients. The blender is filled with a white liquid, possibly milk or a milk substitute, and chunks of banana. The blender is turned on, and the contents are mixed together, creating a smooth and creamy mixture. The blender's blades are visible, and they move rapidly, causing the ingredients to blend together. The video is shot from a close-up angle, focusing on the blender and its contents. The lighting is bright, and the colors are vibrant, with the white of the liquid contrasting against the yellow of the banana. The video is shot in a kitchen setting, and the sound of the blender can be heard in the background.",2Ws59s7FUDg-Scene-0024,5,4,1
/data/home/yuanhaoc/videophy/DPO_Data/deepseek_gemini_filter/no_prompt_extension/Wan1.3B/seed_1/2Z-jhvPnh6E-Scene-0032.mp4,"The video shows a person preparing dough for baking. The person is seen rolling out the dough on a wooden board. The dough is then folded in half and rolled out again. The person then places the dough on the board and begins to flatten it out. The person's hands are visible as they work with the dough, and the wooden board provides a stable surface for the dough preparation. The video focuses on the process of preparing the dough, highlighting the technique and care taken in the preparation.",2Z-jhvPnh6E-Scene-0032,4,4,1
/data/home/yuanhaoc/videophy/DPO_Data/deepseek_gemini_filter/no_prompt_extension/Wan1.3B/seed_1/2Z3QQLoEdic-Scene-0019.mp4,The video shows a person's hand using a yellow marker to draw on a piece of paper. The hand has pink nail polish and is holding the marker with a brown grip. The paper has a colorful background with orange and pink scribbles. The person is drawing a yellow outline that resembles a cloud.,2Z3QQLoEdic-Scene-0019,0,4,0
/data/home/yuanhaoc/videophy/DPO_Data/deepseek_gemini_filter/no_prompt_extension/Wan1.3B/seed_1/2ZJ6ugtdt4k-Scene-0066.mp4,"In the video, a person is seen holding a plastic bag filled with water and fish. The person is standing over a blue container, which is placed on the ground. The person then proceeds to pour the water and fish from the plastic bag into the blue container. The fish are small and appear to be of various colors. The person's hands are visible, and they are wearing a dark-colored shirt. The background is not clearly visible due to the lighting conditions.",2ZJ6ugtdt4k-Scene-0066,1,4,0
/data/home/yuanhaoc/videophy/DPO_Data/deepseek_gemini_filter/no_prompt_extension/Wan1.3B/seed_1/2ZtYiIt9Siw-Scene-0050.mp4,"In the video, a person is seen using a table saw to cut a piece of wood. The person's hand is visible in the frame, guiding the wood through the saw. The table saw is yellow and black in color, and the wood being cut is light brown with darker brown lines running through it. The person's hand is steady as they guide the wood through the saw, and the blade of the saw is spinning rapidly, creating a loud noise. The background is not visible, but the focus is on the action of cutting the wood.",2ZtYiIt9Siw-Scene-0050,4,3,0
/data/home/yuanhaoc/videophy/DPO_Data/deepseek_gemini_filter/no_prompt_extension/Wan1.3B/seed_1/2_LJr1cgwW8-Scene-0014.mp4,"The video shows a baseball game in progress. The camera is focused on the catcher who is standing behind home plate, wearing a white uniform with the number 35 on the back. The catcher is holding a baseball glove and is ready to catch the ball. The pitcher throws the ball towards the catcher, and the catcher catches it. The catcher then throws the ball back to the pitcher. The video is shot from an elevated angle, providing a clear view of the catcher's actions.",2_LJr1cgwW8-Scene-0014,3,4,0
/data/home/yuanhaoc/videophy/DPO_Data/deepseek_gemini_filter/no_prompt_extension/Wan1.3B/seed_1/2ayjtB_l4Ok-Scene-0046.mp4,"The video shows a person fishing on a boat. The person is holding a fishing rod and reel, and is seen casting the line into the water. The person then reels in the line, and the video ends.",2ayjtB_l4Ok-Scene-0046,1,4,0
/data/home/yuanhaoc/videophy/DPO_Data/deepseek_gemini_filter/no_prompt_extension/Wan1.3B/seed_1/2m2ZgUDba4c-Scene-0023.mp4,"In the video, a young child is seen riding a red and black balance bike down a paved path. The child is wearing a pink helmet and a green shirt with a red number 3 on it. The bike has black wheels and a black seat. The child is holding onto the handlebars and pedaling along the path. In the background, there are trees and parked cars. Another child in a green shirt is standing on the side of the path, watching the first child ride the bike. The video captures the child's progress as they ride the bike down the path.",2m2ZgUDba4c-Scene-0023,4,4,1
/data/home/yuanhaoc/videophy/DPO_Data/deepseek_gemini_filter/no_prompt_extension/Wan1.3B/seed_1/2nERc_53wLE-Scene-0036.mp4,"The video shows a group of people racing in go-karts on a track. The go-karts are small, open-wheeled vehicles that are designed for racing. The drivers are wearing helmets and racing suits for safety. The track is made of asphalt and has various curves and turns. The drivers are competing against each other, trying to be the first to cross the finish line. The video captures the excitement and intensity of the race, with the go-karts speeding around the track and the drivers skillfully maneuvering their vehicles.",2nERc_53wLE-Scene-0036,0,5,0
/data/home/yuanhaoc/videophy/DPO_Data/deepseek_gemini_filter/no_prompt_extension/Wan1.3B/seed_1/2spUn1YK6Vo-Scene-0033.mp4,"The video shows a pot of boiling water on a stove. The water is bubbling and steaming, indicating that it is being heated. The pot appears to be made of metal and has a black handle. The stove has a red heating element, and there are two metal containers on the stove next to the pot. The background is a kitchen counter with various items on it.",2spUn1YK6Vo-Scene-0033,1,5,0
/data/home/yuanhaoc/videophy/DPO_Data/deepseek_gemini_filter/no_prompt_extension/Wan1.3B/seed_1/2yFGbBsQYJU-Scene-0025.mp4,"In the video, a person is seen holding a small piece of tinder in their hands. The person is using a tool to shave off pieces of the tinder, which is a technique used to create a fine, fluffy surface that is ideal for starting a fire. The person's hands are visible, and they are wearing a black glove on one hand. The background shows a pile of sticks and grass, suggesting that the person is outdoors and possibly in a wilderness setting. The video is shot in close-up, focusing on the person's hands and the tinder, and there is no audio.",2yFGbBsQYJU-Scene-0025,4,4,1
/data/home/yuanhaoc/videophy/DPO_Data/deepseek_gemini_filter/no_prompt_extension/Wan1.3B/seed_1/2yWBSiKwcM4-Scene-0031.mp4,"The video shows a boxing match in progress. Two men are in the ring, one wearing black shorts and the other wearing white shorts. The man in black shorts is seen throwing a punch at the man in white shorts, who is defending himself. The crowd can be heard cheering in the background. The video is in black and white, and the boxers are moving around the ring, exchanging punches.",2yWBSiKwcM4-Scene-0031,0,4,0
/data/home/yuanhaoc/videophy/DPO_Data/deepseek_gemini_filter/no_prompt_extension/Wan1.3B/seed_1/2zQGQwY_bpA-Scene-0013.mp4,"In the video, a person is seen holding a small wooden tool in their hands. The tool has a brass-colored knob on top and a small hole in the middle. The person is using the tool to adjust the position of a wooden ruler. They place the tool on the ruler and turn the knob, which seems to move the ruler's position. The person's hands are steady, and they appear to be experienced in using the tool. The background is blurred, but it seems to be a workshop or a crafting area.",2zQGQwY_bpA-Scene-0013,4,4,1
/data/home/yuanhaoc/videophy/DPO_Data/deepseek_gemini_filter/no_prompt_extension/Wan1.3B/seed_1/3-BrMDTK6nA-Scene-0005.mp4,The video shows a red roller coaster with people on it. The roller coaster is moving along a track and going up and down. The people on the roller coaster are wearing different colored clothes. The roller coaster is surrounded by trees and there is a wooden structure in the background.,3-BrMDTK6nA-Scene-0005,1,4,0
/data/home/yuanhaoc/videophy/DPO_Data/deepseek_gemini_filter/no_prompt_extension/Wan1.3B/seed_1/35PxWkHDuik-Scene-0009.mp4,"In the video, a person is seen kneading a piece of dough on a countertop. The dough is white and appears to be soft and pliable. The person's hands are visible as they press and fold the dough, working it into a smooth, rounded shape. The countertop is a light color, and there is a blurred background that suggests the setting may be a kitchen. The person's movements are deliberate and focused, indicating that they are skilled in the process of kneading dough.",35PxWkHDuik-Scene-0009,5,5,1
/data/home/yuanhaoc/videophy/DPO_Data/deepseek_gemini_filter/no_prompt_extension/Wan1.3B/seed_1/35gYRTqQBt4-Scene-0041.mp4,"In the video, we see two men working on a construction site. The man in the foreground is wearing a blue shirt and is holding onto a rope. He is using the rope to pull up a large wooden beam from a hole in the ground. The man in the background is wearing a gray shirt and is holding onto the beam to assist in the lifting process. The construction site appears to be in an outdoor area with a corrugated metal fence in the background. The men are working together to lift the beam, demonstrating teamwork and physical strength.",35gYRTqQBt4-Scene-0041,4,3,0
/data/home/yuanhaoc/videophy/DPO_Data/deepseek_gemini_filter/no_prompt_extension/Wan1.3B/seed_1/35pNt50vS5E-Scene-0041.mp4,"In the video, a man is seen sitting in a room with a window in the background. He is wearing a grey beanie and a black hoodie. The man is holding a deck of cards in his hands and appears to be shuffling them. He then proceeds to throw the cards up in the air and catches them. The man seems to be enjoying himself as he smiles and talks to the camera. The room is well-lit and the man's actions are clear and visible.",35pNt50vS5E-Scene-0041,1,3,0
/data/home/yuanhaoc/videophy/DPO_Data/deepseek_gemini_filter/no_prompt_extension/Wan1.3B/seed_1/361kODUmqXM-Scene-0014.mp4,"In the video, a woman is seen standing outside a store with a dog on a leash. The dog is sitting on the ground and the woman is holding the leash. The woman then gives a command and the dog gets up and walks over to her. She then proceeds to walk the dog on the leash. The store has a glass door and there are several cars parked outside. The woman is wearing a white shirt and black pants. The dog is a medium-sized, light-colored breed.",361kODUmqXM-Scene-0014,4,4,1
/data/home/yuanhaoc/videophy/DPO_Data/deepseek_gemini_filter/no_prompt_extension/Wan1.3B/seed_1/38BHSp-E2Ak-Scene-0023.mp4,"In the video, a person is seen turning on a faucet, which is connected to a sink. The faucet is black in color and has a red handle. The water starts to flow from the faucet, and the person adjusts the flow by turning the handle. The sink appears to be white, and there is a blue object visible in the background. The water flow is steady, and the sound of the water can be heard in the background.",38BHSp-E2Ak-Scene-0023,1,4,0
/data/home/yuanhaoc/videophy/DPO_Data/deepseek_gemini_filter/no_prompt_extension/Wan1.3B/seed_1/3B1kjxO0sxM-Scene-0129.mp4,"In the video, a person is seen using a grinder to cut a piece of metal. The person is wearing gloves and is holding the grinder with both hands. The grinder is being moved back and forth along the edge of the metal, creating sparks as it cuts through the material. The background is blurred, but it appears to be a workshop or garage setting. The focus of the video is on the cutting process, and the person's hands and the grinder are the main subjects.",3B1kjxO0sxM-Scene-0129,4,4,1
/data/home/yuanhaoc/videophy/DPO_Data/deepseek_gemini_filter/no_prompt_extension/Wan1.3B/seed_1/3BkUxdXseks-Scene-0098.mp4,"The video shows a young girl skiing down a snowy slope. She is wearing a pink helmet and goggles and is holding ski poles. The sky is clear and blue, and there are trees and ski lifts visible in the background. The girl is smiling and appears to be enjoying herself as she skis down the slope.",3BkUxdXseks-Scene-0098,0,4,0
/data/home/yuanhaoc/videophy/DPO_Data/deepseek_gemini_filter/no_prompt_extension/Wan1.3B/seed_1/3C9Oh4KCqvg-Scene-0034.mp4,"In the video, a person is seen stirring a pot of soup with a spoon. The soup appears to be a rich, orange-colored broth with chunks of vegetables and possibly meat. The person's hand is visible, and they are wearing a bracelet. The spoon is silver and is used to stir the soup in a circular motion. The pot is placed on a stove, and the background is blurred, but it seems to be a kitchen setting. The soup is bubbling slightly, indicating that it is being cooked on heat.",3C9Oh4KCqvg-Scene-0034,5,5,1
/data/home/yuanhaoc/videophy/DPO_Data/deepseek_gemini_filter/no_prompt_extension/Wan1.3B/seed_1/3FgLPyEtUCA-Scene-0037.mp4,"The video shows a baseball game in progress. A player is seen running towards a base and sliding into it. The player is wearing a blue uniform with red and white accents, and the base is white with red accents. The player's slide is successful, and he is safe at the base. The umpire, dressed in black, is seen signaling the safe call. The field is green with brown dirt, and the stands are filled with spectators. The video is shot from a distance, capturing the entire scene of the play.",3FgLPyEtUCA-Scene-0037,1,3,0
/data/home/yuanhaoc/videophy/DPO_Data/deepseek_gemini_filter/no_prompt_extension/Wan1.3B/seed_1/3MzglHgp7d4-Scene-0062.mp4,"The video shows a young boy snowboarding down a slope. He is wearing a black jacket, gray pants, and a black helmet. The boy is seen performing various tricks and jumps on his snowboard. The slope is covered in snow, and there are other people in the background also snowboarding. The boy appears to be having fun and enjoying the activity.",3MzglHgp7d4-Scene-0062,0,4,0
/data/home/yuanhaoc/videophy/DPO_Data/deepseek_gemini_filter/no_prompt_extension/Wan1.3B/seed_1/3Nog3gy0GFE-Scene-0026.mp4,"The video features a large military aircraft, possibly a bomber, taking off from a runway. The aircraft is painted in a dark color, with a white stripe running along the side of the fuselage. It has four engines, two on each wing, and the landing gear is extended. As the aircraft lifts off the ground, it leaves a trail of smoke behind it. The sky is partly cloudy, and there is a green field visible in the foreground.",3Nog3gy0GFE-Scene-0026,4,4,1
/data/home/yuanhaoc/videophy/DPO_Data/deepseek_gemini_filter/no_prompt_extension/Wan1.3B/seed_1/3RmTTVKFqEQ-Scene-0083.mp4,"The video shows a sugar glider in a cage. The sugar glider is seen climbing the bars of the cage, and then it jumps down to the bottom of the cage. The sugar glider then climbs back up to the top of the cage. The video is shot in a close-up view, and the sugar glider is the only animal visible in the video. The cage is made of black metal bars, and the sugar glider has a light brown and white fur coat.",3RmTTVKFqEQ-Scene-0083,4,5,1
/data/home/yuanhaoc/videophy/DPO_Data/deepseek_gemini_filter/no_prompt_extension/Wan1.3B/seed_1/3U4qZn3BtK8-Scene-0007.mp4,"The video shows a close-up of a car's steering wheel and ignition. A person's hand is seen holding a key and inserting it into the ignition. The key is turned, and the car starts. The video captures the action of starting the car from the driver's perspective.",3U4qZn3BtK8-Scene-0007,1,4,0
/data/home/yuanhaoc/videophy/DPO_Data/deepseek_gemini_filter/no_prompt_extension/Wan1.3B/seed_1/3VyoiHlgsaQ-Scene-0151.mp4,"The video shows a man riding a red surfboard in a wave pool. He is wearing red swim trunks and is seen lying on his stomach on the surfboard. The man is riding the waves, and at one point, he flips over and falls into the water. The wave pool has blue walls, and the water is a light blue color.",3VyoiHlgsaQ-Scene-0151,0,4,0
/data/home/yuanhaoc/videophy/DPO_Data/deepseek_gemini_filter/no_prompt_extension/Wan1.3B/seed_1/3XyhjcbCqwI-Scene-0048.mp4,"In the video, a person is seen working on a piece of machinery. The person is using a tool to remove a part from the machinery. The machinery appears to be made of metal and has several holes and grooves. The person's hands are visible as they manipulate the tool and the machinery. The background is blurred, but it appears to be a workshop or garage setting. The person's actions are deliberate and precise, indicating that they are experienced with this type of work.",3XyhjcbCqwI-Scene-0048,4,4,1
/data/home/yuanhaoc/videophy/DPO_Data/deepseek_gemini_filter/no_prompt_extension/Wan1.3B/seed_1/3YddcgaRR3g-Scene-0014.mp4,"The video shows a soccer game being played on a field. The players are wearing blue and orange uniforms. The ball is being passed around the field, and the players are running and kicking it. The game is being played in a stadium with a green field and white lines. The players are moving quickly, and the ball is being chased by the players in orange uniforms. The video ends with a player in an orange uniform scoring a goal.",3YddcgaRR3g-Scene-0014,1,3,0
/data/home/yuanhaoc/videophy/DPO_Data/deepseek_gemini_filter/no_prompt_extension/Wan1.3B/seed_1/3bc0xObTacA-Scene-0011.mp4,"In the video, a large commercial airplane is seen landing on a runway. The plane is white with blue and gold accents and has the word ""UNITED"" written on the side. The landing gear is extended and the plane is moving at a slow speed as it touches down on the runway. The background shows a green landscape with trees and hills. The video is taken from a distance, and the plane is the main focus of the frame.",3bc0xObTacA-Scene-0011,4,5,1
/data/home/yuanhaoc/videophy/DPO_Data/deepseek_gemini_filter/no_prompt_extension/Wan1.3B/seed_1/3hRy5kA0S_M-Scene-0071.mp4,"The video shows a hockey player in a blue and yellow uniform skating on the ice towards the goal. The player is holding a hockey stick and is wearing a helmet. The goalkeeper, dressed in white and blue, is standing in front of the goal, ready to defend. The player shoots the puck towards the goal, and the goalkeeper blocks it with his stick. The crowd in the stands is visible in the background, and the ice rink is surrounded by boards with advertisements.",3hRy5kA0S_M-Scene-0071,3,4,0
/data/home/yuanhaoc/videophy/DPO_Data/deepseek_gemini_filter/no_prompt_extension/Wan1.3B/seed_1/3iC2Fx4BucE-Scene-0010.mp4,The video shows a football game being played on a field with players in uniforms. The quarterback throws the ball to a receiver who catches it and runs into the end zone for a touchdown. The crowd in the stands is visible in the background.,3iC2Fx4BucE-Scene-0010,0,3,0
/data/home/yuanhaoc/videophy/DPO_Data/deepseek_gemini_filter/no_prompt_extension/Wan1.3B/seed_1/3mQrrlkAXSg-Scene-0062.mp4,"In the video, a person is seen sitting at a table with a computer motherboard in front of them. The person is holding a small black component in their hands and appears to be examining it closely. They then proceed to place the component onto the motherboard. The person's actions suggest that they are either repairing or assembling the motherboard. The video does not provide any additional context or information about the person or the location.",3mQrrlkAXSg-Scene-0062,1,4,0
/data/home/yuanhaoc/videophy/DPO_Data/deepseek_gemini_filter/no_prompt_extension/Wan1.3B/seed_1/3rNBGMLXaKQ-Scene-0015.mp4,"In this video, a person is seen holding a piece of yarn in their hands. They begin to wrap the yarn around their fingers, creating a small loop. They continue to wrap the yarn around their fingers, gradually forming a small circle. The person then pulls the yarn through the loop, creating a small knot. They repeat this process several times, creating a small, knotted piece of yarn. The person then holds up the finished product, a small, knotted piece of yarn. The video provides a clear and detailed demonstration of how to create a small knot using yarn.",3rNBGMLXaKQ-Scene-0015,4,4,1
/data/home/yuanhaoc/videophy/DPO_Data/deepseek_gemini_filter/no_prompt_extension/Wan1.3B/seed_1/3xoraXuNY9M-Scene-0181.mp4,The video shows a blue water slide with a girl at the top. She slides down and lands in the water.,3xoraXuNY9M-Scene-0181,1,3,0
/data/home/yuanhaoc/videophy/DPO_Data/deepseek_gemini_filter/no_prompt_extension/Wan1.3B/seed_1/3zHEZ5UBhwU-Scene-0025.mp4,"The video shows a rocket launching into the sky. The rocket is surrounded by smoke and fire as it ascends. The sky is cloudy, and the rocket is the main focus of the video.",3zHEZ5UBhwU-Scene-0025,5,5,1
/data/home/yuanhaoc/videophy/DPO_Data/deepseek_gemini_filter/no_prompt_extension/Wan1.3B/seed_1/3zIkfDOg-jk-Scene-0063.mp4,"This video shows a baseball game in progress. The pitcher, wearing a red and white uniform, is seen throwing the ball towards the batter who is wearing a grey uniform. The catcher, also in a red and white uniform, is positioned behind the batter. The batter swings and hits the ball, which is then caught by the catcher. The crowd in the background is cheering and clapping.",3zIkfDOg-jk-Scene-0063,0,4,0
/data/home/yuanhaoc/videophy/DPO_Data/deepseek_gemini_filter/no_prompt_extension/Wan1.3B/seed_1/3zTcRlzmlw8-Scene-0026.mp4,"In the video, a person is seen holding a coin between their fingers. The coin is then flipped and caught between the person's fingers. The person repeats this action several times, flipping the coin and catching it each time. The background is not clearly visible, but it appears to be an outdoor setting. The person's hands are the main focus of the video, and the coin is silver in color. The person's movements are smooth and precise as they flip and catch the coin.",3zTcRlzmlw8-Scene-0026,3,3,0
/data/home/yuanhaoc/videophy/DPO_Data/deepseek_gemini_filter/no_prompt_extension/Wan1.3B/seed_1/45S8AL4qa58-Scene-0005.mp4,"The video shows a tennis player on a clay court, hitting a tennis ball with his racket. The player is wearing a white shirt and blue shorts. The court is surrounded by advertisements and there are spectators in the stands. The player hits the ball several times, moving around the court.",45S8AL4qa58-Scene-0005,1,3,0
/data/home/yuanhaoc/videophy/DPO_Data/deepseek_gemini_filter/no_prompt_extension/Wan1.3B/seed_1/45YuS5yPtWc-Scene-0010.mp4,"In the video, a person wearing purple gloves is seen holding a bicycle chain. The person is using a tool to remove a link from the chain. The tool is inserted into the chain link and twisted to loosen it. The person then pulls the link out of the chain, demonstrating how to remove a link from a bicycle chain.",45YuS5yPtWc-Scene-0010,3,4,0
/data/home/yuanhaoc/videophy/DPO_Data/deepseek_gemini_filter/no_prompt_extension/Wan1.3B/seed_1/45sbDsdwfBc-Scene-0013.mp4,"The video shows a man wearing a blue baseball jersey with the name ""ROBERTS"" and the number ""30"" on the back. He is standing in front of a chain-link fence, and there are people in the background. The man is holding a baseball bat and appears to be practicing his swing. He takes a few practice swings before hitting a ball that is thrown to him. The video is shot from a side angle, and the focus is on the man and his swing.",45sbDsdwfBc-Scene-0013,1,4,0
/data/home/yuanhaoc/videophy/DPO_Data/deepseek_gemini_filter/no_prompt_extension/Wan1.3B/seed_1/4A92OBuGrkg-Scene-0005.mp4,"In the video, a person is seen stirring a pot of boiling liquid. The liquid appears to be a dark brown color and is bubbling vigorously. The person uses a spoon to stir the liquid, and their hand is visible in the frame. The pot seems to be placed on a stove or heat source, and the background is not clearly visible due to the close-up shot of the pot. The person's actions are deliberate and careful, indicating that they are likely experienced in cooking or stirring such liquids. The video does not provide any additional context or information about the person or the location.",4A92OBuGrkg-Scene-0005,5,5,1
/data/home/yuanhaoc/videophy/DPO_Data/deepseek_gemini_filter/no_prompt_extension/Wan1.3B/seed_1/4AiGSSKQpUo-Scene-0009.mp4,"The video shows a close-up of a pot on a stove. The pot contains a yellowish liquid and several pieces of food that are being stirred with a spoon. The spoon is used to move the food around, ensuring that it is cooked evenly. The liquid in the pot appears to be bubbling, indicating that it is being heated. The food pieces are irregularly shaped and vary in size. The spoon used to stir the pot is made of metal and has a long handle. The stove under the pot is not visible, but it can be assumed that it is on and providing heat to the pot.",4AiGSSKQpUo-Scene-0009,5,5,1
/data/home/yuanhaoc/videophy/DPO_Data/deepseek_gemini_filter/no_prompt_extension/Wan1.3B/seed_1/4BFxE04fMWI-Scene-0012.mp4,"The video shows a football game in progress. The players are lined up on the field, and the quarterback throws the ball to a receiver who catches it and runs into the end zone for a touchdown. The players are wearing helmets and pads, and the field is marked with white lines and numbers indicating yardage. The crowd can be heard cheering in the background.",4BFxE04fMWI-Scene-0012,0,4,0
/data/home/yuanhaoc/videophy/DPO_Data/deepseek_gemini_filter/no_prompt_extension/Wan1.3B/seed_1/4E61u6QEl4s-Scene-0007.mp4,"The video features a person's hands holding a folding knife and demonstrating how to open and close it. The knife has a black handle and a silver blade. The person opens the knife by flipping the blade out and then closes it by flipping the blade back into the handle. The background is a solid green color, and there is a red box with the word ""Kershaw"" on it visible in the background.",4E61u6QEl4s-Scene-0007,1,4,0
/data/home/yuanhaoc/videophy/DPO_Data/deepseek_gemini_filter/no_prompt_extension/Wan1.3B/seed_1/4J6HJ8XwbJs-Scene-0011.mp4,"The video shows a large shark swimming in the ocean. The shark is grey in color and has sharp teeth. It is surrounded by small fish that are swimming around it. The shark then opens its mouth and bites onto a green object that is attached to a rope. The shark's mouth is full of sharp teeth and it appears to be struggling to bite the object. The water is clear and blue, and the light from above is shining through.",4J6HJ8XwbJs-Scene-0011,4,4,1
/data/home/yuanhaoc/videophy/DPO_Data/deepseek_gemini_filter/no_prompt_extension/Wan1.3B/seed_1/4L-RhiGPOCk-Scene-0011.mp4,"The video shows a close-up of a piece of meat being cut with a knife. The meat appears to be well-cooked and has a shiny, glazed surface. The knife is held by a person whose hands are visible in the frame. The background is blurred, but it seems to be a kitchen or dining area. The meat is cut into thin slices, and the knife moves smoothly through it, indicating its tenderness.",4L-RhiGPOCk-Scene-0011,3,4,0
/data/home/yuanhaoc/videophy/DPO_Data/deepseek_gemini_filter/no_prompt_extension/Wan1.3B/seed_1/4LPuKLWOZMc-Scene-0006.mp4,"The video shows a close-up of a pot on a stove with a white liquid inside. The liquid is bubbling and boiling, indicating that it is being heated. The pot appears to be made of stainless steel and has a reflective surface. The stove underneath is not visible, but the pot is placed on a burner. The video does not show any other objects or actions.",4LPuKLWOZMc-Scene-0006,1,5,0
/data/home/yuanhaoc/videophy/DPO_Data/deepseek_gemini_filter/no_prompt_extension/Wan1.3B/seed_1/4LboBy93rIQ-Scene-0061.mp4,The video shows a person surfing on a large wave in the ocean. The surfer is wearing a red shirt and is riding a red surfboard. The wave is very large and the surfer is seen riding it for a while before eventually falling off the board and disappearing under the water. The ocean is a deep blue color and the wave is a lighter shade of blue with white foam on top. The sky is overcast and there are no other people or objects visible in the video.,4LboBy93rIQ-Scene-0061,4,4,1
/data/home/yuanhaoc/videophy/DPO_Data/deepseek_gemini_filter/no_prompt_extension/Wan1.3B/seed_1/4TaTRAdCRjQ-Scene-0088.mp4,"In the video, a man is seen using a blender. He places a green leafy vegetable into the blender and then secures the lid on top. He then uses his hand to push the blender down onto the counter, activating the blending process. The blender is black and silver in color, and the man is wearing a ring on his finger. The background is a kitchen counter with a tiled backsplash.",4TaTRAdCRjQ-Scene-0088,1,4,0
/data/home/yuanhaoc/videophy/DPO_Data/deepseek_gemini_filter/no_prompt_extension/Wan1.3B/seed_1/4Zts0Jr17w0-Scene-0094.mp4,"The video features a red Jeep Wrangler with black trim and large tires driving over a rocky trail. The Jeep has a ""Trail"" decal on the side and a spare tire mounted on the back. The vehicle maneuvers over the uneven terrain, showcasing its off-road capabilities. The surrounding environment appears to be a desert with cacti and clear blue skies.",4Zts0Jr17w0-Scene-0094,5,4,1
/data/home/yuanhaoc/videophy/DPO_Data/deepseek_gemini_filter/no_prompt_extension/Wan1.3B/seed_1/4qn49JXR5pQ-Scene-0029.mp4,The video shows a person using a wrench to tighten the lug nuts on a tire. The person is wearing a black jacket and is using a black wrench. The tire is black and appears to be wet. The lug nuts are silver and are located on the center of the tire. The person is turning the wrench clockwise to tighten the lug nuts.,4qn49JXR5pQ-Scene-0029,1,4,0
/data/home/yuanhaoc/videophy/DPO_Data/deepseek_gemini_filter/no_prompt_extension/Wan1.3B/seed_1/4rJGZ9q6zPk-Scene-0109.mp4,"In the video, a person is seen working on a car engine. The person is using a wrench to remove a bolt from the engine. The engine is silver and has various other components attached to it. The person's hands are visible, and they are wearing a silver ring on their left hand. The wrench is silver and appears to be of a standard size. The person is wearing a black shirt, and the background is blurred, but it seems to be a garage or workshop setting.",4rJGZ9q6zPk-Scene-0109,4,4,1
/data/home/yuanhaoc/videophy/DPO_Data/deepseek_gemini_filter/no_prompt_extension/Wan1.3B/seed_1/4ytk_OgM9Dc-Scene-0061.mp4,"The video shows a snowboarder in a yellow jacket and white pants performing a series of jumps and tricks on a snowy mountain. The snowboarder is seen taking off from a ramp, soaring through the air, and landing smoothly on the snow. The mountain is covered in white snow, and the sky is clear and blue. The snowboarder's movements are fluid and confident, and the video captures the thrill and excitement of snowboarding.",4ytk_OgM9Dc-Scene-0061,0,3,0
/data/home/yuanhaoc/videophy/DPO_Data/deepseek_gemini_filter/no_prompt_extension/Wan1.3B/seed_1/50rOOS3CKHE-Scene-0025.mp4,"The video features a man surfing on a surfboard in the ocean. He is wearing a black shirt and blue shorts. The surfboard is white with blue and red stripes. The man is seen riding a wave, maintaining his balance, and eventually falling off the surfboard into the water. The video captures the thrill and excitement of surfing, as well as the challenges of staying upright on the board.",50rOOS3CKHE-Scene-0025,3,4,0
/data/home/yuanhaoc/videophy/DPO_Data/deepseek_gemini_filter/no_prompt_extension/Wan1.3B/seed_1/55_Cesjetxw-Scene-0049.mp4,"The video shows a young boy wearing a black and white shirt and camouflage shorts, standing in a pool of water. He is holding onto a wooden railing and appears to be climbing up the stairs. The water is clear and blue, and the stairs are brown with yellow stripes. The boy seems to be enjoying himself as he climbs.",55_Cesjetxw-Scene-0049,1,4,0
/data/home/yuanhaoc/videophy/DPO_Data/deepseek_gemini_filter/no_prompt_extension/Wan1.3B/seed_1/5BsGCPRqx8I-Scene-0011.mp4,"The video shows a hockey game in progress. The players are wearing white and black uniforms and are skating on the ice. The puck is being passed between players, and the goalie is guarding the net. The players are moving quickly, and the game seems to be intense. The ice rink is surrounded by boards and glass, and there are spectators in the stands. The lighting is bright, and the colors of the uniforms stand out against the white ice.",5BsGCPRqx8I-Scene-0011,0,4,0
/data/home/yuanhaoc/videophy/DPO_Data/deepseek_gemini_filter/no_prompt_extension/Wan1.3B/seed_1/5GDkW75ZW18-Scene-0031.mp4,"In the video, two men are seen working on a skateboard. One man is kneeling down while the other is standing. The man standing is using a drill to tighten the screws on the skateboard, while the other man is holding the skateboard steady. The skateboard has four wheels, and the men are focused on the back wheels. The video is shot in a well-lit indoor space, and the men are wearing casual clothing.",5GDkW75ZW18-Scene-0031,4,3,0
/data/home/yuanhaoc/videophy/DPO_Data/deepseek_gemini_filter/no_prompt_extension/Wan1.3B/seed_1/5HqEYIWOLmE-Scene-0096.mp4,"In the video, a man is standing underneath a car, holding a flashlight in his right hand and a vacuum cleaner in his left hand. He is wearing a black shirt and appears to be inspecting the underside of the car. The man is looking up at the underside of the car, pointing to different areas with the flashlight. He then proceeds to use the vacuum cleaner to clean the underside of the car. The car is elevated off the ground, and the man is standing on a concrete floor. The lighting in the garage is dim, but the man's flashlight illuminates the area he is working on.",5HqEYIWOLmE-Scene-0096,4,4,1
/data/home/yuanhaoc/videophy/DPO_Data/deepseek_gemini_filter/no_prompt_extension/Wan1.3B/seed_1/5PPKkL9qHMM-Scene-0031.mp4,"The video shows a person's hands holding a tan-colored rope. The person is demonstrating how to tie a knot by looping and twisting the rope. The background is blurred, but it appears to be a wooden surface. The person's hands are steady, and they seem to be experienced in tying knots. The rope is thick and sturdy, and the knot being tied is secure and tight. The person's movements are deliberate and precise, indicating that they are skilled in this task.",5PPKkL9qHMM-Scene-0031,1,4,0
/data/home/yuanhaoc/videophy/DPO_Data/deepseek_gemini_filter/no_prompt_extension/Wan1.3B/seed_1/5UZU-A0DQLE-Scene-0165.mp4,"In the video, a person is seen holding a large blue water jug. The jug is made of plastic and has a handle on the side. The person is wearing a yellow shirt and brown pants, and is also wearing a yellow glove on one hand. They are standing in front of a blue machine that has a black handle. The person places the jug on top of the machine and then pushes down on the handle, causing the jug to be crushed. The machine appears to be designed for this purpose, as it easily compresses the jug. The person then removes the crushed jug from the machine and sets it aside. The video is shot in a well-lit area, and the focus is on the person and the machine.",5UZU-A0DQLE-Scene-0165,3,4,0
/data/home/yuanhaoc/videophy/DPO_Data/deepseek_gemini_filter/no_prompt_extension/Wan1.3B/seed_1/5VnSKGI5ZQA-Scene-0006.mp4,"A person is shown planting a plant in a pot. The person is using their hands to carefully place the plant in the pot and then adds soil around the plant to secure it in place. The plant has long green leaves and appears to be healthy. The pot is a standard green color and is placed on a table or similar surface. The person's movements are deliberate and precise, indicating that they are experienced in planting.",5VnSKGI5ZQA-Scene-0006,1,5,0
/data/home/yuanhaoc/videophy/DPO_Data/deepseek_gemini_filter/no_prompt_extension/Wan1.3B/seed_1/5ZSFYP5ILRs-Scene-0005.mp4,"In the video, a man is seen wearing a black shirt and black gloves. He is holding a white plate in his left hand and a metal cup in his right hand. The man is standing in a garage, and he is using the cup to pour a liquid onto the plate. The liquid appears to be black, and it is being poured in a controlled manner. The man then uses a red tool to scrape the liquid off the plate. The video is shot in a close-up view, focusing on the man's hands and the plate.",5ZSFYP5ILRs-Scene-0005,3,3,0
/data/home/yuanhaoc/videophy/DPO_Data/deepseek_gemini_filter/no_prompt_extension/Wan1.3B/seed_1/5hvcKnQ9pyE-Scene-0051.mp4,"In the video, a person is seen preparing a dish. They start by placing a green leaf on a countertop. Then, they take a ball of dough and flatten it out on the leaf. The person uses their hands to shape the dough into a circular form. They continue to flatten the dough out and then use their hands to press down on it. The person repeats this process several times, flattening the dough and pressing it down with their hands. The video ends with the person continuing to work on the dough.",5hvcKnQ9pyE-Scene-0051,1,4,0
/data/home/yuanhaoc/videophy/DPO_Data/deepseek_gemini_filter/no_prompt_extension/Wan1.3B/seed_1/5iyvoxCaZok-Scene-0017.mp4,"The video shows a person driving a tractor on a wet road. The tractor is yellow and the driver's hand is visible on the steering wheel. The road is lined with green grass and trees, and there are houses on the side of the road. The sky is overcast, and the road appears to be wet, possibly from recent rain.",5iyvoxCaZok-Scene-0017,0,4,0
/data/home/yuanhaoc/videophy/DPO_Data/deepseek_gemini_filter/no_prompt_extension/Wan1.3B/seed_1/5uMJTIIHXAI-Scene-0011.mp4,"The video shows a hockey game in progress. The players are dressed in red and white uniforms. The game is being played on an ice rink. The players are seen skating around the rink, passing the puck to each other, and attempting to score goals. The crowd is visible in the background, cheering and watching the game. The players are wearing helmets and protective gear. The ice rink is surrounded by boards and glass, and there are advertisements on the boards. The players are seen using their sticks to control the puck and make plays. The video captures the fast-paced and competitive nature of the game.",5uMJTIIHXAI-Scene-0011,4,4,1
/data/home/yuanhaoc/videophy/DPO_Data/deepseek_gemini_filter/no_prompt_extension/Wan1.3B/seed_1/5xsmfgeujiY-Scene-0012.mp4,"In the video, a small white dog with a pink collar is seen playing with a black kitten inside a brown dog bed. The dog is biting and pawing at the kitten, which is lying on its back and trying to play back. The dog bed is placed on a green rug, and the background shows a wooden floor. The dog seems to be enjoying the playful interaction with the kitten, and the kitten seems to be enjoying the attention as well.",5xsmfgeujiY-Scene-0012,4,4,1
/data/home/yuanhaoc/videophy/DPO_Data/deepseek_gemini_filter/no_prompt_extension/Wan1.3B/seed_1/60fvmc5Pl4I-Scene-0035.mp4,"The video shows a person using a power tool to cut through a piece of metal. The person is wearing a black helmet and is holding the tool with their right hand. The metal is being cut into a specific shape, and sparks are flying as the tool makes contact with the metal. The person's left hand is steadying the metal as it is being cut. The background is a workshop setting with various tools and equipment visible.",60fvmc5Pl4I-Scene-0035,1,4,0
/data/home/yuanhaoc/videophy/DPO_Data/deepseek_gemini_filter/no_prompt_extension/Wan1.3B/seed_1/66nEp1gpWLA-Scene-0041.mp4,"In the video, a person is holding a fan in their hand. The fan has a white and black color scheme and is made of plastic. The person is using their thumb to spin the fan, causing it to rotate. The background is blurred, but it appears to be a workshop or garage setting. The person's hand is steady, and they seem to be demonstrating the fan's functionality.",66nEp1gpWLA-Scene-0041,4,4,1
/data/home/yuanhaoc/videophy/DPO_Data/deepseek_gemini_filter/no_prompt_extension/Wan1.3B/seed_1/69x4rRN7X3w-Scene-0077.mp4,"The video shows a close-up of a fishing net with a fish inside. The fish is moving around, trying to escape the net. The net is made of a fine mesh, and the fish is yellow with black stripes. The water is clear, and the background is blurred, but it appears to be a body of water, possibly a lake or ocean.",69x4rRN7X3w-Scene-0077,1,5,0
/data/home/yuanhaoc/videophy/DPO_Data/deepseek_gemini_filter/no_prompt_extension/Wan1.3B/seed_1/6G1DacBJkOs-Scene-0032.mp4,"The video shows a green jeep driving on a sandy beach. The jeep is driving from the left to the right side of the frame. The beach is empty except for some footprints in the sand. In the background, there are mountains and a cloudy sky. The jeep has a roof rack with some luggage on it.",6G1DacBJkOs-Scene-0032,0,5,0
/data/home/yuanhaoc/videophy/DPO_Data/deepseek_gemini_filter/no_prompt_extension/Wan1.3B/seed_1/6GVQUtgW2Vo-Scene-0036.mp4,"In the video, a dog is seen jumping on a trampoline. The dog is medium-sized with a light brown coat. The trampoline is circular and black in color. The dog jumps up and down on the trampoline, and at one point, it falls off the side. The background shows a fence and a house.",6GVQUtgW2Vo-Scene-0036,4,4,1
/data/home/yuanhaoc/videophy/DPO_Data/deepseek_gemini_filter/no_prompt_extension/Wan1.3B/seed_1/6OmirqidorQ-Scene-0174.mp4,"In the video, a woman is seen standing in a room with a parrot on her shoulder. She is holding a piece of food in her hand and talking to the camera. The parrot is looking at the food and seems to be interested in it. The woman then proceeds to put the food on a nearby table. The parrot jumps off the woman's shoulder and flies over to the table to eat the food. The woman watches the parrot as it eats and then turns back to the camera. The room has a wooden door and a light fixture on the wall. The woman is wearing a black top and has long dark hair. The parrot is green with a yellow beak.",6OmirqidorQ-Scene-0174,4,3,0
/data/home/yuanhaoc/videophy/DPO_Data/deepseek_gemini_filter/no_prompt_extension/Wan1.3B/seed_1/6Zd1KYOylCw-Scene-0007.mp4,"This video captures a baseball game in progress. The camera angle is from the stands, looking down at the field. The field is a vibrant green with white lines marking the bases and the pitcher's mound. The players are dressed in white and black uniforms. The pitcher throws the ball, and the batter hits it, sending it into the outfield. The outfielder, dressed in white and black, runs towards the ball, catches it, and throws it back to the infield. The scoreboard is visible in the top left corner, showing the score and inning.",6Zd1KYOylCw-Scene-0007,1,3,0
/data/home/yuanhaoc/videophy/DPO_Data/deepseek_gemini_filter/no_prompt_extension/Wan1.3B/seed_1/6azPXgkA39E-Scene-0003.mp4,"The video shows a person's hand holding a red and black wire, which is being inserted into a small hole on a circuit board. The circuit board has a blue background with yellow and white squares and crosses. The person's hand is steady as they insert the wire into the hole.",6azPXgkA39E-Scene-0003,1,4,0
/data/home/yuanhaoc/videophy/DPO_Data/deepseek_gemini_filter/no_prompt_extension/Wan1.3B/seed_1/6fJ32w8ivzA-Scene-0006.mp4,"The video shows a helicopter hovering over a body of water. The helicopter is dropping a box into the water. The box is yellow and appears to be made of cardboard. The water is calm, and there are no visible waves or ripples. The helicopter is black and has a rotor on top. There are no people or other objects visible in the video.",6fJ32w8ivzA-Scene-0006,4,5,1
/data/home/yuanhaoc/videophy/DPO_Data/deepseek_gemini_filter/no_prompt_extension/Wan1.3B/seed_1/6gHJqPdcCng-Scene-0029.mp4,"The video shows a rodeo event where a man is riding a bull. The man is wearing a helmet and a vest. The bull is bucking wildly, and the man is holding on tightly. The man is thrown off the bull and lands on the ground. The bull continues to buck around the arena. The man gets up and walks away. The crowd is cheering in the background.",6gHJqPdcCng-Scene-0029,1,4,0
/data/home/yuanhaoc/videophy/DPO_Data/deepseek_gemini_filter/no_prompt_extension/Wan1.3B/seed_1/6hYFmW18oNA-Scene-0007.mp4,"The video shows a football game in progress. The quarterback throws the ball to a player who catches it and runs into the end zone to score a touchdown. The crowd cheers as the player is congratulated by his teammates. The video captures the excitement and energy of the game, with players in red and white uniforms and the opposing team in blue and white uniforms. The field is marked with white lines and numbers indicating yardage, and the end zone is clearly visible. The video provides a glimpse into the fast-paced and dynamic nature of football, with players moving quickly and strategically to score points.",6hYFmW18oNA-Scene-0007,4,3,0
/data/home/yuanhaoc/videophy/DPO_Data/deepseek_gemini_filter/no_prompt_extension/Wan1.3B/seed_1/6hYFmW18oNA-Scene-0019.mp4,"The video shows a football game being played on a field with players in uniforms. The players are seen running, tackling, and passing the ball. The field has yard lines and the team names are visible on the sidelines. The video captures the excitement and energy of the game as the players move quickly across the field.",6hYFmW18oNA-Scene-0019,0,3,0
/data/home/yuanhaoc/videophy/DPO_Data/deepseek_gemini_filter/no_prompt_extension/Wan1.3B/seed_1/6jq1Qx0TZ_Q-Scene-0018.mp4,"The video shows a soccer game in progress. The players are wearing red and white uniforms. The ball is being passed between the players, and one player in a white uniform kicks the ball towards the goal. The goalkeeper, dressed in orange, dives to his right to block the ball. The video is shot from a distance, and the players are small in the frame. The field is green, and the stadium is filled with spectators.",6jq1Qx0TZ_Q-Scene-0018,4,3,0
/data/home/yuanhaoc/videophy/DPO_Data/deepseek_gemini_filter/no_prompt_extension/Wan1.3B/seed_1/6jqqeKq3eS8-Scene-0058.mp4,"In the video, a man is walking his dog on a leash. The man is wearing a black shirt and black pants, and the dog is a golden color. The man is walking on a dirt path surrounded by greenery. The dog is sniffing the ground and walking ahead of the man. The man is holding the leash and following the dog.",6jqqeKq3eS8-Scene-0058,0,5,0
/data/home/yuanhaoc/videophy/DPO_Data/deepseek_gemini_filter/no_prompt_extension/Wan1.3B/seed_1/6nmPvC2_FKE-Scene-0058.mp4,"In the video, a woman is seen wearing a black apron over a yellow shirt. She is holding a blue can of butane and a black butane torch. The woman is demonstrating how to attach the butane can to the torch. She first unscrews the cap of the butane can and then attaches it to the torch. She then turns on the torch, which is indicated by a red light. The video is shot in a well-lit room, and the woman's actions are clear and easy to follow.",6nmPvC2_FKE-Scene-0058,3,3,0
/data/home/yuanhaoc/videophy/DPO_Data/deepseek_gemini_filter/no_prompt_extension/Wan1.3B/seed_1/6s8jRqNTZPY-Scene-0059.mp4,"The video shows a bright green sports car with a black interior and a license plate that reads ""246-63-80"". The car is driving on a concrete road with graffiti on the sides. The car is seen driving under a bridge, and then it drives up a ramp and jumps into the air. The car then lands on the road and continues driving.",6s8jRqNTZPY-Scene-0059,0,5,0
/data/home/yuanhaoc/videophy/DPO_Data/deepseek_gemini_filter/no_prompt_extension/Wan1.3B/seed_1/6u_YinNqThw-Scene-0014.mp4,"In the video, a person is using a table saw to cut a piece of wood. The saw is positioned on a metal table, and the person is holding the wood with one hand while guiding it with the other. The wood is being cut into two pieces, and sawdust is flying everywhere as the saw moves through the wood. The person is wearing safety gear, including a red glove on one hand and a dust mask on their face. The background is a workshop setting with various tools and equipment visible.",6u_YinNqThw-Scene-0014,4,3,0
/data/home/yuanhaoc/videophy/DPO_Data/deepseek_gemini_filter/no_prompt_extension/Wan1.3B/seed_1/6viAnwFBQnM-Scene-0012.mp4,"The video shows a group of women in a rowing boat. The women are wearing red tank tops and black shorts. They are rowing in unison, using oars to propel the boat forward. The boat is moving through the water, creating ripples and splashes. The women appear to be focused and determined, working together to navigate the boat. The sun is shining, and the water is a deep blue color. The video captures the intensity and teamwork of the rowing process.",6viAnwFBQnM-Scene-0012,5,5,1
/data/home/yuanhaoc/videophy/DPO_Data/deepseek_gemini_filter/no_prompt_extension/Wan1.3B/seed_1/6vj9wYEwXQs-Scene-0029.mp4,The video shows a rugby game being played on a field. The players are seen running and tackling each other. The field is green and the players are wearing different colored uniforms. The game seems to be intense and fast-paced.,6vj9wYEwXQs-Scene-0029,0,4,0
/data/home/yuanhaoc/videophy/DPO_Data/deepseek_gemini_filter/no_prompt_extension/Wan1.3B/seed_1/6w_3q4LeaaE-Scene-0063.mp4,"The video shows a remote-controlled car driving on a dirt track. The car is black and has four wheels. It is seen driving on the dirt track, going over bumps and around corners. The car is moving at a fast speed and appears to be in good condition. The track is surrounded by trees and bushes.",6w_3q4LeaaE-Scene-0063,0,4,0
/data/home/yuanhaoc/videophy/DPO_Data/deepseek_gemini_filter/no_prompt_extension/Wan1.3B/seed_1/73fH4XdENM4-Scene-0072.mp4,The video shows a person holding a flashlight in a dark cave. The person is wearing gloves and is using the flashlight to illuminate the cave. The person is also holding a stick and is using it to poke at a large spider. The spider is hanging from a branch and is moving around. The person continues to poke at the spider with the stick.,73fH4XdENM4-Scene-0072,3,4,0
/data/home/yuanhaoc/videophy/DPO_Data/deepseek_gemini_filter/no_prompt_extension/Wan1.3B/seed_1/74AR518hkdA-Scene-0036.mp4,The video shows a man kneeling on the ground next to a motorcycle. He is wearing a black shirt and camouflage pants. The motorcycle has a black body and a round headlight. The man is touching the tire of the motorcycle with his hands. He then proceeds to take off the tire and replace it with a new one. The man appears to be knowledgeable about motorcycles and performs the task with ease. The video is shot in daylight and the background shows a quiet street with a car parked in the distance.,74AR518hkdA-Scene-0036,1,4,0
/data/home/yuanhaoc/videophy/DPO_Data/deepseek_gemini_filter/no_prompt_extension/Wan1.3B/seed_1/75uoW8IydZA-Scene-0047.mp4,"The video shows a man in a camouflage uniform and a black cap shooting a rifle in an open field. The sky is partly cloudy, and the man is wearing sunglasses. He is holding the rifle with both hands and aiming it towards the sky. The rifle appears to be a modern, black assault rifle with a scope attached. The man is wearing a tactical vest and is standing in a shooting stance. The video captures the sound of gunfire and the recoil of the rifle as the man fires several shots.",75uoW8IydZA-Scene-0047,4,4,1
/data/home/yuanhaoc/videophy/DPO_Data/deepseek_gemini_filter/no_prompt_extension/Wan1.3B/seed_1/75uoW8IydZA-Scene-0070.mp4,"The video shows a man in a field, holding a rifle and aiming it at a target. He is wearing a cap and glasses and is seen looking through the scope of the rifle. The rifle is black and has a scope attached to it. The man is standing behind a table that has various items on it, including a box of bullets. The field is vast and open, with no other people visible in the video. The sky is clear and blue, indicating that it is a sunny day. The man appears to be focused and determined as he aims and shoots the rifle.",75uoW8IydZA-Scene-0070,4,4,1
/data/home/yuanhaoc/videophy/DPO_Data/deepseek_gemini_filter/no_prompt_extension/Wan1.3B/seed_1/77QWPT6iRyg-Scene-0085.mp4,"The video shows a large spacecraft being transported on a flatbed truck. The spacecraft is white and has a long, curved tube attached to it. The truck is driving slowly, and the spacecraft is secured with straps to ensure its safety during transportation. The background is dark, indicating that the video was taken at night.",77QWPT6iRyg-Scene-0085,0,4,0
/data/home/yuanhaoc/videophy/DPO_Data/deepseek_gemini_filter/no_prompt_extension/Wan1.3B/seed_1/7DWIryOJ5sk-Scene-0016.mp4,"The video shows a person's hands holding a bunch of green onions and chopping them on a wooden cutting board. The person uses a knife to chop the onions into small pieces. The cutting board is placed on a white surface, and the person's hands are visible throughout the video.",7DWIryOJ5sk-Scene-0016,5,4,1
/data/home/yuanhaoc/videophy/DPO_Data/deepseek_gemini_filter/no_prompt_extension/Wan1.3B/seed_1/7EQQ5ErK5iI-Scene-0436.mp4,"In the video, a dog is seen playing in a bouncy house. The dog is chasing a ball around the bouncy house, and the ball is bouncing around the house as well. The dog is having a great time playing with the ball.",7EQQ5ErK5iI-Scene-0436,1,3,0
/data/home/yuanhaoc/videophy/DPO_Data/deepseek_gemini_filter/no_prompt_extension/Wan1.3B/seed_1/7G5k9ca3nRI-Scene-0176.mp4,"The video shows a motorcycle rider driving down a road. The rider is wearing a helmet and the camera is mounted on the motorcycle. The road is lined with trees and houses, and there are no other vehicles in sight. The sky is clear and blue. The rider slows down as they approach a stop sign and comes to a complete stop. The stop sign is red and white, and there is a white fence on the side of the road. The rider then accelerates and continues down the road.",7G5k9ca3nRI-Scene-0176,3,4,0
/data/home/yuanhaoc/videophy/DPO_Data/deepseek_gemini_filter/no_prompt_extension/Wan1.3B/seed_1/7GBKPpBz04M-Scene-0436.mp4,The video shows a race car driving on a track. The car is red and white in color and is being driven by a person wearing a blue helmet. The car is moving at a high speed and is followed by another car. There are other cars on the track as well. The track is surrounded by barriers and there are people watching the race from the sidelines. The weather appears to be sunny and clear.,7GBKPpBz04M-Scene-0436,1,5,0
/data/home/yuanhaoc/videophy/DPO_Data/deepseek_gemini_filter/no_prompt_extension/Wan1.3B/seed_1/7JHWWnm6yV0-Scene-0011.mp4,"The video shows a soccer game being played on a field. The players are wearing different colored jerseys, with one team in red and the other in blue. The gameplay is fast-paced, with players running, passing the ball, and attempting to score goals. The field is marked with white lines, and there is a scoreboard visible in the top left corner of the screen. The video is shot from an elevated angle, providing a clear view of the entire field and the players' movements.",7JHWWnm6yV0-Scene-0011,4,3,0
/data/home/yuanhaoc/videophy/DPO_Data/deepseek_gemini_filter/no_prompt_extension/Wan1.3B/seed_1/7L5VOUOnKDQ-Scene-0015.mp4,"The video shows a basketball game being played in a stadium. The players are wearing white and blue uniforms. The ball is being passed around the court, and the players are attempting to score. The crowd is cheering and watching the game.",7L5VOUOnKDQ-Scene-0015,1,4,0
/data/home/yuanhaoc/videophy/DPO_Data/deepseek_gemini_filter/no_prompt_extension/Wan1.3B/seed_1/7LP9dz5Ez3o-Scene-0037.mp4,"The video shows two cars drifting on a race track. The car on the left is black and red, while the car on the right is white with red and black stripes. Both cars have sponsor logos on them. The cars are drifting around a corner, with the tires screeching and smoke coming out of them. There are orange cones on the track, and a crowd of people watching from the sidelines. The sky is clear and blue.",7LP9dz5Ez3o-Scene-0037,1,4,0
/data/home/yuanhaoc/videophy/DPO_Data/deepseek_gemini_filter/no_prompt_extension/Wan1.3B/seed_1/7ONk5vzDVKc-Scene-0006.mp4,"In the video, a man is seen working out in a gym. He is using a piece of exercise equipment to work on his arms. The man is wearing a white tank top and has a tattoo on his left arm. He is pulling down on the handles of the machine, which is designed to work on the upper body muscles. The gym has a mirror on the wall, and there is a reflection of the man in the mirror. The man is focused on his workout and appears to be exerting effort as he pulls down on the handles.",7ONk5vzDVKc-Scene-0006,4,4,1
/data/home/yuanhaoc/videophy/DPO_Data/deepseek_gemini_filter/no_prompt_extension/Wan1.3B/seed_1/7RnAQMc6Sgs-Scene-0027.mp4,"The video begins with a first-person view of a person holding a gun, looking through the scope. The person is aiming at a target in the distance. The target is a person standing behind a wooden fence. The person holding the gun fires several shots at the target, and the target falls to the ground. The video is shot in a virtual environment, and the graphics are realistic. The gun has a red dot sight, and the target is in the center of the scope. The person holding the gun is steady, and the shots are precise. The video ends with the target lying on the ground.",7RnAQMc6Sgs-Scene-0027,3,3,0
/data/home/yuanhaoc/videophy/DPO_Data/deepseek_gemini_filter/no_prompt_extension/Wan1.3B/seed_1/7Uake1C6wGA-Scene-0039.mp4,"In the video, a man is seen working on a car tire. He is kneeling down next to the car and appears to be using a tool to remove or tighten the lug nuts on the tire. The man is wearing a black shirt and appears to be focused on the task at hand. The car is parked in a parking lot, and there are other cars visible in the background. The lighting suggests that it is either dusk or dawn. The man's actions are deliberate and careful, indicating that he is experienced in this type of work.",7Uake1C6wGA-Scene-0039,0,4,0
/data/home/yuanhaoc/videophy/DPO_Data/deepseek_gemini_filter/no_prompt_extension/Wan1.3B/seed_1/7XIOEbjOmv4-Scene-0077.mp4,The video shows a small dog wearing a pink sweater walking on a concrete sidewalk. The dog stops to sniff the ground and then continues walking. The dog is brown and white and appears to be a young puppy. The sidewalk is grey and there are some puddles of water on it. The dog walks past a door and continues to sniff the ground.,7XIOEbjOmv4-Scene-0077,4,5,1
/data/home/yuanhaoc/videophy/DPO_Data/deepseek_gemini_filter/no_prompt_extension/Wan1.3B/seed_1/7YcLFoemjmI-Scene-0024.mp4,The video shows a person wearing blue gloves using a wrench to loosen a bolt on a car engine. The person is working on a silver engine with a black hose attached to it. The wrench is silver and appears to be a ratchet wrench. The person is using the wrench to turn the bolt counterclockwise.,7YcLFoemjmI-Scene-0024,1,4,0
/data/home/yuanhaoc/videophy/DPO_Data/deepseek_gemini_filter/no_prompt_extension/Wan1.3B/seed_1/7a48Dj_gnJc-Scene-0111.mp4,"In the video, a man is seen working on a car's interior. He is wearing a red jacket and is using a tool to work on the steering wheel. The car appears to be in a garage or workshop, with various tools and equipment visible in the background. The man seems to be focused on his task, and his movements suggest that he is experienced in car repair. The car's interior is not fully visible, but it appears to be a standard car with a manual transmission. The lighting in the garage is bright, and the man's actions are deliberate and precise.",7a48Dj_gnJc-Scene-0111,4,4,1
/data/home/yuanhaoc/videophy/DPO_Data/deepseek_gemini_filter/no_prompt_extension/Wan1.3B/seed_1/7bCGeFMCcoE-Scene-0042.mp4,"The video shows a baseball game in progress. A player in a red jersey is seen running towards home plate and sliding into it. The catcher, also in a red jersey, is waiting for the ball. The umpire, dressed in a blue shirt and grey pants, is standing behind the catcher. The player in the red jersey successfully reaches home plate and is greeted by his teammates. The teammates are also wearing red jerseys and white pants. The players are seen celebrating the successful run.",7bCGeFMCcoE-Scene-0042,1,3,0
/data/home/yuanhaoc/videophy/DPO_Data/deepseek_gemini_filter/no_prompt_extension/Wan1.3B/seed_1/7cyWyOKanDk-Scene-0043.mp4,"In this video, we see a close-up shot of a person's hand holding a spoon and scooping out pomegranate seeds from a pomegranate. The seeds are being poured into a clear glass bowl that is already filled with pomegranate seeds. The background is blurred, but we can see a red bowl and a wooden cutting board. The pomegranate seeds are bright red and glossy, and the bowl is transparent with a thick base. The person's hand is steady as they scoop out the seeds, and the video is shot in a well-lit kitchen.",7cyWyOKanDk-Scene-0043,5,5,1
/data/home/yuanhaoc/videophy/DPO_Data/deepseek_gemini_filter/no_prompt_extension/Wan1.3B/seed_1/7iLKyU8Jlak-Scene-0018.mp4,"The video shows a soccer game in progress. The players are wearing red and white uniforms. The ball is being kicked towards the goal by a player in a red uniform. The goalkeeper, wearing a yellow uniform, is diving to the right in an attempt to block the ball. The ball is in the air and appears to be heading towards the goal. The players are running towards the ball, and the goalkeeper is in mid-air. The field is green with white lines marking the boundaries and the goal area. The stands in the background are filled with spectators.",7iLKyU8Jlak-Scene-0018,1,3,0
/data/home/yuanhaoc/videophy/DPO_Data/deepseek_gemini_filter/no_prompt_extension/Wan1.3B/seed_1/7jVviHkrszg-Scene-0076.mp4,"The video shows a person melting chocolate in a bowl over a stove. The person is using their hands to break the chocolate into smaller pieces and then melting it in the bowl. The chocolate is brown and appears to be of a high quality. The bowl is placed on a stove top, and the person is using a spatula to stir the chocolate as it melts. The stove is turned on, and the flame is visible under the bowl. The person is wearing a white shirt and appears to be focused on the task at hand. The video is shot from an overhead angle, and the lighting is bright, making it easy to see the details of the chocolate and the person's actions.",7jVviHkrszg-Scene-0076,5,4,1
/data/home/yuanhaoc/videophy/DPO_Data/deepseek_gemini_filter/no_prompt_extension/Wan1.3B/seed_1/7jfmX6-aU-I-Scene-0096.mp4,"In the video, a person is driving a car through a snowy forest. The car is moving slowly, and the person is carefully navigating the snowy terrain. The forest is dense with trees, and the ground is covered in a thick layer of snow. The person is wearing a black jacket and appears to be focused on the road ahead. The car is making a slight noise as it moves through the snow, and the person's breath is visible in the cold air. The video captures the serene beauty of the winter landscape and the challenges of driving in such conditions.",7jfmX6-aU-I-Scene-0096,0,5,0
/data/home/yuanhaoc/videophy/DPO_Data/deepseek_gemini_filter/no_prompt_extension/Wan1.3B/seed_1/7jjfS_fD8y0-Scene-0004.mp4,"The video shows a person's hands arranging matchsticks on a black surface to form a square grid. The matchsticks have red tips and are placed in such a way that they create a pattern. The person's hands move quickly and with precision, indicating that they are experienced in this activity. The black surface provides a stark contrast to the light-colored matchsticks, making the pattern stand out. The video is shot from a top-down perspective, allowing the viewer to see the entire grid as it is being formed.",7jjfS_fD8y0-Scene-0004,4,4,1
/data/home/yuanhaoc/videophy/DPO_Data/deepseek_gemini_filter/no_prompt_extension/Wan1.3B/seed_1/7mVKWRzIb5k-Scene-0010.mp4,"The video shows a man working on a car's suspension system. He is using a wrench to adjust the suspension and is pointing to different parts of the system. The man appears to be knowledgeable about the car's mechanics and is carefully working on the suspension. The video is shot in a garage, and the man is wearing a black shirt. The car appears to be a sedan, and the suspension system is complex with various components.",7mVKWRzIb5k-Scene-0010,1,4,0
/data/home/yuanhaoc/videophy/DPO_Data/deepseek_gemini_filter/no_prompt_extension/Wan1.3B/seed_1/7njx7wiPHow-Scene-0109.mp4,The video shows a person working in a printing factory. The person is seen cutting a large piece of paper with a knife. The paper has a black and yellow design on it. The person is wearing a black jacket and a black hat. The factory has several machines and equipment visible in the background. The person is focused on cutting the paper and appears to be skilled at the task. The video provides a glimpse into the printing industry and the process of creating printed materials.,7njx7wiPHow-Scene-0109,1,3,0
/data/home/yuanhaoc/videophy/DPO_Data/deepseek_gemini_filter/no_prompt_extension/Wan1.3B/seed_1/7tL7rt7UPI8-Scene-0041.mp4,"The video features a man wearing blue gloves who is working on a car's suspension system. He is using a wrench to adjust the parts of the suspension. The camera angle is close-up, focusing on the man's hands and the suspension system. The man appears to be experienced and is working carefully and methodically. The suspension system is black and appears to be in good condition. The man's movements are smooth and precise, indicating that he is familiar with the task at hand.",7tL7rt7UPI8-Scene-0041,4,4,1
/data/home/yuanhaoc/videophy/DPO_Data/deepseek_gemini_filter/no_prompt_extension/Wan1.3B/seed_1/7ti3EcJBShU-Scene-0013.mp4,"The video features a female figure skater performing on an ice rink. She is wearing a pink dress and is seen spinning and jumping on the ice. The skater's movements are graceful and fluid, and she appears to be executing a routine with precision and skill. The ice rink is surrounded by boards with various advertisements, and there are a few spectators in the background. The lighting is bright, and the ice surface reflects the skater's movements, adding to the visual appeal of the performance.",7ti3EcJBShU-Scene-0013,0,4,0
/data/home/yuanhaoc/videophy/DPO_Data/deepseek_gemini_filter/no_prompt_extension/Wan1.3B/seed_1/7tv9dzxXbV8-Scene-0149.mp4,"The video shows a small brown kitten with a fluffy coat and pointed ears. The kitten is sitting on a person's lap, which is covered with a black and white patterned blanket. The person is holding a smartphone in their hands, and the kitten is reaching out to touch the screen with its paws. The kitten's eyes are focused on the screen, and it seems to be intrigued by the movement on the phone. The person's hands are steady, and they are allowing the kitten to explore the phone. The background is not visible, and the focus is on the interaction between the kitten and the smartphone.",7tv9dzxXbV8-Scene-0149,4,5,1
/data/home/yuanhaoc/videophy/DPO_Data/deepseek_gemini_filter/no_prompt_extension/Wan1.3B/seed_1/7uxxG-M-nWw-Scene-0064.mp4,"The video shows a man in a plaid shirt and sunglasses sitting on a sand dune. He is holding onto a rope that is attached to a kite, which is not visible in the frame. The man is smiling and appears to be enjoying himself as he sleds down the dune. The sky is clear and blue, and there are no other people or objects in the immediate vicinity. The man's movements are smooth and controlled as he slides down the dune, and he raises his hand in a peace sign at the end of the video.",7uxxG-M-nWw-Scene-0064,3,4,0
/data/home/yuanhaoc/videophy/DPO_Data/deepseek_gemini_filter/no_prompt_extension/Wan1.3B/seed_1/7wIjDgfiAMc-Scene-0023.mp4,"The video shows a person using a drill to make a hole in a piece of wood. The person is wearing a black shirt and has a ring on their finger. The drill is black and silver, and the wood is light brown. The person is holding the drill with both hands and is making a hole in the center of the wood.",7wIjDgfiAMc-Scene-0023,1,4,0
/data/home/yuanhaoc/videophy/DPO_Data/deepseek_gemini_filter/no_prompt_extension/Wan1.3B/seed_1/7wOdQlF1sfE-Scene-0122.mp4,"The video shows a dog running and jumping over hurdles in a competition. The dog is white with black spots and is wearing a red collar. The hurdles are made of wood and metal and are of different heights and shapes. The dog is running on a green field and is being directed by a person wearing a green shirt. The dog jumps over hurdles with ease and agility, and the person guiding the dog is seen clapping and cheering.",7wOdQlF1sfE-Scene-0122,4,4,1
/data/home/yuanhaoc/videophy/DPO_Data/deepseek_gemini_filter/no_prompt_extension/Wan1.3B/seed_1/8-hyMFYEKzI-Scene-0005.mp4,The video shows a person using a peeler to peel a cucumber. The cucumber is placed on a piece of paper towel on a counter. The person's hand is visible holding the peeler and peeling the cucumber.,8-hyMFYEKzI-Scene-0005,1,4,0
/data/home/yuanhaoc/videophy/DPO_Data/deepseek_gemini_filter/no_prompt_extension/Wan1.3B/seed_1/848RZnBzr8w-Scene-0013.mp4,"In the video, a man is seen running on a track and jumping over hurdles. He is wearing a white shirt and black shorts. The hurdles are evenly spaced on the track, and the man jumps over them with ease. The track is surrounded by a green field, and there are bleachers in the background. The sky is clear and blue.",848RZnBzr8w-Scene-0013,1,3,0
/data/home/yuanhaoc/videophy/DPO_Data/deepseek_gemini_filter/no_prompt_extension/Wan1.3B/seed_1/868NbFDRsDI-Scene-0106.mp4,"The video shows a baseball player hitting a ball and then running to first base. The player is wearing a blue and gray uniform with the number 97 on the back. The field is green with brown dirt, and the sky is dark, indicating it is nighttime. The player hits the ball high into the air and runs towards first base, where a player in a white uniform is waiting to catch the ball. The player in the blue and gray uniform successfully reaches first base before the ball is caught.",868NbFDRsDI-Scene-0106,3,3,0
/data/home/yuanhaoc/videophy/DPO_Data/deepseek_gemini_filter/no_prompt_extension/Wan1.3B/seed_1/86DE0mbvTJA-Scene-0048.mp4,"In the video, a young child is seen pushing a suitcase across a carpeted floor. The child is wearing a green shirt and blue pants. The suitcase is black and has a picture of Spider-Man on it. The child pushes the suitcase towards a glass door, which leads to a balcony. The balcony has a metal table and chairs on it. The child then stops pushing the suitcase and looks at the camera.",86DE0mbvTJA-Scene-0048,1,4,0
/data/home/yuanhaoc/videophy/DPO_Data/deepseek_gemini_filter/no_prompt_extension/Wan1.3B/seed_1/87vFK8juaDA-Scene-0019.mp4,"The video shows a person holding a smartphone and then placing it into a container of water. The phone is then submerged in the water, and the person uses their finger to swipe across the screen. The phone is then removed from the water, and the person continues to swipe across the screen. The video is shot in a close-up view, focusing on the phone and the person's hand. The water is clear, and the phone appears to be a modern smartphone with a colorful display. The person's hand is visible, and they are wearing a ring on their finger. The video does not contain any visible text or subtitles.",87vFK8juaDA-Scene-0019,4,4,1
/data/home/yuanhaoc/videophy/DPO_Data/deepseek_gemini_filter/no_prompt_extension/Wan1.3B/seed_1/8A_t-PXP0Vw-Scene-0045.mp4,"In the video, a baby is seen standing in a crib, holding onto the bars. The baby is wearing a yellow outfit and has a pacifier in his mouth. An adult's hand is holding a bottle of milk and the baby reaches for it. The baby then takes the bottle and drinks from it. The crib is filled with toys and the baby seems to be enjoying the milk.",8A_t-PXP0Vw-Scene-0045,1,4,0
/data/home/yuanhaoc/videophy/DPO_Data/deepseek_gemini_filter/no_prompt_extension/Wan1.3B/seed_1/8AtY02QlJ3w-Scene-0079.mp4,"In the video, a person is seen organizing a bunch of white wires that are tangled up on a brown surface. The person is holding a white wire in their hand and is trying to untangle it from the other wires. The wires are connected to a power strip that is plugged into an outlet. The person seems to be struggling a bit to untangle the wires, but eventually, they manage to separate one of them from the rest. The power strip has several outlets, and the person is trying to untangle the wires from one of the outlets. The video is shot from a close-up angle, and the focus is on the person's hands and the wires.",8AtY02QlJ3w-Scene-0079,4,4,1
/data/home/yuanhaoc/videophy/DPO_Data/deepseek_gemini_filter/no_prompt_extension/Wan1.3B/seed_1/8EI5oaSPgWk-Scene-0093.mp4,"In the video, a man is seen skateboarding on a ramp. He is wearing a black hoodie and grey pants. The ramp is blue and there is another man standing on the ramp watching him. The man on the skateboard is performing a trick and successfully lands it. The sky is clear and there are trees in the background.",8EI5oaSPgWk-Scene-0093,1,3,0
/data/home/yuanhaoc/videophy/DPO_Data/deepseek_gemini_filter/no_prompt_extension/Wan1.3B/seed_1/8FgKJKv6RGs-Scene-0068.mp4,"The video shows a person mixing a creamy white substance with red fruit pieces in a clear glass bowl using a wooden spoon. The person is seen mixing the ingredients thoroughly, ensuring that the fruit pieces are well distributed throughout the mixture. The creamy substance appears to be thick and smooth, while the fruit pieces are small and chunky. The person's movements are deliberate and careful, indicating that they are trying to achieve a consistent texture. The bowl is placed on a wooden surface, and the background is blurred, focusing the viewer's attention on the mixing process.",8FgKJKv6RGs-Scene-0068,5,4,1
/data/home/yuanhaoc/videophy/DPO_Data/deepseek_gemini_filter/no_prompt_extension/Wan1.3B/seed_1/8H9HFn0C274-Scene-0010.mp4,"The video shows a firefighter in full gear, including a helmet, jacket, and pants, walking up a hillside while holding a hose. The firefighter is spraying water onto a fire that is burning on the hillside. The firefighter is wearing a yellow jacket and black pants, and the hose is a long, flexible tube. The fire is producing a lot of smoke, and the firefighter is moving carefully to avoid getting hurt. The hillside is covered in dry grass, and there are trees in the background. The firefighter is the only person visible in the video.",8H9HFn0C274-Scene-0010,4,3,0
/data/home/yuanhaoc/videophy/DPO_Data/deepseek_gemini_filter/no_prompt_extension/Wan1.3B/seed_1/8RtB75c0gzg-Scene-0005.mp4,"The video shows a close-up of a person's hand holding a key. The key is made of metal and has a rectangular shape with a flat top and bottom. The person is using their thumb to push down on the key, causing the metal to bend and flex. The key appears to be quite sturdy and durable, as it does not break or bend easily under the pressure. The person's hand is steady, and they seem to be applying a moderate amount of force to the key. The background is blurred, but it appears to be an indoor setting with neutral colors.",8RtB75c0gzg-Scene-0005,1,4,0
/data/home/yuanhaoc/videophy/DPO_Data/deepseek_gemini_filter/no_prompt_extension/Wan1.3B/seed_1/8VOTQ7tcaLU-Scene-0034.mp4,The video shows a man fishing on a boat. He is holding a fishing rod and has a fish hooked on the line. The man is wearing a blue shirt and is sitting on a pink boat. The water is calm and there are trees and houses in the background. The man is reeling in the fish and appears to be struggling to get it on the boat.,8VOTQ7tcaLU-Scene-0034,1,4,0
/data/home/yuanhaoc/videophy/DPO_Data/deepseek_gemini_filter/no_prompt_extension/Wan1.3B/seed_1/8Y-H_sd4pFs-Scene-0041.mp4,"The video shows a baseball game in progress, with players on the field and a batter at the plate. The pitcher throws the ball, and the batter hits it, sending it into the outfield. The outfielders are seen running towards the ball, and one of them catches it, resulting in an out. The video is shot from an overhead angle, providing a clear view of the action on the field. The players are wearing their team uniforms, and the field is well-maintained with green grass and brown dirt. The video captures the excitement and tension of the game, as the players move quickly and strategically to make plays.",8Y-H_sd4pFs-Scene-0041,4,3,0
/data/home/yuanhaoc/videophy/DPO_Data/deepseek_gemini_filter/no_prompt_extension/Wan1.3B/seed_1/8ZzUqcEmloU-Scene-0067.mp4,"The video shows a man using a power drill to make holes in a piece of wood. He is standing outside, and there is a house visible in the background. The man is wearing a gray hoodie and has a beard. The power drill is green and black in color. The man is holding the drill with both hands and appears to be focused on his task. The piece of wood is light brown and appears to be a plank. The man is making several holes in the wood, and the video captures the process from different angles.",8ZzUqcEmloU-Scene-0067,4,4,1
/data/home/yuanhaoc/videophy/DPO_Data/deepseek_gemini_filter/no_prompt_extension/Wan1.3B/seed_1/8_o2YYpIp1Y-Scene-0138.mp4,"The video shows a race car with the number 18 on it driving on a track. The car is blue and has the words ""NOS"" and ""Pilot"" written on it. The driver is wearing a black helmet and is seen spinning the car in circles, causing smoke to come out of the tires. The car is then seen drifting on the track, with smoke continuing to come out of the tires.",8_o2YYpIp1Y-Scene-0138,1,4,0
/data/home/yuanhaoc/videophy/DPO_Data/deepseek_gemini_filter/no_prompt_extension/Wan1.3B/seed_1/8daidQKx3H0-Scene-0009.mp4,"In the video, a person is seen holding a white candle with a lit wick. The candle is being held over a glass container with a liquid inside. The person then proceeds to pour the liquid from the container onto the candle, causing the flame to extinguish. The person then lifts the candle, revealing that the wick has been coated with the liquid. The video ends with the person placing the candle back down on the table.",8daidQKx3H0-Scene-0009,1,3,0
/data/home/yuanhaoc/videophy/DPO_Data/deepseek_gemini_filter/no_prompt_extension/Wan1.3B/seed_1/8hVy-KwXypo-Scene-0010.mp4,"In the video, a woman is seen cutting a mango with a knife. She starts by slicing the mango in half and then proceeds to cut the flesh of the mango into slices. The woman is wearing a green shirt and has a white apron tied around her waist. The mango is yellow and appears ripe. The knife she is using is large and sharp, making it easy for her to cut through the mango. The cutting board she is using is white and appears to be made of wood. The background of the video is a kitchen counter with various other fruits and vegetables visible.",8hVy-KwXypo-Scene-0010,5,4,1
/data/home/yuanhaoc/videophy/DPO_Data/deepseek_gemini_filter/no_prompt_extension/Wan1.3B/seed_1/8i_sG5iBmiA-Scene-0177.mp4,"The video shows a man driving a car during a snowstorm. The windshield wipers are on, and the man is looking out the window. He is talking to the person filming the video. The road is covered in snow, and other cars can be seen driving by. The man is wearing a black jacket and has short hair.",8i_sG5iBmiA-Scene-0177,1,4,0
/data/home/yuanhaoc/videophy/DPO_Data/deepseek_gemini_filter/no_prompt_extension/Wan1.3B/seed_1/8lhTrFJ-Hic-Scene-0258.mp4,"The video shows a man performing a series of acrobatic flips on a trampoline. He is wearing white shoes and gray shorts. The man is seen jumping and flipping in the air, executing a series of backflips and twists. The trampoline is located in a gym, and there is another man standing behind him, holding a pole. The gym is equipped with various exercise equipment, including weights and machines. The walls are painted orange and the floor is gray. The man's movements are fluid and precise, demonstrating a high level of skill and athleticism.",8lhTrFJ-Hic-Scene-0258,4,3,0
/data/home/yuanhaoc/videophy/DPO_Data/deepseek_gemini_filter/no_prompt_extension/Wan1.3B/seed_1/8nrj2fIjqsM-Scene-0044.mp4,"The video shows a basketball game in progress, with players from two teams, one in red and the other in purple, playing on a court. The player in red is dribbling the ball and trying to score, while the player in purple is defending. The crowd is cheering in the background. The scoreboard shows that the team in red is leading with a score of 49 to 40. The game is in the second half, and the red team has 49 points. The player in red successfully makes a shot and scores, increasing the score to 50-40.",8nrj2fIjqsM-Scene-0044,3,4,0
/data/home/yuanhaoc/videophy/DPO_Data/deepseek_gemini_filter/no_prompt_extension/Wan1.3B/seed_1/8pygTjB4sQU-Scene-0078.mp4,"In the video, a man is seen holding a large iguana by its tail. The iguana is green in color and appears to be struggling to get away. The man is wearing a white shirt and khaki pants. He is standing on a concrete surface, and there is a building and some greenery in the background. The iguana's tail is long and striped, and it is moving around wildly as the man holds it. The man seems to be trying to control the iguana, but it is not cooperating.",8pygTjB4sQU-Scene-0078,1,4,0
/data/home/yuanhaoc/videophy/DPO_Data/deepseek_gemini_filter/no_prompt_extension/Wan1.3B/seed_1/8si1NZtHWNs-Scene-0012.mp4,"The video shows a man surfing on a large wave in the ocean. He is wearing an orange shirt and black shorts. The wave is quite high, and the man is seen riding it with ease. As the wave begins to crash, he falls off his surfboard and into the water. The wave continues to crash around him, and he is seen swimming to the surface. The water is a deep blue color, and the sky is clear.",8si1NZtHWNs-Scene-0012,1,4,0
/data/home/yuanhaoc/videophy/DPO_Data/deepseek_gemini_filter/no_prompt_extension/Wan1.3B/seed_1/8uVScbN0Czg-Scene-0105.mp4,"In the video, a person is seen cutting a fish with a knife. The fish is lying on a white surface, and the person's hands are visible. The person is using a knife to cut the fish's scales, and the fish appears to be a large one. The person's hands are steady, and they seem to be experienced in handling the knife. The fish's scales are shiny and appear to be in good condition. The person's movements are precise, and they appear to be cutting the fish with care. The background is not visible, but the focus is on the person and the fish.",8uVScbN0Czg-Scene-0105,4,4,1
/data/home/yuanhaoc/videophy/DPO_Data/deepseek_gemini_filter/no_prompt_extension/Wan1.3B/seed_1/8wEkzc-edyo-Scene-0032.mp4,"The video shows a close-up of a person's hands as they work on a machine. The person is using a screwdriver to adjust a screw on the machine. The machine appears to be made of metal and has several other screws and bolts visible. The person's hands are steady as they turn the screw, and the focus of the video is on the action of adjusting the machine.",8wEkzc-edyo-Scene-0032,1,4,0
/data/home/yuanhaoc/videophy/DPO_Data/deepseek_gemini_filter/no_prompt_extension/Wan1.3B/seed_1/8xIG2RJnOXA-Scene-0011.mp4,"In the video, a person is seen holding a horse's hoof in their left hand and using a tool in their right hand to trim the hoof. The person is wearing a blue shirt and is standing in front of a white wall. The horse's hoof is brown and appears to be in good condition. The tool used for trimming the hoof is silver and has a sharp edge. The person is carefully trimming the edges of the hoof, making sure to remove any excess hair or debris. The video is shot in a well-lit room, and the person's movements are steady and precise.",8xIG2RJnOXA-Scene-0011,4,4,1
/data/home/yuanhaoc/videophy/DPO_Data/deepseek_gemini_filter/no_prompt_extension/Wan1.3B/seed_1/8yfF6Je5tdk-Scene-0013.mp4,The video is an animated clip showing a lioness with red eyes and a cub. The lioness is seen holding the cub in her mouth and then dropping it. The cub is shown falling from the lioness's mouth and landing on the ground. The background is a sunset with rock formations. The lioness is seen standing on the ground with a concerned expression on her face.,8yfF6Je5tdk-Scene-0013,1,5,0
/data/home/yuanhaoc/videophy/DPO_Data/deepseek_gemini_filter/no_prompt_extension/Wan1.3B/seed_1/8z9mzJlqfXs-Scene-0116.mp4,"In the video, a person is seen using a kitchen gadget to slice vegetables. The gadget appears to be a white and gray manual slicer with a crank handle. The person is slicing a carrot, and the slices are falling into a clear glass bowl placed on a wooden countertop. The person's hands are visible, and they are wearing a white long-sleeved shirt. The background is blurred, but it seems to be a kitchen setting.",8z9mzJlqfXs-Scene-0116,5,4,1
/data/home/yuanhaoc/videophy/DPO_Data/deepseek_gemini_filter/no_prompt_extension/Wan1.3B/seed_1/90Bz9ow8D6I-Scene-0207.mp4,"The video shows a close-up shot of a bottle of water being poured into a glass. The water is clear and sparkling, and the glass is transparent. The bottle has a blue label with the word ""AQUAFINA"" written on it. The background is blurred, but it appears to be a kitchen or bar setting. The water is being poured in a steady stream, and the glass fills up gradually. The sound of the water can be heard in the background.",90Bz9ow8D6I-Scene-0207,4,4,1
/data/home/yuanhaoc/videophy/DPO_Data/deepseek_gemini_filter/no_prompt_extension/Wan1.3B/seed_1/92pLSy3efhk-Scene-0007.mp4,The video shows a man wearing a black suit and a white shirt. He is sitting at a table and appears to be in a room with a window. The man is holding a bottle in one hand and a glass in the other. He is seen pouring the liquid from the bottle into the glass. The man then takes a sip from the glass. The video does not contain any other objects or people.,92pLSy3efhk-Scene-0007,1,3,0
/data/home/yuanhaoc/videophy/DPO_Data/deepseek_gemini_filter/no_prompt_extension/Wan1.3B/seed_1/94WimU2cfT8-Scene-0172.mp4,"The video shows a guinea pig with black and white fur walking around a red and yellow house-shaped toy. The toy has a blue base and yellow roof. The guinea pig enters the toy house and then exits it. The video is shot in a close-up angle, focusing on the guinea pig and the toy house.",94WimU2cfT8-Scene-0172,1,4,0
/data/home/yuanhaoc/videophy/DPO_Data/deepseek_gemini_filter/no_prompt_extension/Wan1.3B/seed_1/96UCJQBuzuU-Scene-0016.mp4,The video shows a machine with a brush attached to it moving back and forth over a stack of wood. The machine appears to be cleaning or polishing the wood. The brush is white and black in color and is attached to a metal arm that moves up and down. The wood is light brown and appears to be of different lengths. The machine is in a workshop setting with other tools and equipment visible in the background.,96UCJQBuzuU-Scene-0016,5,4,1
/data/home/yuanhaoc/videophy/DPO_Data/deepseek_gemini_filter/no_prompt_extension/Wan1.3B/seed_1/9Dkfvc1f8po-Scene-0058.mp4,"In the video, a toddler is sitting on the floor playing with a toy. The toy is a small house with a pink slide attached to it. The toddler is wearing a white shirt with red sleeves and a red bow in her hair. She is holding a small toy car and is moving it up and down the slide. The floor is covered with a beige carpet, and there are other toys scattered around the toddler. The toddler seems to be enjoying herself as she plays with the toy.",9Dkfvc1f8po-Scene-0058,1,4,0
/data/home/yuanhaoc/videophy/DPO_Data/deepseek_gemini_filter/no_prompt_extension/Wan1.3B/seed_1/9MxOD68jUWc-Scene-0057.mp4,"In the video, a woman is seen riding a red ATV down a dirt road. She is wearing a helmet and sunglasses and appears to be enjoying the ride. The road is surrounded by trees and foliage, and the sky is clear. The woman is smiling and looking at the camera, indicating that she is having a good time. The ATV is moving at a moderate speed, and the woman seems to be in control of the vehicle. The video captures the sense of adventure and freedom that comes with riding an ATV in a natural setting.",9MxOD68jUWc-Scene-0057,5,5,1
/data/home/yuanhaoc/videophy/DPO_Data/deepseek_gemini_filter/no_prompt_extension/Wan1.3B/seed_1/9Uh1CYmEM2c-Scene-0029.mp4,The video shows a waterfall in the middle of a forest. The waterfall is medium-sized and is surrounded by trees and other vegetation. The water is flowing down a rock face and into a small pool below. The colors in the video are predominantly green from the trees and brown from the rocks. The water is clear and white as it falls. There are no people or animals visible in the video.,9Uh1CYmEM2c-Scene-0029,1,5,0
/data/home/yuanhaoc/videophy/DPO_Data/deepseek_gemini_filter/no_prompt_extension/Wan1.3B/seed_1/9YZK7WNO3fQ-Scene-0001.mp4,"In the video, a man is seen standing in a sand bunker on a golf course. He is wearing a white shirt, blue shorts, and a blue cap. He is holding a golf club and is preparing to hit a golf ball. The man takes a swing and hits the ball out of the sand bunker. He then walks over to the ball and picks it up. The video is shot during the daytime and the weather appears to be sunny. The golf course is surrounded by trees and there are no other people visible in the video.",9YZK7WNO3fQ-Scene-0001,3,3,0
/data/home/yuanhaoc/videophy/DPO_Data/deepseek_gemini_filter/no_prompt_extension/Wan1.3B/seed_1/9ZEmDS6q-4Y-Scene-0024.mp4,"In this video, a person is seen holding a fishing rod and reel. The person is using the reel to cast the line into the water. The fishing rod is black and has a red line attached to it. The reel is silver and blue and is being held in the person's left hand. The person's right hand is holding the fishing line. The background shows a parking lot with white lines and some green grass. The person's actions are smooth and controlled as they cast the line into the water.",9ZEmDS6q-4Y-Scene-0024,1,4,0
/data/home/yuanhaoc/videophy/DPO_Data/deepseek_gemini_filter/no_prompt_extension/Wan1.3B/seed_1/9cYulkrZOMg-Scene-0019.mp4,"The video shows a green tractor pulling a large machine through a field of hay. The machine is processing the hay, and we see it being ejected from the back of the tractor. The tractor is moving through the field, and we can see the hay being collected and processed. The machine appears to be a hay baler, which is used to collect and compress the hay into bales. The tractor is moving at a steady pace, and the machine is operating smoothly. The field is vast, with no other objects or people in sight. The sky is clear, and the weather appears to be sunny and warm.",9cYulkrZOMg-Scene-0019,4,4,1
/data/home/yuanhaoc/videophy/DPO_Data/deepseek_gemini_filter/no_prompt_extension/Wan1.3B/seed_1/9eHbqMayxv8-Scene-0031.mp4,"The video displays a person's hand holding a circular object that is glowing blue. The object has a series of holes in the center and a pattern of holes around the edges. The person is spinning the object on their finger, causing it to glow brighter. The background is dark, and there is a yellow object in the corner of the frame.",9eHbqMayxv8-Scene-0031,4,5,1
/data/home/yuanhaoc/videophy/DPO_Data/deepseek_gemini_filter/no_prompt_extension/Wan1.3B/seed_1/9keueOoFuHk-Scene-0029.mp4,The video shows a white sports car driving on a highway. The car is seen drifting around a corner and then driving straight. The car has a sleek design with black rims and a black interior. The highway is surrounded by mountains and wind turbines in the background. There are no other cars visible on the road.,9keueOoFuHk-Scene-0029,1,4,0
/data/home/yuanhaoc/videophy/DPO_Data/deepseek_gemini_filter/no_prompt_extension/Wan1.3B/seed_1/9o53LIlXPac-Scene-0033.mp4,"The video shows a hockey game in progress. The players are wearing white and red jerseys. The white team is in possession of the puck and is attempting to score a goal. The red team is defending their goal. The players are skating quickly across the ice, using their sticks to pass the puck and maneuver around each other. The goalie is wearing a red jersey and is positioned in front of the net, ready to block any shots. The crowd is cheering in the background.",9o53LIlXPac-Scene-0033,0,4,0
/data/home/yuanhaoc/videophy/DPO_Data/deepseek_gemini_filter/no_prompt_extension/Wan1.3B/seed_1/9pooznVl6YY-Scene-0007.mp4,"The video shows a kickboxing match between two men in a ring. One man is wearing a black shirt and shorts, while the other is wearing a white shirt and shorts. The man in black is seen throwing punches and kicks at the man in white, who is also throwing punches and kicks back. The crowd is cheering and watching the match from the sidelines. The ring has a black floor with yellow and white markings, and the words ""REIGN IN CHAMPION"" are visible on the floor. The video is shot from a side angle, capturing the action in the ring.",9pooznVl6YY-Scene-0007,4,4,1
/data/home/yuanhaoc/videophy/DPO_Data/deepseek_gemini_filter/no_prompt_extension/Wan1.3B/seed_1/9pr2zIv0GVo-Scene-0166.mp4,"The video shows a wrestling match taking place in a ring with a referee overseeing the action. The wrestlers are seen grappling with each other, with one wrestler being thrown onto the mat. The referee is standing by, ready to make a call. The wrestling ring is surrounded by ropes and the background is filled with colorful lights. The wrestlers are wearing typical wrestling attire, including boots and briefs. The referee is dressed in a striped shirt and black pants. The video captures the intensity and physicality of the sport, with the wrestlers demonstrating their strength and agility.",9pr2zIv0GVo-Scene-0166,4,3,0
/data/home/yuanhaoc/videophy/DPO_Data/deepseek_gemini_filter/no_prompt_extension/Wan1.3B/seed_1/9tmlWLg_ut0-Scene-0068.mp4,"In the video, a person is seen slicing a tomato into thin pieces. The person is using a knife to cut the tomato into even slices. The tomato is red and appears to be ripe. The person's hand is visible, and they are wearing a ring on their finger. The cutting board is made of wood and has a natural finish. The knife is silver and has a sharp edge. The person is slicing the tomato with precision and care, ensuring that each slice is even and thin. The video is shot in close-up, focusing on the action of slicing the tomato.",9tmlWLg_ut0-Scene-0068,4,4,1
/data/home/yuanhaoc/videophy/DPO_Data/deepseek_gemini_filter/no_prompt_extension/Wan1.3B/seed_1/9ypkXSRusf8-Scene-0013.mp4,"The video shows a baseball game in progress. The pitcher is throwing the ball towards the batter, who is ready to hit it. The catcher is crouched behind the batter, ready to catch the ball if the batter misses. The umpire is standing behind the catcher, watching the play closely. The players are wearing their team uniforms, and the field is surrounded by a crowd of spectators. The atmosphere is tense as the players focus on the game.",9ypkXSRusf8-Scene-0013,4,4,1
/data/home/yuanhaoc/videophy/DPO_Data/deepseek_gemini_filter/no_prompt_extension/Wan1.3B/seed_1/A6SjkVC1aSI-Scene-0014.mp4,"The video shows a soccer game in progress. The players are wearing blue and white striped uniforms. The game is being played on a green field with white markings. The players are seen running, kicking the ball, and attempting to score goals. The stadium has blue seats, and there are spectators watching the game. The players are wearing cleats, and the ball is white with black spots.",A6SjkVC1aSI-Scene-0014,1,3,0
/data/home/yuanhaoc/videophy/DPO_Data/deepseek_gemini_filter/no_prompt_extension/Wan1.3B/seed_1/A8RHr9ULijA-Scene-0020.mp4,"In the video, a young boy is seen standing in front of a soda fountain. He is holding a cup and is getting ready to fill it with soda. The boy is wearing a white shirt and has blonde hair. The soda fountain has several options, including Coca-Cola, Sprite, and Fanta. The boy is seen looking at the options and then decides to fill his cup with Fanta. He presses the lever and the soda starts to pour into his cup. The boy watches the soda fill up his cup and then takes a sip. The video captures the moment of the boy enjoying his soda.",A8RHr9ULijA-Scene-0020,4,3,0
/data/home/yuanhaoc/videophy/DPO_Data/deepseek_gemini_filter/no_prompt_extension/Wan1.3B/seed_1/A9vqBUIj4Ps-Scene-0126.mp4,"The video shows a person driving a car down a street. The driver's hands are visible on the steering wheel, and the dashboard is visible in the foreground. The car is moving at a steady pace, and the driver is navigating the car smoothly. The street is lined with houses and parked cars, and there are no other vehicles on the road. The sky is overcast, and the overall color palette of the video is muted.",A9vqBUIj4Ps-Scene-0126,0,5,0
/data/home/yuanhaoc/videophy/DPO_Data/deepseek_gemini_filter/no_prompt_extension/Wan1.3B/seed_1/AE5COHTT66c-Scene-0013.mp4,"In the video, a firefighter is seen climbing a ladder to reach the second floor of a house. The firefighter is wearing a black helmet and a uniform with reflective stripes. The ladder is silver and appears to be made of metal. The house has a brick exterior and white windows. The firefighter is holding onto the ladder with one hand while climbing. The video is shot from a distance, and the firefighter's face is not visible. The video also includes a caption that reads ""DONELSON/MAY 28, 2014"" and ""DAVIDSON COUNTY.""",AE5COHTT66c-Scene-0013,4,3,0
/data/home/yuanhaoc/videophy/DPO_Data/deepseek_gemini_filter/no_prompt_extension/Wan1.3B/seed_1/AEyMb0hVuL4-Scene-0028.mp4,"The video shows a football game being played on a field. The players are wearing white and black uniforms, and the ball is being thrown by one of the players. The game seems to be in progress, with players running and tackling each other. The field is marked with white lines, and there are spectators in the stands.",AEyMb0hVuL4-Scene-0028,1,3,0
/data/home/yuanhaoc/videophy/DPO_Data/deepseek_gemini_filter/no_prompt_extension/Wan1.3B/seed_1/AGBCy0CHvb8-Scene-0077.mp4,"The video shows a person using a table saw to cut a piece of wood. The person is wearing a red shirt and is holding the wood with one hand while the other hand is guiding the saw blade. The saw blade is spinning at a high speed and is cutting through the wood. The person is using a push stick to push the wood through the blade. The background is blurred, but it appears to be a workshop setting.",AGBCy0CHvb8-Scene-0077,1,3,0
/data/home/yuanhaoc/videophy/DPO_Data/deepseek_gemini_filter/no_prompt_extension/Wan1.3B/seed_1/AIsOT1QmD3w-Scene-0047.mp4,"The video shows a person kayaking in a river. The person is wearing a red helmet and a blue jacket. The kayak is red and black in color. The person is paddling through the water, which is splashing around. The person is holding a paddle in their hands and is moving it back and forth to navigate the kayak through the water. The person appears to be enjoying the activity and is focused on their task. The surroundings are not clearly visible, but it seems to be a natural setting with trees and rocks in the background.",AIsOT1QmD3w-Scene-0047,5,4,1
/data/home/yuanhaoc/videophy/DPO_Data/deepseek_gemini_filter/no_prompt_extension/Wan1.3B/seed_1/ALLu26aLMMs-Scene-0010.mp4,"In the video, a man is seen using a power drill to make holes in a white ceiling. He is wearing a white shirt and appears to be focused on his task. The drill is black and green in color, and he is using it to make several holes in the ceiling. The ceiling itself is white, and the man is standing on a ladder to reach the higher areas. The video is shot from a low angle, looking up at the man and the ceiling.",ALLu26aLMMs-Scene-0010,4,4,1
/data/home/yuanhaoc/videophy/DPO_Data/deepseek_gemini_filter/no_prompt_extension/Wan1.3B/seed_1/APeWrVkD3pI-Scene-0003.mp4,"The video shows a football game in progress. The players are seen running and tackling each other on the field. The field is marked with white lines and numbers indicating yardage. The players are wearing helmets and pads, and the ball is being carried by one of the players. The game is being played on a sunny day, and the players are seen running towards the end zone.",APeWrVkD3pI-Scene-0003,0,4,0
/data/home/yuanhaoc/videophy/DPO_Data/deepseek_gemini_filter/no_prompt_extension/Wan1.3B/seed_1/ARepdtiy1Jk-Scene-0150.mp4,"The video shows a black jeep driving on a dirt road. The jeep is driving on the right side of the road, and there are trees on both sides of the road. The jeep is moving at a moderate speed and appears to be in good condition. The road is uneven and has some potholes, but the jeep is handling it well. The sky is overcast, and there are no other vehicles or people visible in the video.",ARepdtiy1Jk-Scene-0150,0,5,0
/data/home/yuanhaoc/videophy/DPO_Data/deepseek_gemini_filter/no_prompt_extension/Wan1.3B/seed_1/ARo30co_VKY-Scene-0034.mp4,"In the video, a person is seen holding a raw chicken in their hands. The chicken is being cut open with a knife. The person is wearing a tattoo on their left hand. The background is a white surface, and there is a metal spoon visible in the background. The person's hands are steady as they cut through the chicken's skin and flesh. The knife is silver and appears to be sharp as it cuts through the chicken with ease. The chicken's skin is pinkish-white, and the meat inside is a pale pink color. The person's movements are precise and careful as they cut through the chicken.",ARo30co_VKY-Scene-0034,4,4,1
/data/home/yuanhaoc/videophy/DPO_Data/deepseek_gemini_filter/no_prompt_extension/Wan1.3B/seed_1/AVgrNsmzVxo-Scene-0035.mp4,"The video starts with a person holding a white piece of paper in their hand. The person then places the paper on a green surface. Next, the person picks up a pencil and begins to draw on the paper. The video ends with the person continuing to draw on the paper.",AVgrNsmzVxo-Scene-0035,4,4,1
/data/home/yuanhaoc/videophy/DPO_Data/deepseek_gemini_filter/no_prompt_extension/Wan1.3B/seed_1/AX8jN0Oa8Wo-Scene-0061.mp4,The video shows a young boy kneading dough on a table. He is wearing a white shirt and is using his hands to mix the dough. Another person is also seen helping him with the process.,AX8jN0Oa8Wo-Scene-0061,1,4,0
/data/home/yuanhaoc/videophy/DPO_Data/deepseek_gemini_filter/no_prompt_extension/Wan1.3B/seed_1/Aba_w-BSylo-Scene-0004.mp4,"The video shows a man in a red shirt and black shorts playing golf on a grassy field. He is holding a golf club and is seen hitting a golf ball. The man is wearing a black cap and white shoes. The video captures the moment the man hits the ball, and the ball is seen flying through the air. The man then turns around and smiles. The video also includes a subtitle that reads ""Chunked it!""",Aba_w-BSylo-Scene-0004,0,3,0
/data/home/yuanhaoc/videophy/DPO_Data/deepseek_gemini_filter/no_prompt_extension/Wan1.3B/seed_1/AcR-eAJ9NuU-Scene-0037.mp4,"In the video, a person is using a blue rake to clean up a pile of hay. The person is raking the hay into a pile and then picking it up with their hand. The person is wearing a tattoo on their arm and is standing in front of a blue mat. The hay is scattered all over the mat, and the person is using the rake to gather it into a pile. The person's hand is visible as they pick up the hay with the rake. The video is shot from a close-up angle, focusing on the person's hand and the rake.",AcR-eAJ9NuU-Scene-0037,4,4,1
/data/home/yuanhaoc/videophy/DPO_Data/deepseek_gemini_filter/no_prompt_extension/Wan1.3B/seed_1/AlOe16-yxr0-Scene-0031.mp4,"In the video, a man is seen lying on a bench in a gym, lifting a barbell with weights on it. He is wearing a gray tank top and has a muscular build. The gym is well-lit, and there are various pieces of equipment in the background. The man is focused on his workout, and his breathing is heavy as he lifts the barbell. The barbell is black and has several weight plates attached to it. The man's hands are wrapped around the bar, and he is using his arms and shoulders to lift the weight. The gym appears to be quiet, with no other people visible in the video.",AlOe16-yxr0-Scene-0031,4,4,1
/data/home/yuanhaoc/videophy/DPO_Data/deepseek_gemini_filter/no_prompt_extension/Wan1.3B/seed_1/AlOe16-yxr0-Scene-0077.mp4,"In the video, a woman is lying on a bench in a gym, lifting a barbell with both hands. She is wearing a gray sports bra and black shorts with a red stripe. The gym is equipped with various exercise equipment, including dumbbells and weight machines. The woman is focused on her workout, lifting the barbell up and down with controlled movements. The lighting in the gym is bright, and the walls are painted in a neutral color. The woman's muscles are visibly defined, indicating that she is experienced in weightlifting.",AlOe16-yxr0-Scene-0077,0,4,0
/data/home/yuanhaoc/videophy/DPO_Data/deepseek_gemini_filter/no_prompt_extension/Wan1.3B/seed_1/AnMLmdEV-YE-Scene-0018.mp4,"The video shows a person using a hammer to hit a small wooden box on a table. The box appears to be made of two different types of wood, with one side being a lighter color and the other side being a darker color. The person is wearing a watch on their left wrist and a ring on their left hand. The hammer used is made of wood and has a metal head. The table is covered with wood shavings, indicating that woodworking has been done on it. The person's actions are deliberate and precise, suggesting that they are skilled in woodworking.",AnMLmdEV-YE-Scene-0018,4,4,1
/data/home/yuanhaoc/videophy/DPO_Data/deepseek_gemini_filter/no_prompt_extension/Wan1.3B/seed_1/AqfqqgHtswo-Scene-0179.mp4,"The video shows a person's hand holding a plastic bag over a fish tank. The bag is filled with water and the person is using it to add oxygen to the water in the tank. The tank has green plants and a rock in it. The water in the bag is bubbling, indicating the presence of oxygen. The person is carefully placing the bag under the water surface to ensure that the oxygen is released into the tank.",AqfqqgHtswo-Scene-0179,1,4,0
/data/home/yuanhaoc/videophy/DPO_Data/deepseek_gemini_filter/no_prompt_extension/Wan1.3B/seed_1/Aqp2BhPgcMM-Scene-0026.mp4,"In the video, a person is using a metal bending machine to bend a piece of metal. The person is holding the metal with one hand and using the other hand to operate the machine. The machine has a large metal block that is used to bend the metal. The person is wearing a blue shirt and has a watch on their left wrist. The metal being bent is silver in color and appears to be a thin sheet. The machine is placed on a table and there are other tools visible in the background.",Aqp2BhPgcMM-Scene-0026,1,4,0
/data/home/yuanhaoc/videophy/DPO_Data/deepseek_gemini_filter/no_prompt_extension/Wan1.3B/seed_1/Arfx3UnEKgU-Scene-0006.mp4,"The video shows a police car that has crashed into a tree. The car is white and is partially obscured by the tree. The police car has its emergency lights on, which are flashing brightly. The scene is set at night, and the only source of light is the emergency lights. The police car appears to be damaged, with visible dents and scratches on the body. The tree is also damaged, with its branches and leaves scattered around the car. There is no visible movement or people in the video.",Arfx3UnEKgU-Scene-0006,3,4,0
/data/home/yuanhaoc/videophy/DPO_Data/deepseek_gemini_filter/no_prompt_extension/Wan1.3B/seed_1/Asc36H3n1LA-Scene-0031.mp4,The video shows a baseball game in progress. The camera focuses on a player who hits the ball and starts running towards the first base. The player is wearing a white uniform with a red cap. The field is green with brown dirt and the stadium is filled with spectators. The scoreboard is visible in the background showing the score as 9-0.,Asc36H3n1LA-Scene-0031,1,4,0
/data/home/yuanhaoc/videophy/DPO_Data/deepseek_gemini_filter/no_prompt_extension/Wan1.3B/seed_1/Av4ByZFWf4M-Scene-0080.mp4,"In the video, a young child is being helped by a woman to ride a bicycle. The woman is holding the child's arms and guiding them as they pedal. The child is wearing a red shirt and black pants, and the bicycle is red and black with white tires. The woman is wearing a pink sweatshirt and blue jeans. The background shows a living room with a couch and a coffee table.",Av4ByZFWf4M-Scene-0080,5,4,1
/data/home/yuanhaoc/videophy/DPO_Data/deepseek_gemini_filter/no_prompt_extension/Wan1.3B/seed_1/B4CAou7i7Io-Scene-0002.mp4,The video shows a person wearing gloves working on a car engine. The person is using a tool to remove a spark plug from the engine. The engine is silver and there are several other parts visible in the background. The person's hands are moving quickly and with precision as they work on the engine.,B4CAou7i7Io-Scene-0002,1,4,0
/data/home/yuanhaoc/videophy/DPO_Data/deepseek_gemini_filter/no_prompt_extension/Wan1.3B/seed_1/B4bb_-T2cDg-Scene-0057.mp4,"The video shows a black and white dog running around a field, chasing after a sheep. The dog is seen running towards the sheep, grabbing it by the neck, and pulling it along. The sheep is seen running away from the dog, trying to escape. The dog continues to chase after the sheep, pulling it along with its teeth. The field is surrounded by a fence, and there are people watching the dog and sheep from a distance. The dog appears to be a herding breed, and the sheep is a white woolly one. The video captures the playful interaction between the dog and the sheep in the field.",B4bb_-T2cDg-Scene-0057,4,4,1
/data/home/yuanhaoc/videophy/DPO_Data/deepseek_gemini_filter/no_prompt_extension/Wan1.3B/seed_1/B5WpdqJsNJQ-Scene-0003.mp4,"In the video, a person is seen using a piece of sandpaper to sand down a metal plate. The person is holding the sandpaper in their right hand and is moving it back and forth over the surface of the plate. The plate has several holes in it, and the person is focusing on sanding down one particular area. The person's movements are deliberate and careful, indicating that they are trying to smooth out the surface of the metal. The lighting in the video is dim, and the background is not clearly visible. The person's hand and the sandpaper are the main focus of the video.",B5WpdqJsNJQ-Scene-0003,5,4,1
/data/home/yuanhaoc/videophy/DPO_Data/deepseek_gemini_filter/no_prompt_extension/Wan1.3B/seed_1/B6QH0IoICpM-Scene-0043.mp4,"In the video, a person is seen using a hammer to crack open a nut. The person is wearing a black jacket and has a ring on their finger. The nut is brown and is being cracked open on a concrete surface. The person picks up the nut and hits it with the hammer, causing it to crack open. The person then picks up the pieces of the nut and shows them to the camera.",B6QH0IoICpM-Scene-0043,0,3,0
/data/home/yuanhaoc/videophy/DPO_Data/deepseek_gemini_filter/no_prompt_extension/Wan1.3B/seed_1/B6gQA1DZw5E-Scene-0118.mp4,"The video shows a person peeling the shell off of a boiled egg. The person's hands are visible, and they are using their fingers to remove the shell from the egg. The background is dark, and the focus is on the egg and the person's hands.",B6gQA1DZw5E-Scene-0118,1,3,0
/data/home/yuanhaoc/videophy/DPO_Data/deepseek_gemini_filter/no_prompt_extension/Wan1.3B/seed_1/B7QT7ntwaF8-Scene-0010.mp4,"The video shows a man in red shorts paddling a canoe in the ocean. The canoe is made of wood and has a pointed front. The man is using a long wooden paddle to navigate the waves. The ocean is calm with small waves, and the sky is clear. The man appears to be enjoying his time on the water, and there are no other boats or people visible in the video.",B7QT7ntwaF8-Scene-0010,5,4,1
/data/home/yuanhaoc/videophy/DPO_Data/deepseek_gemini_filter/no_prompt_extension/Wan1.3B/seed_1/BF9sm7npKPs-Scene-0019.mp4,"In the video, a man is seen standing in a workshop. He is wearing a black shirt and has a beard. He is holding a piece of cotton and a razor blade. He starts by showing the cotton to the camera and then proceeds to shave it with the razor blade. As he shaves the cotton, he talks about the process. The workshop behind him is filled with various tools and equipment. The man appears to be skilled and confident in his actions. The video is shot in a close-up manner, focusing on the man and his actions.",BF9sm7npKPs-Scene-0019,3,3,0
/data/home/yuanhaoc/videophy/DPO_Data/deepseek_gemini_filter/no_prompt_extension/Wan1.3B/seed_1/BIDzoQSwJNo-Scene-0010.mp4,"The video shows a person surfing on a large wave in the ocean. The surfer is wearing a black wetsuit and is riding a purple surfboard. The wave is green and white, and the surfer is seen riding along the wave, making turns and maneuvers. The sky is clear and blue, and the water is a deep blue color. The surfer appears to be skilled, maintaining balance and control throughout the ride.",BIDzoQSwJNo-Scene-0010,0,4,0
/data/home/yuanhaoc/videophy/DPO_Data/deepseek_gemini_filter/no_prompt_extension/Wan1.3B/seed_1/BN-JxUS3VGw-Scene-0033.mp4,"In the video, a person is seen holding a folding knife in their hand. The knife has a black handle with a silver blade. The person's thumb is used to open the knife, revealing the blade. The person then closes the knife by pushing the blade back into the handle. The background is a table with a camouflage pattern.",BN-JxUS3VGw-Scene-0033,3,4,0
/data/home/yuanhaoc/videophy/DPO_Data/deepseek_gemini_filter/no_prompt_extension/Wan1.3B/seed_1/BOyu7bXslAM-Scene-0171.mp4,"The video shows a herd of buffaloes walking through a river. One of the buffaloes is seen attacking a crocodile that is trying to attack it. The buffaloes continue to walk through the river, and the crocodile is seen swimming away.",BOyu7bXslAM-Scene-0171,1,4,0
/data/home/yuanhaoc/videophy/DPO_Data/deepseek_gemini_filter/no_prompt_extension/Wan1.3B/seed_1/BRuRLhr2g_I-Scene-0029.mp4,"In the video, a person wearing white gloves is seen using a knife to cut open a clam. The clam is placed on a white surface, and the person is carefully cutting through the shell. The knife is silver and appears to be sharp, as it easily cuts through the clam's shell. The clam itself is gray and white, with visible stripes on its shell. The person's movements are precise and deliberate, indicating that they are experienced in handling clams. The video does not contain any text or subtitles.",BRuRLhr2g_I-Scene-0029,1,4,0
/data/home/yuanhaoc/videophy/DPO_Data/deepseek_gemini_filter/no_prompt_extension/Wan1.3B/seed_1/BSsg2mdns2k-Scene-0030.mp4,"The video shows a man surfing on a large wave in the ocean. He is wearing a white shirt and black shorts. The surfer is seen riding the wave, turning and maneuvering his surfboard skillfully. The wave is quite large and powerful, and the surfer appears to be enjoying the ride. The ocean water is a deep blue color, and the sky is clear with no clouds in sight. The surfer's movements are fluid and confident, and he seems to be in complete control of his surfboard. The video captures the excitement and thrill of surfing on a big wave.",BSsg2mdns2k-Scene-0030,4,4,1
/data/home/yuanhaoc/videophy/DPO_Data/deepseek_gemini_filter/no_prompt_extension/Wan1.3B/seed_1/BVHQhXKrQBg-Scene-0071.mp4,The video shows a fish swimming in the water. The fish is white in color and has a yellow tail. It is moving its fins and tail to navigate through the water. The water is clear and there are small bubbles visible on the surface. The fish appears to be alone in the water and there are no other fish or objects visible in the video.,BVHQhXKrQBg-Scene-0071,5,5,1
/data/home/yuanhaoc/videophy/DPO_Data/deepseek_gemini_filter/no_prompt_extension/Wan1.3B/seed_1/BVhEllocPW8-Scene-0081.mp4,"The video shows a person's hand reaching into a blue bucket filled with water and several fish. The fish are of different colors, including orange, white, and black. The person's hand is seen touching and moving the fish around in the water. The fish seem to be swimming around and interacting with the person's hand.",BVhEllocPW8-Scene-0081,0,5,0
/data/home/yuanhaoc/videophy/DPO_Data/deepseek_gemini_filter/no_prompt_extension/Wan1.3B/seed_1/BZjwKY35bo8-Scene-0074.mp4,"In the video, two young boys are seen standing in front of a water fountain. They are both wearing tank tops and shorts. The fountain is made of black material and has a series of small holes from which water is spraying upwards. The boys are reaching out and touching the water, and it appears that they are enjoying the sensation of the water on their hands. The water is spraying up in a fine mist, and the boys are standing close to the fountain, with their arms extended towards the water. The background of the video is not clearly visible, but it seems to be an outdoor setting.",BZjwKY35bo8-Scene-0074,0,4,0
/data/home/yuanhaoc/videophy/DPO_Data/deepseek_gemini_filter/no_prompt_extension/Wan1.3B/seed_1/BfkuSicFa-k-Scene-0006.mp4,"In the video, a man is seen working underneath a car. He is wearing a gray shirt and a black cap. He is using a tool to grind down a piece of metal. As he works, sparks fly out from the point of contact between the tool and the metal. The man appears to be focused on his task, and the environment suggests that he is in a garage or workshop setting. The video provides a close-up view of the grinding process, allowing viewers to see the sparks and the tool in action. The man's movements are steady and precise, indicating that he is experienced in this type of work. The video does not contain any visible title, subtitle, or other informative text.",BfkuSicFa-k-Scene-0006,4,4,1
/data/home/yuanhaoc/videophy/DPO_Data/deepseek_gemini_filter/no_prompt_extension/Wan1.3B/seed_1/BkvtrCcEFp4-Scene-0069.mp4,"In the video, a person is seen holding a piece of slime in their hands. The slime is covered in small, colorful beads that are scattered around the person's hands. The person is wearing a ring on their left hand and has blue nail polish on their fingernails. They are stretching and pulling the slime, causing the beads to move and shift. The background is a dark, glittery surface that contrasts with the bright colors of the beads and the person's nails.",BkvtrCcEFp4-Scene-0069,5,4,1
/data/home/yuanhaoc/videophy/DPO_Data/deepseek_gemini_filter/no_prompt_extension/Wan1.3B/seed_1/Bl5OFosjNZE-Scene-0042.mp4,"In the video, a person is seen pouring flour into a bowl. The bowl already contains some other ingredients, which are not clearly visible. The person pours the flour from a height, and the flour falls into the bowl, creating a small cloud of dust. The person's hand is visible, and they are wearing a ring on their finger. The bowl is white, and the flour is white as well. The background is not clearly visible, but it appears to be a kitchen setting.",Bl5OFosjNZE-Scene-0042,1,4,0
/data/home/yuanhaoc/videophy/DPO_Data/deepseek_gemini_filter/no_prompt_extension/Wan1.3B/seed_1/BlBkGj2fCCQ-Scene-0020.mp4,"The video shows a close-up of a pan on a stove. A person is pouring a yellow liquid, which appears to be beaten eggs with bits of red, into the pan. The liquid spreads out and starts to cook. The person uses a spatula to move the eggs around in the pan, ensuring they cook evenly. The eggs appear to be in the early stages of cooking, as they are still runny and not fully set. The pan is black and appears to be non-stick. The stove is not visible in the video.",BlBkGj2fCCQ-Scene-0020,5,5,1
/data/home/yuanhaoc/videophy/DPO_Data/deepseek_gemini_filter/no_prompt_extension/Wan1.3B/seed_1/BnubovIW4yA-Scene-0112.mp4,"The video shows a person kayaking in the ocean. The camera is positioned behind the person, capturing their arms and the oar they are using to paddle. The person is wearing a black shirt and shorts, and the kayak is black with a speaker on the back. The water is a deep blue color, and the sky is clear. The person is paddling steadily, and the camera angle remains constant throughout the video.",BnubovIW4yA-Scene-0112,1,4,0
/data/home/yuanhaoc/videophy/DPO_Data/deepseek_gemini_filter/no_prompt_extension/Wan1.3B/seed_1/BpMwnfXfrzY-Scene-0017.mp4,"The video shows a girl jumping on a trampoline and performing a backflip. She is wearing a grey tracksuit and has long blonde hair. The trampoline is surrounded by a white picket fence and there is a white RV in the background. The word ""Tuck"" appears on the screen as she completes the flip.",BpMwnfXfrzY-Scene-0017,1,4,0
/data/home/yuanhaoc/videophy/DPO_Data/deepseek_gemini_filter/no_prompt_extension/Wan1.3B/seed_1/BrfG-Ogd7fM-Scene-0006.mp4,"The video shows a person's hands holding a clear glass bowl filled with a mixture of food. The person is using a spoon to stir the mixture. The mixture appears to be a combination of various ingredients, including what looks like oatmeal, yogurt, and possibly some kind of fruit or vegetable. The person's nails are painted red, and they are wearing a ring on their left hand. The spoon is made of metal and has a long handle. The person is stirring the mixture in a circular motion, and the mixture is thick and creamy. The background is not visible, and the focus is on the bowl and the stirring action.",BrfG-Ogd7fM-Scene-0006,5,4,1
/data/home/yuanhaoc/videophy/DPO_Data/deepseek_gemini_filter/no_prompt_extension/Wan1.3B/seed_1/BsDiFn3CkGc-Scene-0018.mp4,The video shows a person stirring a white creamy mixture in a silver pot with a metal whisk. The pot is placed on a black stove. The person's hand is visible as they stir the mixture. The background shows a black countertop with a wooden cutting board and a knife.,BsDiFn3CkGc-Scene-0018,1,5,0
/data/home/yuanhaoc/videophy/DPO_Data/deepseek_gemini_filter/no_prompt_extension/Wan1.3B/seed_1/Bt24fYOkEME-Scene-0092.mp4,"The video shows a man snowboarding down a snowy hill. He is wearing a black jacket and beige pants. The hill is surrounded by trees and there are houses visible in the distance. The sky is blue with some clouds. The man is seen snowboarding down the hill, making turns and going down the slope.",Bt24fYOkEME-Scene-0092,4,3,0
/data/home/yuanhaoc/videophy/DPO_Data/deepseek_gemini_filter/no_prompt_extension/Wan1.3B/seed_1/Bwxa9UR1SMQ-Scene-0029.mp4,"In the video, a yellow sports car is seen drifting on a snow-covered road. The car is kicking up a lot of snow as it moves, and the tires are spinning rapidly. The car is a bright yellow color with black accents and appears to be a high-performance vehicle. The road is surrounded by snow-covered trees and there are large piles of snow on the sides of the road. The sky is overcast, and the overall color palette of the video is dominated by shades of white and yellow.",Bwxa9UR1SMQ-Scene-0029,5,4,1
/data/home/yuanhaoc/videophy/DPO_Data/deepseek_gemini_filter/no_prompt_extension/Wan1.3B/seed_1/BxoftCkJKWk-Scene-0026.mp4,The video shows a person wearing black gloves working on a car engine. The person is using a screwdriver to remove the spark plug from the engine. The engine is black and has several other components visible. The person's movements are deliberate and careful as they work on the engine.,BxoftCkJKWk-Scene-0026,1,4,0
/data/home/yuanhaoc/videophy/DPO_Data/deepseek_gemini_filter/no_prompt_extension/Wan1.3B/seed_1/By5sZvYAXR8-Scene-0054.mp4,"The video shows a woman in a black top and leggings performing squats with a barbell. She is wearing red sneakers and has her hair tied back. A man in a gray tank top and shorts is standing behind her, spotting her. The gym is equipped with various exercise machines and weights. The woman is seen lifting the barbell from a squat position to her chest and then standing up straight. The man is attentively watching her, ready to assist if needed. The lighting in the gym is bright, and the walls are painted in a dark color.",By5sZvYAXR8-Scene-0054,4,4,1
/data/home/yuanhaoc/videophy/DPO_Data/deepseek_gemini_filter/no_prompt_extension/Wan1.3B/seed_1/ByajcRt-u9o-Scene-0003.mp4,"In the video, a person is seen holding a blue slime in their hands. The slime appears to be stretchy and malleable, as the person is able to stretch it out and then let it go, causing it to bounce back to its original shape. The person's hands are visible throughout the video, and they seem to be enjoying playing with the slime. The background is plain and white, which makes the blue color of the slime stand out. There are no other objects or people visible in the video.",ByajcRt-u9o-Scene-0003,1,5,0
/data/home/yuanhaoc/videophy/DPO_Data/deepseek_gemini_filter/no_prompt_extension/Wan1.3B/seed_1/BzEtNthZMxk-Scene-0016.mp4,"In the video, a man is seen walking up a staircase. He then proceeds to grab onto the railing and climbs up the stairs. Once he reaches the top, he turns around and walks back down the stairs.",BzEtNthZMxk-Scene-0016,1,4,0
/data/home/yuanhaoc/videophy/DPO_Data/deepseek_gemini_filter/no_prompt_extension/Wan1.3B/seed_1/C-8pqGzUmmg-Scene-0231.mp4,"In the video, a man is seen kneeling down in front of a caged lion. The man is holding a stick and appears to be poking the lion with it. The lion is growling and appears to be agitated by the man's actions. The man is wearing a beige shirt and blue jeans, and the cage is made of metal bars. The background is dark and indistinct, but it appears to be an enclosure of some sort.",C-8pqGzUmmg-Scene-0231,5,4,1
/data/home/yuanhaoc/videophy/DPO_Data/deepseek_gemini_filter/no_prompt_extension/Wan1.3B/seed_1/C3bEzYLEyhE-Scene-0101.mp4,"In the video, a person is seen holding a package of toy dinosaurs. The package is labeled ""Slingshot Dino"" and shows two dinosaurs, one pink and one orange, inside a clear plastic bubble. The person proceeds to open the package by tearing the plastic bubble and then removes the dinosaurs from the package. The video ends with the person holding the two dinosaurs in their hands.",C3bEzYLEyhE-Scene-0101,3,5,0
/data/home/yuanhaoc/videophy/DPO_Data/deepseek_gemini_filter/no_prompt_extension/Wan1.3B/seed_1/C5KIyz1GM3o-Scene-0002.mp4,"The video shows a baseball game in progress. A player in a white uniform hits the ball, which is then caught by a player in a blue uniform. The player in blue then throws the ball to the first baseman, who tags the base before the player in white reaches it. The umpire is seen making a call.",C5KIyz1GM3o-Scene-0002,1,4,0
/data/home/yuanhaoc/videophy/DPO_Data/deepseek_gemini_filter/no_prompt_extension/Wan1.3B/seed_1/C9-bslOigRs-Scene-0056.mp4,"The video shows a group of buffaloes in a dry grassland area with trees in the background. Two buffaloes are seen fighting each other by locking horns and pushing against each other. The rest of the herd is standing around them, watching the fight. The buffaloes are dark brown in color, with curved horns and a hump on their backs. The fight is intense, with dust rising from the ground as the buffaloes push against each other. The video captures the raw and wild nature of these animals in their natural habitat.",C9-bslOigRs-Scene-0056,0,4,0
/data/home/yuanhaoc/videophy/DPO_Data/deepseek_gemini_filter/no_prompt_extension/Wan1.3B/seed_1/C9bpzLcFiYY-Scene-0169.mp4,"The video captures a skateboarder performing a trick on a concrete surface. The skateboarder is wearing a black shirt, blue jeans, and a white helmet. The skateboard is black with white wheels. The skateboarder starts by crouching down and then jumps up into the air, flipping the skateboard beneath their feet. They then land back on the skateboard and ride away. The video is shot in slow motion, allowing for a clear view of the skateboarder's movements and the skateboard's rotation.",C9bpzLcFiYY-Scene-0169,3,3,0
/data/home/yuanhaoc/videophy/DPO_Data/deepseek_gemini_filter/no_prompt_extension/Wan1.3B/seed_1/CBEJ0Kq5Pm8-Scene-0085.mp4,"The video shows a boat moving through the water. The sky is dark and the water is calm. The boat is moving at a steady pace and there are no other boats or objects in the water. The video is shot from the perspective of someone on the boat, looking out over the water.",CBEJ0Kq5Pm8-Scene-0085,1,5,0
/data/home/yuanhaoc/videophy/DPO_Data/deepseek_gemini_filter/no_prompt_extension/Wan1.3B/seed_1/CBXTk4QGCqg-Scene-0014.mp4,"The video captures a group of speedboats racing across the water. The boats are white with red and blue stripes, and they are moving at a high speed, creating large waves in the water. The sky is clear and blue, and there are mountains visible in the background. The boats are racing in a line, with one boat slightly ahead of the others. The water is choppy, and the boats are creating a lot of splashes as they move.",CBXTk4QGCqg-Scene-0014,5,5,1
/data/home/yuanhaoc/videophy/DPO_Data/deepseek_gemini_filter/no_prompt_extension/Wan1.3B/seed_1/CBlYzJOhAUU-Scene-0043.mp4,"In the video, a person is seen holding a rock in their left hand and a metal object in their right hand. The person is wearing a black glove on their right hand. The person is using the metal object to chip away at the rock, creating small pieces. The background of the video shows a body of water and trees.",CBlYzJOhAUU-Scene-0043,1,3,0
/data/home/yuanhaoc/videophy/DPO_Data/deepseek_gemini_filter/no_prompt_extension/Wan1.3B/seed_1/CDFXVwIugcU-Scene-0064.mp4,"In the video, a man is seen standing outside near a fence. He is wearing a black shirt and glasses. The man is holding a pair of pliers in his hands and appears to be using them to cut a piece of wire. The fence is made of wooden posts and wire mesh, and there are trees visible in the background. The man seems focused on his task, and the video captures the moment in detail.",CDFXVwIugcU-Scene-0064,3,3,0
/data/home/yuanhaoc/videophy/DPO_Data/deepseek_gemini_filter/no_prompt_extension/Wan1.3B/seed_1/CE3Bu19qxbM-Scene-0061.mp4,"In the video, a person is seen standing next to a red car. The person is wearing a black jacket and is holding a black object in their hand. The person is using the object to rub the side of the car in a circular motion. The car appears to be parked on a street, and there are no other people or objects visible in the video. The person's actions seem to be focused on the side of the car, and they are applying pressure to the area with the object. The car's color is a vibrant red, and the person's movements are deliberate and methodical.",CE3Bu19qxbM-Scene-0061,4,4,1
/data/home/yuanhaoc/videophy/DPO_Data/deepseek_gemini_filter/no_prompt_extension/Wan1.3B/seed_1/CJfSJaGyWD0-Scene-0094.mp4,"The video shows a person driving a car and shifting gears. The person's hands are visible, and they are wearing a yellow and green wristband. The car's interior is black, and the gear shift is silver. The person is wearing a blue shirt and has a red light on the dashboard. The car is moving, and the person is changing gears.",CJfSJaGyWD0-Scene-0094,1,4,0
/data/home/yuanhaoc/videophy/DPO_Data/deepseek_gemini_filter/no_prompt_extension/Wan1.3B/seed_1/CJnwFY0tba4-Scene-0025.mp4,"In the video, a person is seen holding a pair of scissors and cutting a piece of paper. The paper is white and appears to be a standard sheet of printer paper. The scissors are black-handled and appear to be standard scissors. The person's hand is visible, and they are cutting the paper with precision. The background is a blue cutting mat with grid lines, indicating that the person may be in a crafting or workspace. The video is shot from a close-up angle, focusing on the cutting action.",CJnwFY0tba4-Scene-0025,1,3,0
/data/home/yuanhaoc/videophy/DPO_Data/deepseek_gemini_filter/no_prompt_extension/Wan1.3B/seed_1/CLEezW8kyyY-Scene-0014.mp4,"In the video, a person is seen scooping food from a container and placing it into a bowl. The food appears to be some type of cereal or grain-based dish. The person uses a spoon to transfer the food, and the container is made of plastic. The bowl is also made of plastic and is clear. The person's movements are deliberate and careful as they transfer the food. The background is not clearly visible, but it appears to be an indoor setting. The person's attire is not fully visible, but they seem to be wearing a casual outfit. The video does not contain any dialogue or sound.",CLEezW8kyyY-Scene-0014,4,5,1
/data/home/yuanhaoc/videophy/DPO_Data/deepseek_gemini_filter/no_prompt_extension/Wan1.3B/seed_1/CLckjJP6LLY-Scene-0003.mp4,"The video shows a baseball game in progress. The players are wearing blue and white uniforms and are seen running on the field. The stands are filled with spectators. The players are seen throwing the ball to each other and running around the field. The video is shot from a side angle, showing the players in action.",CLckjJP6LLY-Scene-0003,1,3,0
/data/home/yuanhaoc/videophy/DPO_Data/deepseek_gemini_filter/no_prompt_extension/Wan1.3B/seed_1/CLwHHmljr-o-Scene-0059.mp4,"In the video, a person is using a power drill to make holes in a piece of wood. The wood is light brown and appears to be a table or a similar piece of furniture. The person is wearing a black glove on their left hand and is holding the drill with their right hand. The drill is black and silver and is being used to make holes in the wood. The person is standing in front of the wood and is using the drill to make holes in the center of the wood. The video is shot in a well-lit room and the person is focused on their task.",CLwHHmljr-o-Scene-0059,4,4,1
/data/home/yuanhaoc/videophy/DPO_Data/deepseek_gemini_filter/no_prompt_extension/Wan1.3B/seed_1/CQlD2e5Dc7U-Scene-0097.mp4,"The video shows a red convertible car driving on a race track. The car is seen drifting around a corner, with the driver skillfully maneuvering the vehicle. The car is a bright red color, and the driver is wearing a black helmet. The track is surrounded by grass and trees, and the sky is overcast. The car is the only vehicle on the track, and the driver appears to be enjoying the ride.",CQlD2e5Dc7U-Scene-0097,1,4,0
/data/home/yuanhaoc/videophy/DPO_Data/deepseek_gemini_filter/no_prompt_extension/Wan1.3B/seed_1/CRTZ-SvRErg-Scene-0063.mp4,"In the video, a man is seen using a large saw to cut a piece of wood. The man is wearing a plaid shirt and has a blue wristband on his left wrist. The saw is silver and appears to be quite large, covering most of the width of the wood. The wood is light brown and appears to be clamped down to a workbench. The man is holding the wood with his left hand and using the saw with his right hand. He is making a straight cut through the wood, and there are wood shavings scattered around the workbench.",CRTZ-SvRErg-Scene-0063,4,3,0
/data/home/yuanhaoc/videophy/DPO_Data/deepseek_gemini_filter/no_prompt_extension/Wan1.3B/seed_1/CXPDuQCImpE-Scene-0032.mp4,"The video shows a race car speeding around a track. The car is black and white with a red stripe on the side. It is moving at a fast pace, and the driver is wearing a helmet. The track is surrounded by a crowd of people watching the race. The car is seen going around a curve, and there are other cars on the track as well. The video is shot from a distance, and the focus is on the car as it speeds past.",CXPDuQCImpE-Scene-0032,5,4,1
/data/home/yuanhaoc/videophy/DPO_Data/deepseek_gemini_filter/no_prompt_extension/Wan1.3B/seed_1/CYq97ahHz9I-Scene-0108.mp4,"The video shows a car driving on a wet road with windshield wipers moving back and forth. The sky is overcast, and the road is lined with buildings and trees. The car is following another car in front of it, and there are no pedestrians or other vehicles visible. The windshield wipers are clearing the rainwater from the windshield, and the car is moving at a steady pace.",CYq97ahHz9I-Scene-0108,1,5,0
/data/home/yuanhaoc/videophy/DPO_Data/deepseek_gemini_filter/no_prompt_extension/Wan1.3B/seed_1/CZNsoapM6rA-Scene-0019.mp4,"The video shows a close-up of a large pot of boiling water with chunks of meat in it. The water is bubbling and steaming, indicating that it is being cooked at a high temperature. The meat appears to be chicken, and it is being cooked until it is fully cooked. The pot is placed on a stove, and the video is shot from above, giving a clear view of the boiling process. The steam rising from the pot is thick and white, and the sound of the boiling water can be heard in the background. The video is shot in real-time, and the camera remains steady throughout the duration of the video.",CZNsoapM6rA-Scene-0019,5,5,1
/data/home/yuanhaoc/videophy/DPO_Data/deepseek_gemini_filter/no_prompt_extension/Wan1.3B/seed_1/C_jfAK376GQ-Scene-0023.mp4,"The video shows a yellow car drifting around a corner on a wet track. The car is covered in mud and water, and there are people watching from the sidelines. The car is moving at a high speed, and the sound of the engine can be heard. The track appears to be a professional racing circuit, and the car is likely a rally car. The driver is wearing a helmet and is focused on the track ahead. The video is shot from a side angle, capturing the car as it drifts around the corner.",C_jfAK376GQ-Scene-0023,1,4,0
/data/home/yuanhaoc/videophy/DPO_Data/deepseek_gemini_filter/no_prompt_extension/Wan1.3B/seed_1/CaXsTAoDnmA-Scene-0007.mp4,"In the video, we see a young girl standing in a kitchen. She is wearing a black shirt with a pink cat on it. She is holding a carton of eggs and is about to crack one of them into a blue bowl. Another girl, wearing a pink shirt, is standing next to her and is helping her crack the egg. The kitchen has a refrigerator and cabinets in the background.",CaXsTAoDnmA-Scene-0007,5,4,1
/data/home/yuanhaoc/videophy/DPO_Data/deepseek_gemini_filter/no_prompt_extension/Wan1.3B/seed_1/CbT8cwe7LWc-Scene-0184.mp4,"In the video, a person is holding a white object in their hand, and a dog is licking it. The dog is a husky with white and grey fur. The person is wearing a bracelet on their wrist. The background consists of a fence and trees.",CbT8cwe7LWc-Scene-0184,1,4,0
/data/home/yuanhaoc/videophy/DPO_Data/deepseek_gemini_filter/no_prompt_extension/Wan1.3B/seed_1/CbYcK7Q5GOo-Scene-0005.mp4,"In the video, a person is seen using a can opener to open a can. The person is holding the can opener with one hand and the can with the other. The can opener is red and silver in color. The person is wearing a white shirt and has a ring on their finger. The can is green and has a picture of a mountain on it. The person is opening the can from the top.",CbYcK7Q5GOo-Scene-0005,1,3,0
/data/home/yuanhaoc/videophy/DPO_Data/deepseek_gemini_filter/no_prompt_extension/Wan1.3B/seed_1/CeXfT1LL9YI-Scene-0153.mp4,"In the video, a person is using a hose to spray water onto a rock. The rock is located in a stream of water, and the person is standing next to it. The water is clear, and the stream is surrounded by other rocks and pebbles. The person's hand is visible as they hold the hose, and they are wearing a ring on their finger. The water sprays onto the rock, creating a misty effect around it. The person then steps into the stream, and the water level rises up to their ankle. They continue to spray the water onto the rock, and the water droplets can be seen bouncing off the surface of the rock. The person's foot is visible as they step in and out of the stream, and the water ripples around them. The video captures the serene and peaceful atmosphere of the stream, with the sound of flowing water in the background.",CeXfT1LL9YI-Scene-0153,4,4,1
/data/home/yuanhaoc/videophy/DPO_Data/deepseek_gemini_filter/no_prompt_extension/Wan1.3B/seed_1/Cf6gNSYZmbA-Scene-0033.mp4,"In the video, a man is seen working on a car engine. He is using a wrench to loosen a bolt. The man is wearing a black shirt and is standing in front of the car. The engine is blue and there are various other car parts visible in the background. The man appears to be focused on his task and is using the wrench with precision. The video provides a close-up view of the man's hands and the wrench, making it easy to see the action taking place.",Cf6gNSYZmbA-Scene-0033,4,4,1
/data/home/yuanhaoc/videophy/DPO_Data/deepseek_gemini_filter/no_prompt_extension/Wan1.3B/seed_1/Ck6Rd6n3W94-Scene-0005.mp4,"In the video, a person is seen standing in front of a fish tank. The person is holding a red plastic container and pouring water into the fish tank. The fish tank is decorated with various objects, including a statue of a fish and a small bridge. The water in the tank is clear and the fish can be seen swimming around. The person pours the water carefully to avoid disturbing the fish too much.",Ck6Rd6n3W94-Scene-0005,1,4,0
/data/home/yuanhaoc/videophy/DPO_Data/deepseek_gemini_filter/no_prompt_extension/Wan1.3B/seed_1/CuKKL-W47Tc-Scene-0012.mp4,"The video shows a group of race cars driving on a track. The cars are moving at a high speed and are closely following each other. The track is surrounded by green grass and there are several bends and turns. The cars are of different colors and designs, and the drivers are wearing helmets and racing suits. The video is shot from an aerial perspective, giving a clear view of the track and the cars.",CuKKL-W47Tc-Scene-0012,1,5,0
/data/home/yuanhaoc/videophy/DPO_Data/deepseek_gemini_filter/no_prompt_extension/Wan1.3B/seed_1/CzsSMgnTWFw-Scene-0020.mp4,"The video shows a soccer game in progress. The players are wearing green and white uniforms. One player in a green uniform is seen dribbling the ball towards the goal. The goalkeeper, wearing a blue uniform, is seen diving to his left to block the ball. The ball is then seen flying towards the goalpost, and the goalkeeper successfully blocks it. The players are seen running and kicking the ball on the field. The video is shot from a distance, capturing the entire field and the players' movements.",CzsSMgnTWFw-Scene-0020,4,3,0
/data/home/yuanhaoc/videophy/DPO_Data/deepseek_gemini_filter/no_prompt_extension/Wan1.3B/seed_1/D9V6_CUr1HE-Scene-0065.mp4,"The video shows a man dribbling a basketball on an indoor court. He is wearing a black shirt and shorts, and is dribbling the ball with his right hand. The court has a banner that reads ""THINCPRO BASKETBALL"" on the wall behind him. The man is moving around the court, dribbling the ball with quick and precise movements. The video is in black and white, and the man appears to be practicing his dribbling skills.",D9V6_CUr1HE-Scene-0065,0,4,0
/data/home/yuanhaoc/videophy/DPO_Data/deepseek_gemini_filter/no_prompt_extension/Wan1.3B/seed_1/D9uE4ZSwXRc-Scene-0100.mp4,"The video shows a baseball game being played in a stadium. The players are dressed in white uniforms with black caps. The pitcher is seen throwing the ball towards the batter, who is standing ready with a bat. The batter swings at the ball, but it is caught by the catcher. The crowd in the stadium is cheering and clapping. The video is shot from different angles, showing the action from the pitcher's mound, the batter's box, and the stands. The graphics are realistic, and the colors are vibrant.",D9uE4ZSwXRc-Scene-0100,4,3,0
/data/home/yuanhaoc/videophy/DPO_Data/deepseek_gemini_filter/no_prompt_extension/Wan1.3B/seed_1/DATBiBgsdjg-Scene-0071.mp4,"The video shows a person snowboarding down a snowy mountain. The person is wearing a yellow jacket and black pants. They are performing various tricks and stunts while snowboarding. The snowboarder is seen flipping and spinning in the air, and at one point, they land on their back. The mountain is covered in snow, and there are trees visible in the background. The sky is clear and blue.",DATBiBgsdjg-Scene-0071,1,4,0
/data/home/yuanhaoc/videophy/DPO_Data/deepseek_gemini_filter/no_prompt_extension/Wan1.3B/seed_1/DBII5OkD0pI-Scene-0072.mp4,"In the video, a man is seen using a power drill to secure a piece of metal to a wall. He is wearing a black cap and a maroon shirt. The man is holding the drill in his right hand and using his left hand to steady the metal. The wall appears to be made of concrete, and there is a chain-link fence visible in the background. The man's focus is on the task at hand, and he seems to be experienced in handling the power drill. The sound of the drill can be heard in the background, indicating that the man is actively working on the project.",DBII5OkD0pI-Scene-0072,4,4,1
/data/home/yuanhaoc/videophy/DPO_Data/deepseek_gemini_filter/no_prompt_extension/Wan1.3B/seed_1/DIrcOsTXin4-Scene-0046.mp4,"In the video, a man is standing in a kitchen and seasoning a bowl of meat. He is wearing a white t-shirt and blue jeans. The kitchen has wooden cabinets and a sink. The man is holding a pepper grinder and grinding it over the meat. He then picks up a lemon and squeezes it over the meat. The video is shot from a low angle, focusing on the man's actions.",DIrcOsTXin4-Scene-0046,3,3,0
/data/home/yuanhaoc/videophy/DPO_Data/deepseek_gemini_filter/no_prompt_extension/Wan1.3B/seed_1/DJYKl3fwW5s-Scene-0040.mp4,"In the video, a person is seen using a ruler to cut a piece of paper. The person is holding the paper with one hand while using the other hand to cut along the edge of the ruler. The paper appears to be white, and the ruler is silver. The person's nails are painted with a light purple polish, and they are wearing a black ring on their finger. The background is a wooden surface.",DJYKl3fwW5s-Scene-0040,0,3,0
/data/home/yuanhaoc/videophy/DPO_Data/deepseek_gemini_filter/no_prompt_extension/Wan1.3B/seed_1/DKZZDJX_J0w-Scene-0018.mp4,"The video shows a close-up of a tree branch with a yellow band around it. The branch has green leaves and is in front of a black metal fence. A person's hand is seen touching the branch and moving it around. The background is blurred, but it appears to be a grassy area with trees.",DKZZDJX_J0w-Scene-0018,1,5,0
/data/home/yuanhaoc/videophy/DPO_Data/deepseek_gemini_filter/no_prompt_extension/Wan1.3B/seed_1/DLeHyJeLge0-Scene-0046.mp4,"The video shows a small grey hamster in a cage with wood shavings on the floor. The hamster is seen running around the cage, climbing on a wooden structure, and eating from a red bowl. The cage also contains a clear plastic wheel and a wooden house. The hamster appears to be active and healthy.",DLeHyJeLge0-Scene-0046,4,5,1
/data/home/yuanhaoc/videophy/DPO_Data/deepseek_gemini_filter/no_prompt_extension/Wan1.3B/seed_1/DNsO-M8W3Js-Scene-0006.mp4,The video shows a person wearing a blue shirt cutting a fruit in half with a knife. The fruit has a yellow exterior and a pink interior. The person then proceeds to scrape the pink flesh of the fruit out of the skin.,DNsO-M8W3Js-Scene-0006,0,3,0
/data/home/yuanhaoc/videophy/DPO_Data/deepseek_gemini_filter/no_prompt_extension/Wan1.3B/seed_1/DP64pa7iKpA-Scene-0019.mp4,The video shows a man riding a dirt bike through a puddle of water. The bike is splashing water as it goes through the puddle. The man is wearing a helmet and a motocross outfit. The background is a grassy field with people watching from the sidelines. There is a large inflatable arch with the Red Bull logo on it in the background. The video is shot during the daytime.,DP64pa7iKpA-Scene-0019,4,4,1
/data/home/yuanhaoc/videophy/DPO_Data/deepseek_gemini_filter/no_prompt_extension/Wan1.3B/seed_1/DSguk3MwXi8-Scene-0034.mp4,"In the video, a person is seen working on a car's engine. The person is using a pair of pliers to hold a wire and is touching it to a metal part on the engine. The engine is black and has a silver metal part that the person is touching the wire to. The person's hand is visible in the frame, and they are wearing a black glove. The background is blurred, but it appears to be a garage or workshop setting.",DSguk3MwXi8-Scene-0034,4,4,1
/data/home/yuanhaoc/videophy/DPO_Data/deepseek_gemini_filter/no_prompt_extension/Wan1.3B/seed_1/DVPPYcWMiMo-Scene-0050.mp4,"The video shows a person's hands holding a fishing rod and reel over a body of water. The person is wearing a black jacket and has a ring on their left hand. The water is clear and blue, and the sky is clear. The person is reeling in the fishing line, and the camera angle is from the person's perspective, looking down at the water.",DVPPYcWMiMo-Scene-0050,1,5,0
/data/home/yuanhaoc/videophy/DPO_Data/deepseek_gemini_filter/no_prompt_extension/Wan1.3B/seed_1/DYlcs8LM3bg-Scene-0068.mp4,"The video shows a person's hands removing the plastic wrapping from a block of butter. The butter is then placed on a wooden cutting board, and the person begins to cut it with a knife. The knife is large and has a white handle. The cutting board is made of wood and has a light brown color. The butter is yellow and appears to be soft. The person's hands are visible, and they are wearing a white shirt. The background is not visible, and there are no other objects or people in the video.",DYlcs8LM3bg-Scene-0068,1,4,0
/data/home/yuanhaoc/videophy/DPO_Data/deepseek_gemini_filter/no_prompt_extension/Wan1.3B/seed_1/DZ7UnCTMZzE-Scene-0027.mp4,"In this video, we see a clear plastic bag being held over a tank of water. The bag is filled with water and small fish are swimming inside it. The fish are then released into the tank, where they swim around the coral and other marine life. The water in the tank is clear, and the lighting highlights the vibrant colors of the fish and coral. The fish appear to be small and agile, darting quickly around the tank. The coral is a mix of different shapes and colors, providing a beautiful backdrop for the fish. Overall, the video captures a moment of the fish being introduced into their new habitat, and the viewer can observe their behavior and interactions with the environment.",DZ7UnCTMZzE-Scene-0027,4,5,1
/data/home/yuanhaoc/videophy/DPO_Data/deepseek_gemini_filter/no_prompt_extension/Wan1.3B/seed_1/DaJ5v-0YSJc-Scene-0026.mp4,"In the video, a group of people are seen lifting a couch. The couch is beige in color and has a velvet texture. The people lifting the couch are wearing casual clothing. The room has a green wall with posters on it. The floor is black and there is a yellow measuring tape on the floor. The people are moving the couch towards a doorway.",DaJ5v-0YSJc-Scene-0026,1,3,0
/data/home/yuanhaoc/videophy/DPO_Data/deepseek_gemini_filter/no_prompt_extension/Wan1.3B/seed_1/Da_eDDnCLHQ-Scene-0038.mp4,"In the video, a person is seen holding a small plant with green leaves in their hands. The plant appears to be a type of succulent with thick, fleshy leaves. The person is using a pair of scissors to trim the leaves of the plant, likely to shape it or remove any damaged parts. The background is blurred, but it seems to be an indoor setting with neutral colors. The person's hands are visible, and they are wearing a ring on their left hand. The scissors are silver and appear to be sharp, as they cut through the leaves with ease. The plant is held in a way that allows the person to trim the leaves without damaging the rest of the plant. The video does not contain any visible text or subtitles.",Da_eDDnCLHQ-Scene-0038,4,3,0
/data/home/yuanhaoc/videophy/DPO_Data/deepseek_gemini_filter/no_prompt_extension/Wan1.3B/seed_1/Dbcox7VfcNo-Scene-0008.mp4,"The video depicts a praying mantis and a grasshopper in a clear plastic container. The praying mantis is seen attacking the grasshopper, which is hanging upside down. The mantis uses its front legs to grab the grasshopper and its mouth to bite it. The grasshopper struggles to escape but is eventually overpowered by the mantis. The video captures the predatory behavior of the mantis as it feeds on the grasshopper.",Dbcox7VfcNo-Scene-0008,4,4,1
/data/home/yuanhaoc/videophy/DPO_Data/deepseek_gemini_filter/no_prompt_extension/Wan1.3B/seed_1/DeQnoZRTULo-Scene-0092.mp4,"In the video, a person is seen wearing a white glove on their left hand and using a white cloth to clean a black leather car seat. The person is wiping the seat in a circular motion, starting from the top and moving towards the bottom. The car seat has a textured pattern and the person is meticulously cleaning every part of it. The background is blurred, but it appears to be a garage or a workshop.",DeQnoZRTULo-Scene-0092,1,4,0
/data/home/yuanhaoc/videophy/DPO_Data/deepseek_gemini_filter/no_prompt_extension/Wan1.3B/seed_1/Dgw_dTOBgCA-Scene-0178.mp4,"The video shows a man in a blue cap and grey shirt lifting a large bundle of hay. He is standing on a pile of hay and appears to be in a barn or storage area. There are other people in the background, but they are not the focus of the video. The man seems to be struggling to lift the hay, and his facial expression suggests that he is exerting a lot of effort. The hay is golden yellow and appears to be dry. The man's movements are slow and deliberate as he tries to lift the hay.",Dgw_dTOBgCA-Scene-0178,1,4,0
/data/home/yuanhaoc/videophy/DPO_Data/deepseek_gemini_filter/no_prompt_extension/Wan1.3B/seed_1/Dilx613ILyY-Scene-0035.mp4,"In the video, a chef is standing in a kitchen and talking to the camera. He is wearing a white chef's hat and a white chef's coat. The kitchen is well-equipped with various utensils and appliances. The chef is holding a whisk in his hand and appears to be preparing to mix something in a bowl. He then proceeds to mix the ingredients in the bowl with the whisk. The chef's movements are precise and deliberate, indicating his expertise in the kitchen. The lighting in the kitchen is bright, and the colors are vibrant, making the chef's white uniform stand out against the background.",Dilx613ILyY-Scene-0035,5,4,1
/data/home/yuanhaoc/videophy/DPO_Data/deepseek_gemini_filter/no_prompt_extension/Wan1.3B/seed_1/DlxMKKjjF0A-Scene-0036.mp4,The video shows a man in a blue helmet and black and blue wet suit climbing down a rocky cliff into a body of water. He is wearing a harness and gloves. The water is clear and there are rocks and greenery around. Another person in a red helmet and wet suit is also climbing down the cliff.,DlxMKKjjF0A-Scene-0036,1,3,0
/data/home/yuanhaoc/videophy/DPO_Data/deepseek_gemini_filter/no_prompt_extension/Wan1.3B/seed_1/DnhzPecTEFk-Scene-0003.mp4,"The video shows a football game in progress. The players are wearing helmets and uniforms, and the field is covered in mud. The quarterback throws the ball, and the receiver catches it and runs towards the end zone. The defensive team tries to stop him, but he manages to score a touchdown. The crowd cheers as the play is replayed in slow motion.",DnhzPecTEFk-Scene-0003,3,4,0
/data/home/yuanhaoc/videophy/DPO_Data/deepseek_gemini_filter/no_prompt_extension/Wan1.3B/seed_1/DtR_qWYn-7s-Scene-0023.mp4,"In the video, a person is using a drill to make a hole in a piece of wood. The person is holding the wood in place with one hand while using the drill with the other hand. The drill is making a hole in the center of the wood. The person is wearing a black shirt and has a watch on their wrist. The background is blurry, but it appears to be a workshop or garage. The lighting is dim, and the focus is on the drilling action.",DtR_qWYn-7s-Scene-0023,1,4,0
/data/home/yuanhaoc/videophy/DPO_Data/deepseek_gemini_filter/no_prompt_extension/Wan1.3B/seed_1/E-AKRc_yROE-Scene-0184.mp4,"In the video, a man is seen sitting in front of a cage with a cheetah. The man is wearing a black and white shirt and is holding a blue toy. The cheetah is standing on its hind legs and appears to be interested in the toy. The man is moving the toy around, trying to get the cheetah's attention. The cage is made of metal bars and there is a green lawn visible outside the cage. The man and the cheetah seem to be playing together, with the cheetah trying to catch the toy with its mouth.",E-AKRc_yROE-Scene-0184,4,4,1
/data/home/yuanhaoc/videophy/DPO_Data/deepseek_gemini_filter/no_prompt_extension/Wan1.3B/seed_1/E642HNUaOtM-Scene-0040.mp4,The video shows a small model airplane with a yellow nose and a camouflage pattern on its body. It is seen taking off from a green turf field and flying over a track before landing on the track. The airplane has two propellers and is shown from different angles as it takes off and lands.,E642HNUaOtM-Scene-0040,1,5,0
/data/home/yuanhaoc/videophy/DPO_Data/deepseek_gemini_filter/no_prompt_extension/Wan1.3B/seed_1/E9LWAFbF2cs-Scene-0022.mp4,"In the video, a man is seen wearing boxing gloves and shorts, and he is standing in front of a punching bag. He starts by throwing a punch at the bag, and then he walks around it, throwing more punches. The man appears to be practicing his boxing skills, and he seems to be focused and determined. The punching bag is hanging from the ceiling, and it is black in color. The man is wearing a black t-shirt and shorts, and his boxing gloves are black as well. The room where the man is practicing appears to be a gym or a training facility, with a blue mat on the floor.",E9LWAFbF2cs-Scene-0022,4,4,1
/data/home/yuanhaoc/videophy/DPO_Data/deepseek_gemini_filter/no_prompt_extension/Wan1.3B/seed_1/EMyuNGUlVsA-Scene-0024.mp4,"The video features a man in a gray shirt who is applying plaster to a wall using a trowel. The man is standing in front of the wall and is seen moving the trowel up and down to spread the plaster evenly. The wall appears to be in the process of being plastered, and the man is working diligently to ensure that the plaster is applied smoothly. The man's movements are deliberate and precise, indicating that he is experienced in this task. The video provides a close-up view of the man's work, allowing the viewer to see the details of the plastering process.",EMyuNGUlVsA-Scene-0024,4,4,1
/data/home/yuanhaoc/videophy/DPO_Data/deepseek_gemini_filter/no_prompt_extension/Wan1.3B/seed_1/ESQK1Wmz1Rs-Scene-0009.mp4,The video shows a person using a grinder to cut a piece of metal. The person is wearing a white shirt and blue pants. The grinder is silver and black in color. The metal piece is clamped down to a rusty metal anvil. The person is holding the grinder with one hand and using the other hand to guide the grinder along the metal piece. Sparks are flying as the grinder makes contact with the metal.,ESQK1Wmz1Rs-Scene-0009,1,4,0
/data/home/yuanhaoc/videophy/DPO_Data/deepseek_gemini_filter/no_prompt_extension/Wan1.3B/seed_1/ETTX0Brx6eg-Scene-0028.mp4,"The video shows a rugby game in progress. A player in an orange jersey is running with the ball, and he is pursued by a player in a white jersey. The player in the orange jersey is then tackled by a group of players in maroon jerseys. The tackle is successful, and the player in the orange jersey is brought down to the ground. The players in maroon jerseys then pile on top of the player in the orange jersey, preventing him from getting up. The video is shot from the side of the field, and the players are on a grassy field.",ETTX0Brx6eg-Scene-0028,4,4,1
/data/home/yuanhaoc/videophy/DPO_Data/deepseek_gemini_filter/no_prompt_extension/Wan1.3B/seed_1/EU8DzqCvnsQ-Scene-0013.mp4,"The video shows a horse and rider in an indoor arena, with the rider dressed in a blue jacket and white pants. The horse is brown and is seen jumping over various obstacles, including a green and yellow barrier and a blue and white one. The arena is surrounded by spectators and has a sandy floor. The video captures the horse and rider in motion, with the rider maintaining a steady posture throughout the jumps.",EU8DzqCvnsQ-Scene-0013,1,4,0
/data/home/yuanhaoc/videophy/DPO_Data/deepseek_gemini_filter/no_prompt_extension/Wan1.3B/seed_1/EUD3x9_xR2w-Scene-0012.mp4,"The video shows a close-up of soil with small white seeds scattered throughout. The soil is brown and appears to be dry. A hand holding a rake enters the frame and begins to rake the soil, causing the seeds to move around. The rake has a wooden handle and metal tines. The action of raking is repeated several times, with the seeds being disturbed each time.",EUD3x9_xR2w-Scene-0012,1,4,0
/data/home/yuanhaoc/videophy/DPO_Data/deepseek_gemini_filter/no_prompt_extension/Wan1.3B/seed_1/EVCH3tSwTWk-Scene-0030.mp4,"The video shows a person's hands holding a small, white, round object with a face drawn on it. The person is using a needle to poke the object, and the object appears to be made of a soft, fluffy material. The person's hands are visible, and they are manipulating the object with care. The background is blurred, but it seems to be a neutral color. The person's movements are precise and deliberate, suggesting that they are creating or altering the object.",EVCH3tSwTWk-Scene-0030,4,4,1
/data/home/yuanhaoc/videophy/DPO_Data/deepseek_gemini_filter/no_prompt_extension/Wan1.3B/seed_1/EW5mrvZ2U4Y-Scene-0064.mp4,"The video shows a person wearing a red jacket with their hand in the soil. The person is digging through the soil with their hand, and then they pull out a small plant. The person then puts the plant back into the soil. The video is shot in close-up, focusing on the person's hand and the soil.",EW5mrvZ2U4Y-Scene-0064,1,5,0
/data/home/yuanhaoc/videophy/DPO_Data/deepseek_gemini_filter/no_prompt_extension/Wan1.3B/seed_1/E_BRmXoNO54-Scene-0006.mp4,"In the video, a man is seen standing in front of a sink. He is wearing a gray shirt and glasses. He is holding a sponge in his hand and is using it to clean the sink. The sink is made of stainless steel and has a faucet on the right side. The man is scrubbing the sink with the sponge, and he is using his left hand to hold the sponge while his right hand is moving the faucet. The background of the video shows a window with a reflection of a person standing outside. The man is focused on cleaning the sink, and he seems to be doing it with care and attention to detail.",E_BRmXoNO54-Scene-0006,4,4,1
/data/home/yuanhaoc/videophy/DPO_Data/deepseek_gemini_filter/no_prompt_extension/Wan1.3B/seed_1/EdXT18vADR8-Scene-0015.mp4,"In the video, a dog is seen playing with a ball in a yard. The dog is a medium-sized, light brown and white dog with a pink tongue. The ball is orange and white. The dog is seen picking up the ball with its mouth and walking around with it. The yard is covered in dry leaves and the dog is standing next to a tree.",EdXT18vADR8-Scene-0015,1,4,0
/data/home/yuanhaoc/videophy/DPO_Data/deepseek_gemini_filter/no_prompt_extension/Wan1.3B/seed_1/EgtNxFNA0Vg-Scene-0155.mp4,"In the video, a woman is seen kneeling on the floor. She is wearing a green shirt and blue jeans. The woman is holding a piece of wood in her hand and is using a tool to smooth it out. She appears to be working on a project that involves woodworking. The room is dimly lit, and there are no other people visible in the video. The woman seems focused on her task, and her movements are deliberate and precise. The video does not provide any additional context or information about the woman or the project she is working on.",EgtNxFNA0Vg-Scene-0155,4,3,0
/data/home/yuanhaoc/videophy/DPO_Data/deepseek_gemini_filter/no_prompt_extension/Wan1.3B/seed_1/EiL-hj8rJ7E-Scene-0028.mp4,"The video shows a man in a gym, lifting weights. He is wearing a black tank top and has a muscular build. The gym is well-equipped with various exercise machines and weights. The man is focused on his workout, lifting the weights with determination and strength. The gym appears to be spacious and well-lit, with mirrors on the walls reflecting the man's movements. The weights he is lifting are black and round, and he is using a barbell. The man's form is excellent, and he seems to be experienced with weightlifting.",EiL-hj8rJ7E-Scene-0028,4,4,1
/data/home/yuanhaoc/videophy/DPO_Data/deepseek_gemini_filter/no_prompt_extension/Wan1.3B/seed_1/EigmtJCs8z0-Scene-0134.mp4,"In the video, a person is seen holding a large cage with a turkey inside. The cage is made of metal bars and has a green rope tied to it. The person is holding the cage with one hand while the turkey moves around inside. The background shows a grassy area with other cages and animals.",EigmtJCs8z0-Scene-0134,1,5,0
/data/home/yuanhaoc/videophy/DPO_Data/deepseek_gemini_filter/no_prompt_extension/Wan1.3B/seed_1/Ej6sYnJ-gp0-Scene-0004.mp4,"The video shows a person using a machine to sharpen a screw. The person holds the screw in their hand and places it into the machine. The machine then sharpens the screw, and the person removes it to show the result. The person then puts the screw back into the machine and sharpens it again. The video ends with the person showing the screw to the camera.",Ej6sYnJ-gp0-Scene-0004,3,4,0
/data/home/yuanhaoc/videophy/DPO_Data/deepseek_gemini_filter/no_prompt_extension/Wan1.3B/seed_1/ErjdXaymOqA-Scene-0001.mp4,The video shows a man climbing a rock wall. He is wearing an orange shirt and black pants. The rock wall has various colored holds and the man is using them to climb up. He is smiling and appears to be enjoying himself.,ErjdXaymOqA-Scene-0001,1,4,0
/data/home/yuanhaoc/videophy/DPO_Data/deepseek_gemini_filter/no_prompt_extension/Wan1.3B/seed_1/EsZpQRA1VFY-Scene-0040.mp4,"The video shows a person fishing on a boat. The person is holding a fishing rod and reel, and the fishing line is cast into the water. The person then reels in the line, and we see the fishing rod bending as the fish bites the bait. The person continues to reel in the line, and we see the fish being pulled closer to the boat. The person then grabs the fish with their hand and pulls it onto the boat. The fish is small and appears to be a bass. The water is calm, and the sky is clear.",EsZpQRA1VFY-Scene-0040,1,4,0
/data/home/yuanhaoc/videophy/DPO_Data/deepseek_gemini_filter/no_prompt_extension/Wan1.3B/seed_1/EwKm-Nl-vRU-Scene-0016.mp4,"The video shows a football game being played on a field with players in blue and white uniforms. The game is in progress, with the scoreboard showing the teams as GAT and BOY, and the score as 0-0. The game clock shows 3:23 in the second quarter. The play begins with the ball being snapped to the quarterback, who throws it to a receiver. The receiver catches the ball and runs towards the end zone, avoiding tackles from the opposing team. The receiver then dives into the end zone, scoring a touchdown. The crowd in the stadium is cheering and the scoreboard updates to reflect the new score.",EwKm-Nl-vRU-Scene-0016,3,3,0
/data/home/yuanhaoc/videophy/DPO_Data/deepseek_gemini_filter/no_prompt_extension/Wan1.3B/seed_1/EwhjW2ShTEc-Scene-0059.mp4,"The video shows a group of people playing soccer on a field. The players are wearing different colored jerseys, with one team in red and the other in blue. The field has a goal post in the background. The players are running, kicking the ball, and trying to score goals. The video captures the excitement and energy of the game as the players move quickly across the field.",EwhjW2ShTEc-Scene-0059,0,3,0
/data/home/yuanhaoc/videophy/DPO_Data/deepseek_gemini_filter/no_prompt_extension/Wan1.3B/seed_1/Ewy3s1-QPco-Scene-0025.mp4,"The video shows a hockey game in progress. The players are wearing their respective team uniforms and are skating on the ice. One player is seen shooting the puck towards the goal, and the goalie is attempting to block it. The players are moving quickly, and the puck is moving fast. The goalie is wearing protective gear, including a helmet, gloves, and pads. The ice rink is surrounded by boards and protective glass. The crowd is visible in the background, cheering and watching the game.",Ewy3s1-QPco-Scene-0025,4,3,0
/data/home/yuanhaoc/videophy/DPO_Data/deepseek_gemini_filter/no_prompt_extension/Wan1.3B/seed_1/EyCPSGKcnkI-Scene-0011.mp4,"The video shows a man in a gym, wearing a yellow tank top and black shorts, doing a weightlifting exercise. He is holding a barbell with weights on it and is bending over to lift the weights. The man appears to be exerting effort as he lifts the barbell. The gym has other people in the background, and there is a mirror reflecting the man's movements. The man is wearing a watch on his left wrist.",EyCPSGKcnkI-Scene-0011,4,4,1
/data/home/yuanhaoc/videophy/DPO_Data/deepseek_gemini_filter/no_prompt_extension/Wan1.3B/seed_1/EyLggqbtz58-Scene-0042.mp4,"The video is a recording of a baseball video game. The gameplay shows a batter from the Milwaukee Brewers, wearing a navy blue jersey with the number 97, preparing to hit a pitch. The pitcher, wearing a white jersey, throws the ball, and the batter swings and hits it. The stadium is filled with spectators, and the scoreboard is visible in the background.",EyLggqbtz58-Scene-0042,1,4,0
/data/home/yuanhaoc/videophy/DPO_Data/deepseek_gemini_filter/no_prompt_extension/Wan1.3B/seed_1/F0K3DScDu44-Scene-0043.mp4,The video shows a person riding a motorcycle on a road. The rider is wearing a black jacket and a black helmet. The motorcycle has a black body with a silver handlebar. The rider is holding the handlebar and looking straight ahead. The road is lined with trees and there are other vehicles on the road. The sky is cloudy.,F0K3DScDu44-Scene-0043,5,5,1
/data/home/yuanhaoc/videophy/DPO_Data/deepseek_gemini_filter/no_prompt_extension/Wan1.3B/seed_1/F0_E_fcgwAs-Scene-0048.mp4,"The video shows a person driving a tractor in a field. The tractor is red and has a black steering wheel. The person's hand is visible on the steering wheel, and the tractor is moving forward. The field appears to be dry with some grass and dirt.",F0_E_fcgwAs-Scene-0048,0,4,0
/data/home/yuanhaoc/videophy/DPO_Data/deepseek_gemini_filter/no_prompt_extension/Wan1.3B/seed_1/F1SWcZ1YSVk-Scene-0009.mp4,"The video shows a football game in progress, with players from two teams, one in red and the other in white, engaged in a play. The quarterback, wearing a white jersey, throws the ball to a teammate, who catches it and runs towards the end zone. However, a player from the opposing team, wearing a red jersey, tackles him before he can score. The tackle is highlighted in blue, and the tackled player is shown lying on the ground. The game clock reads 3:00, and the score is 0-0.",F1SWcZ1YSVk-Scene-0009,3,4,0
/data/home/yuanhaoc/videophy/DPO_Data/deepseek_gemini_filter/no_prompt_extension/Wan1.3B/seed_1/F30Ygg6HY6Q-Scene-0006.mp4,"The video shows a soccer game in progress. The players are wearing white and black uniforms. The ball is being passed around the field, with players running and kicking it. The goalie is wearing a red uniform and is guarding the goal. The field is green with white lines marking the boundaries and the goal area. The stands are filled with spectators.",F30Ygg6HY6Q-Scene-0006,1,3,0
/data/home/yuanhaoc/videophy/DPO_Data/deepseek_gemini_filter/no_prompt_extension/Wan1.3B/seed_1/F3FXiiis1Mw-Scene-0050.mp4,"The video shows a mixed martial arts fight between two men in a ring. One man is wearing white shorts and the other is wearing blue shorts. The man in white shorts is seen throwing a punch at the man in blue shorts, who then counters with a punch of his own. The man in white shorts then grabs the man in blue shorts and throws him to the ground. The man in blue shorts tries to get up, but the man in white shorts jumps on top of him and starts punching him. The man in blue shorts tries to defend himself, but the man in white shorts is too strong and continues to punch him. The video ends with the man in white shorts on top of the man in blue shorts, punching him repeatedly.",F3FXiiis1Mw-Scene-0050,4,4,1
/data/home/yuanhaoc/videophy/DPO_Data/deepseek_gemini_filter/no_prompt_extension/Wan1.3B/seed_1/F5wLdgExMt8-Scene-0030.mp4,"The video shows a large body of water with a dolphin swimming in it. The dolphin suddenly jumps out of the water, creating a large splash. The water is a deep blue color, and the dolphin is gray with a white underbelly. The dolphin's jump is graceful and powerful, and it seems to be enjoying itself. The video is shot from a distance, so the details of the dolphin are not clear, but it is the only animal visible in the video.",F5wLdgExMt8-Scene-0030,0,4,0
/data/home/yuanhaoc/videophy/DPO_Data/deepseek_gemini_filter/no_prompt_extension/Wan1.3B/seed_1/FAp56Mwp33c-Scene-0094.mp4,"The video shows a person's hand holding a small piece of wood with a hole in it. The person places the wood on a wooden floor and then picks up a small piece of metal. The person then places the metal into the hole in the wood. The video is shot in a close-up view, and the focus is on the person's hand and the small piece of wood. The color of the wood is light brown, and the metal is silver. The person's hand is visible throughout the video, and the action is repeated several times.",FAp56Mwp33c-Scene-0094,1,3,0
/data/home/yuanhaoc/videophy/DPO_Data/deepseek_gemini_filter/no_prompt_extension/Wan1.3B/seed_1/FCtUutYhkv8-Scene-0210.mp4,"In the video, a person is seen holding their hand up to the glass of an aquarium. A yellow fish with stripes swims up to the glass and nibbles on the person's finger. The person then moves their hand away from the glass, and the fish swims away. The aquarium is filled with water, and there are other fish swimming around in the background. The person's hand is visible in the foreground, and the fish is the main focus of the video. The aquarium appears to be well-maintained, with clear water and a variety of fish. The person's interaction with the fish is gentle and seems to be a form of play or feeding. Overall, the video captures a moment of connection between the person and the fish, highlighting the beauty and intelligence of aquatic life.",FCtUutYhkv8-Scene-0210,4,5,1
/data/home/yuanhaoc/videophy/DPO_Data/deepseek_gemini_filter/no_prompt_extension/Wan1.3B/seed_1/FGIM-T6rjHY-Scene-0153.mp4,"In the video, we see a close-up of a person's hand holding a piping bag filled with yellow icing. The person is using the piping bag to apply the icing onto a row of yellow pastries that are lined up on a black tray. The pastries appear to be of a cylindrical shape, and the icing is being applied in a smooth, consistent manner. The person's hand moves steadily along the row of pastries, ensuring that each one is evenly coated with icing. The background is blurred, but it appears to be a kitchen setting.",FGIM-T6rjHY-Scene-0153,5,5,1
/data/home/yuanhaoc/videophy/DPO_Data/deepseek_gemini_filter/no_prompt_extension/Wan1.3B/seed_1/FIYgBTt7Q7Q-Scene-0029.mp4,"The video shows a hockey player in black gear skating on the ice and taking a shot at the goal. The goalie, dressed in grey and black gear, blocks the shot. The player then skates away.",FIYgBTt7Q7Q-Scene-0029,0,4,0
/data/home/yuanhaoc/videophy/DPO_Data/deepseek_gemini_filter/no_prompt_extension/Wan1.3B/seed_1/FKSOeoaK3sE-Scene-0020.mp4,"The video shows a close-up of a person's hands as they work on a motor. The person is using a screwdriver to remove the screws from the motor. The motor is black and silver in color, and the person's hands are visible in the frame. The background is blurred, but it appears to be a kitchen or workshop setting. The person's actions are deliberate and precise, indicating that they are experienced in this type of work.",FKSOeoaK3sE-Scene-0020,1,4,0
/data/home/yuanhaoc/videophy/DPO_Data/deepseek_gemini_filter/no_prompt_extension/Wan1.3B/seed_1/FM0pLkc9x98-Scene-0088.mp4,"In the video, a person is seen working on a bicycle. The person is wearing a yellow glove and is holding a circular saw blade in their hand. They are using the blade to cut a piece of metal that is attached to the bicycle. The person is standing on the ground, and the bicycle is lying on its side. The background shows a black bag and a tire. The person is wearing black shoes and appears to be focused on the task at hand.",FM0pLkc9x98-Scene-0088,3,3,0
/data/home/yuanhaoc/videophy/DPO_Data/deepseek_gemini_filter/no_prompt_extension/Wan1.3B/seed_1/FMBK4ZF7lgU-Scene-0102.mp4,"The video shows a close-up of a car engine with various parts and wires visible. A person's hands are seen working on the engine, using a tool to remove a part. The engine is red and silver, and the person is wearing a watch. The video is shot in a well-lit area, and the person appears to be experienced in handling the engine components.",FMBK4ZF7lgU-Scene-0102,4,4,1
/data/home/yuanhaoc/videophy/DPO_Data/deepseek_gemini_filter/no_prompt_extension/Wan1.3B/seed_1/FOXVTukwQuA-Scene-0007.mp4,The video shows a basketball game in progress. The player in the white jersey is dribbling the ball and is being guarded by a player in a red jersey. The player in the white jersey then jumps and performs a slam dunk. The crowd can be heard cheering in the background.,FOXVTukwQuA-Scene-0007,0,4,0
/data/home/yuanhaoc/videophy/DPO_Data/deepseek_gemini_filter/no_prompt_extension/Wan1.3B/seed_1/FPKMu8wW8E0-Scene-0027.mp4,"In the video, a man is seen wearing a green shirt and blue gloves. He is holding a pair of scissors and is cutting the branches of a plant that is placed in a black pot. The plant has green leaves and some of them are yellow. The man is carefully trimming the branches, and the background is blurred.",FPKMu8wW8E0-Scene-0027,0,3,0
/data/home/yuanhaoc/videophy/DPO_Data/deepseek_gemini_filter/no_prompt_extension/Wan1.3B/seed_1/FSg1KwNojVU-Scene-0040.mp4,"In the video, a man is seen water skiing on a lake. He is wearing a black life jacket and blue shorts. The man is holding onto a rope that is attached to a boat, which is not visible in the video. He is standing on a single ski and moving at a moderate speed across the water. The background consists of trees and hills, indicating that the lake is surrounded by a natural landscape. The water is relatively calm, with only small waves created by the movement of the skier. The sky is clear, suggesting it is a sunny day. The man appears to be experienced in water skiing as he maintains his balance and control throughout the video.",FSg1KwNojVU-Scene-0040,4,4,1
/data/home/yuanhaoc/videophy/DPO_Data/deepseek_gemini_filter/no_prompt_extension/Wan1.3B/seed_1/FVrikWhJIYA-Scene-0047.mp4,"In the video, a person wearing white gloves is seen cutting a piece of meat with a knife. The meat appears to be well-cooked with a dark crust on the outside and a pinkish color on the inside. The person cuts the meat into slices, revealing the juicy interior. The knife is sharp and moves smoothly through the meat. The background is not visible, focusing the viewer's attention on the cutting process.",FVrikWhJIYA-Scene-0047,4,4,1
/data/home/yuanhaoc/videophy/DPO_Data/deepseek_gemini_filter/no_prompt_extension/Wan1.3B/seed_1/FWQfYH_711k-Scene-0040.mp4,The video features a person's hands opening a pink package and revealing a small toy. The toy is then removed from the package and held up to the camera.,FWQfYH_711k-Scene-0040,1,4,0
/data/home/yuanhaoc/videophy/DPO_Data/deepseek_gemini_filter/no_prompt_extension/Wan1.3B/seed_1/FWZIDb25pSc-Scene-0011.mp4,"The video shows a large pile of snow being blown by a snow blower. The snow is being blown towards the right side of the frame. In the foreground, there is a bench covered in snow. The background is dark, and the only light source is a street lamp. The snow blower is not visible in the frame.",FWZIDb25pSc-Scene-0011,1,4,0
/data/home/yuanhaoc/videophy/DPO_Data/deepseek_gemini_filter/no_prompt_extension/Wan1.3B/seed_1/FXumhv7g6mo-Scene-0117.mp4,"In the video, a person wearing a white glove is seen cutting a piece of dough into strips. The dough is placed on a dark brown table, and the person uses a silver knife to cut it into evenly spaced strips. The dough is a light yellow color, and the strips are about an inch wide. The person's hand is steady as they cut through the dough, and they continue to cut until the entire piece of dough is divided into strips.",FXumhv7g6mo-Scene-0117,3,4,0
/data/home/yuanhaoc/videophy/DPO_Data/deepseek_gemini_filter/no_prompt_extension/Wan1.3B/seed_1/FcW9TyqnmCY-Scene-0038.mp4,"The video shows a man wearing gloves cleaning a metal engine block with a red cloth. He is using a wooden block to hold the engine in place. The man is wiping the block in a circular motion, ensuring that all areas are cleaned. The engine block has several holes and bolts, and the man is paying close attention to each one. The background is a concrete floor, and there is no other visible equipment or people in the video.",FcW9TyqnmCY-Scene-0038,1,4,0
/data/home/yuanhaoc/videophy/DPO_Data/deepseek_gemini_filter/no_prompt_extension/Wan1.3B/seed_1/Fci5Oyk7PJk-Scene-0161.mp4,"The video shows a first-person view of someone riding a motorcycle. The rider's gloved hand is visible on the handlebars, and the motorcycle's dashboard is in the foreground. The road is mostly empty, with only a few cars visible in the distance. The sky is clear and blue, and the road is lined with trees and bushes. The motorcycle appears to be moving at a steady pace, and the rider seems to be enjoying the ride.",Fci5Oyk7PJk-Scene-0161,5,5,1
/data/home/yuanhaoc/videophy/DPO_Data/deepseek_gemini_filter/no_prompt_extension/Wan1.3B/seed_1/FcpuRt1q-iQ-Scene-0042.mp4,"In the video, a person is seen kneading dough on a countertop. The person's hands are visible, and they are wearing a white shirt. The dough is being kneaded on a clear glass plate. The person's hands are moving in a circular motion, pressing and folding the dough. The countertop appears to be made of a light-colored material, possibly marble or granite. There is no other visible equipment or ingredients in the video.",FcpuRt1q-iQ-Scene-0042,5,5,1
/data/home/yuanhaoc/videophy/DPO_Data/deepseek_gemini_filter/no_prompt_extension/Wan1.3B/seed_1/FfFr1ClEwWw-Scene-0152.mp4,"The video shows a man in a red shirt sitting in a small inflatable boat, paddling with a yellow paddle. The boat is floating on a body of water, and the man is using the paddle to move the boat forward. The water is calm, and there are no other boats or people visible in the video. The man appears to be enjoying the activity and is focused on paddling. The lighting is dim, suggesting that the video was taken during the evening or night.",FfFr1ClEwWw-Scene-0152,5,4,1
/data/home/yuanhaoc/videophy/DPO_Data/deepseek_gemini_filter/no_prompt_extension/Wan1.3B/seed_1/FfOG6QSNTfU-Scene-0008.mp4,"In the video, a person is seen mixing a white and black substance in a bowl. The person uses a white stick with a blue handle to stir the mixture. The mixture appears to be thick and creamy, and the person stirs it in a circular motion. The bowl is placed on a surface, and the person's hand is visible as they stir the mixture. The video is shot from a close-up angle, focusing on the bowl and the person's hand.",FfOG6QSNTfU-Scene-0008,5,5,1
/data/home/yuanhaoc/videophy/DPO_Data/deepseek_gemini_filter/no_prompt_extension/Wan1.3B/seed_1/FhsiZjyjvnA-Scene-0034.mp4,The video shows a person using a tool to shape a piece of hot glass. The glass is glowing red and the person is wearing protective gloves. The glass is being shaped into a round object.,FhsiZjyjvnA-Scene-0034,1,4,0
/data/home/yuanhaoc/videophy/DPO_Data/deepseek_gemini_filter/no_prompt_extension/Wan1.3B/seed_1/FpWsMhsTAhk-Scene-0021.mp4,"This video shows a hockey game in progress. The players are wearing red and white uniforms, and the goalie is wearing a black uniform. The game is being played on an ice rink, and the players are skating around the rink. The video captures a moment where a player in a red and white uniform scores a goal, and the goalie in black fails to block the shot. The crowd in the stands can be heard cheering in the background.",FpWsMhsTAhk-Scene-0021,3,4,0
/data/home/yuanhaoc/videophy/DPO_Data/deepseek_gemini_filter/no_prompt_extension/Wan1.3B/seed_1/FuKfDg8DITE-Scene-0072.mp4,"The video shows a close-up of a Jeep's tire as it moves over a rocky surface. The tire is black and appears to be in motion, with the Jeep's body visible in the background. The terrain is uneven and covered with rocks and plants, and the Jeep is moving slowly and carefully over the obstacles.",FuKfDg8DITE-Scene-0072,0,4,0
/data/home/yuanhaoc/videophy/DPO_Data/deepseek_gemini_filter/no_prompt_extension/Wan1.3B/seed_1/FvYR-jfWOoM-Scene-0028.mp4,"The video shows a man working on a car in a garage. He is seen kneeling down next to the car, and then he stands up and holds a piece of metal. He then shows the metal to the camera, and we can see that it is bent. The man then bends the metal back into shape, and we can see that it is now straight. The garage is well-lit, and there are other cars visible in the background.",FvYR-jfWOoM-Scene-0028,1,3,0
/data/home/yuanhaoc/videophy/DPO_Data/deepseek_gemini_filter/no_prompt_extension/Wan1.3B/seed_1/FzJdYVyJv8o-Scene-0147.mp4,"The video shows a person's hands as they smooth out the sides of a white cake that is sitting on a white plate. The cake is round and appears to be freshly baked. The person uses a spatula to evenly distribute the frosting on the sides of the cake, ensuring that it is smooth and free of any bumps or imperfections. The background is blurred, but it appears to be a kitchen setting.",FzJdYVyJv8o-Scene-0147,5,4,1
/data/home/yuanhaoc/videophy/DPO_Data/deepseek_gemini_filter/no_prompt_extension/Wan1.3B/seed_1/G136_Z3RP2Y-Scene-0131.mp4,The video shows a person holding a ripe avocado and scooping out the flesh with a spoon. The avocado is green and the person is using a silver spoon to scoop out the flesh. The person is wearing a blue shirt and is standing in front of a wooden table. The avocado is being scooped into a white bowl.,G136_Z3RP2Y-Scene-0131,4,4,1
/data/home/yuanhaoc/videophy/DPO_Data/deepseek_gemini_filter/no_prompt_extension/Wan1.3B/seed_1/G2ik_PZWQNg-Scene-0009.mp4,"The video shows a person using a table saw to cut a piece of wood. The saw has a blue blade and is labeled ""RIDGID."" The person's hand is visible as they guide the wood through the saw. The wood is light brown and appears to be a plank. The background is a workshop setting with various tools and equipment visible.",G2ik_PZWQNg-Scene-0009,0,4,0
/data/home/yuanhaoc/videophy/DPO_Data/deepseek_gemini_filter/no_prompt_extension/Wan1.3B/seed_1/G4GgC9BGZkk-Scene-0023.mp4,"In the video, a husky dog is seen playing with a Priority Mail box. The dog is biting and pulling on the box, causing it to rip and tear. The husky is sitting on a green carpet, and the box is white with red and blue stripes. The dog is wearing a collar and appears to be enjoying the activity.",G4GgC9BGZkk-Scene-0023,1,4,0
/data/home/yuanhaoc/videophy/DPO_Data/deepseek_gemini_filter/no_prompt_extension/Wan1.3B/seed_1/G4eA48oduWo-Scene-0034.mp4,"In the video, a man is seen holding a basketball and dribbling it around on a basketball court. He then proceeds to dunk the ball into the hoop. The man is wearing a plaid shirt and a black cap. The court is surrounded by tall buildings and there are a few people in the background. The man's movements are fluid and confident, and he appears to be skilled at handling the basketball. The video is shot in slow motion, emphasizing the man's actions and the ball's movement.",G4eA48oduWo-Scene-0034,4,3,0
/data/home/yuanhaoc/videophy/DPO_Data/deepseek_gemini_filter/no_prompt_extension/Wan1.3B/seed_1/GB7czKOdAEk-Scene-0007.mp4,The video shows a baseball game being played in a stadium. The players are wearing white uniforms with black caps. The pitcher is throwing the ball and the batter is swinging at it. The crowd is cheering in the background.,GB7czKOdAEk-Scene-0007,1,3,0
/data/home/yuanhaoc/videophy/DPO_Data/deepseek_gemini_filter/no_prompt_extension/Wan1.3B/seed_1/GCNv8dxYrbY-Scene-0052.mp4,"The video shows a close-up of a person's hand holding a pen with a yellow and purple object attached to it. The person is using the pen to wrap a thin wire around the object. The background is blurred, but it appears to be a dark surface. The person's hand is steady, and the wire is being wrapped carefully around the object. The pen is silver and has a black tip. The object being wrapped is yellow and has purple accents. The wire is thin and silver.",GCNv8dxYrbY-Scene-0052,4,4,1
/data/home/yuanhaoc/videophy/DPO_Data/deepseek_gemini_filter/no_prompt_extension/Wan1.3B/seed_1/GGxK_-8Ysns-Scene-0038.mp4,"The video shows a person wearing a welding helmet and gloves, welding a metal pipe. The person is using a welding tool to join two pieces of metal together. The welding tool emits sparks as it makes contact with the metal, indicating the welding process. The person is focused on the task, carefully aligning the tool to ensure a strong and precise weld. The background is a neutral color, allowing the viewer to focus on the welding process. The person's movements are steady and controlled, demonstrating expertise and precision in the welding task.",GGxK_-8Ysns-Scene-0038,4,4,1
/data/home/yuanhaoc/videophy/DPO_Data/deepseek_gemini_filter/no_prompt_extension/Wan1.3B/seed_1/GJSdh77OzkM-Scene-0045.mp4,"In the video, a person is seen using a tool to remove a cap from a machine. The person is holding the tool in their hand and appears to be using it to unscrew the cap. The machine has a black surface and there are wires visible in the background. The person's hand is steady as they work on the cap.",GJSdh77OzkM-Scene-0045,1,4,0
/data/home/yuanhaoc/videophy/DPO_Data/deepseek_gemini_filter/no_prompt_extension/Wan1.3B/seed_1/GKLF8oIWYGg-Scene-0011.mp4,"In the video, we see a close-up of a car's headlight. The headlight is covered with yellow tape, and a person wearing black gloves is cleaning it with a white cloth. The person then uses a sanding block to sand the headlight, and a green spray bottle to spray it. The person continues to clean the headlight with a white cloth.",GKLF8oIWYGg-Scene-0011,3,4,0
/data/home/yuanhaoc/videophy/DPO_Data/deepseek_gemini_filter/no_prompt_extension/Wan1.3B/seed_1/GRtLGgXTtP8-Scene-0077.mp4,The video shows a person wearing a white shirt and blue apron standing in a kitchen. The person is holding a knife and appears to be cutting something on a cutting board. The kitchen has white cabinets and a stove in the background. The person's movements are focused and precise as they cut the food.,GRtLGgXTtP8-Scene-0077,1,4,0
/data/home/yuanhaoc/videophy/DPO_Data/deepseek_gemini_filter/no_prompt_extension/Wan1.3B/seed_1/GV0N8EL_tTY-Scene-0119.mp4,"In the video, a person is seen kneeling down in a grassy area with leaves scattered around. The person is wearing a blue sweater and beige pants. They are pulling up a plant with large green leaves and a brown stem. The person continues to pull the plant up, revealing a white root. The person then pulls the root out of the ground and holds it up to the camera. The video is shot in daylight, and the person's actions are deliberate and focused on the plant.",GV0N8EL_tTY-Scene-0119,1,4,0
/data/home/yuanhaoc/videophy/DPO_Data/deepseek_gemini_filter/no_prompt_extension/Wan1.3B/seed_1/Ged2-RaSqxU-Scene-0099.mp4,"The video shows a person's hand holding a small metal object, which they are using to unscrew a bolt on a machine. The machine appears to be a car engine, as there are various other car parts visible in the background. The person's hand is steady as they turn the bolt counterclockwise, and the metal object is used as a tool to assist in the process. The bolt is silver and appears to be made of metal, and the machine has a black and silver color scheme. The person's hand is visible throughout the video, and they are wearing a black watch on their left wrist.",Ged2-RaSqxU-Scene-0099,4,4,1
/data/home/yuanhaoc/videophy/DPO_Data/deepseek_gemini_filter/no_prompt_extension/Wan1.3B/seed_1/GjzkGAdgnXU-Scene-0021.mp4,"In the video, a man is seen working on a bicycle. He is wearing a pair of shorts and socks. The bicycle is green and has the word ""GIANT"" written on it. The man is using a tool to adjust the bicycle's suspension. He is shown tightening the suspension and then loosening it again. The video is shot in a garage, and the man is standing next to the bicycle while working on it.",GjzkGAdgnXU-Scene-0021,1,4,0
/data/home/yuanhaoc/videophy/DPO_Data/deepseek_gemini_filter/no_prompt_extension/Wan1.3B/seed_1/GrnLV7Ov2xQ-Scene-0028.mp4,"The video shows a person's hands playing with a toy train set. The train set includes a wooden track and several toy trains of different colors, including blue, green, and red. The person is seen moving the trains along the track, adjusting the position of the trains, and even picking up a green train and placing it back on the track. The trains are made of plastic and have different designs and colors. The wooden track is laid out in a way that allows the trains to move around and interact with each other.",GrnLV7Ov2xQ-Scene-0028,4,3,0
/data/home/yuanhaoc/videophy/DPO_Data/deepseek_gemini_filter/no_prompt_extension/Wan1.3B/seed_1/Gts45OYsOh8-Scene-0022.mp4,"In the video, a person is seen underneath a car, wearing a hat and blue gloves. They are holding a container and appear to be pouring a liquid into the car's oil pan. The person is speaking to the camera, likely providing instructions or commentary on the process. The car is elevated, and the person is standing on the ground, indicating that this is taking place in a garage or workshop setting. The focus is on the person and their actions, with the car's undercarriage and the container being the main objects in the scene.",Gts45OYsOh8-Scene-0022,1,4,0
/data/home/yuanhaoc/videophy/DPO_Data/deepseek_gemini_filter/no_prompt_extension/Wan1.3B/seed_1/GunyGcIBD_M-Scene-0085.mp4,"In the video, we see a person's hands as they hold a piece of white paper. The person is using their fingers to tear the paper into smaller pieces. The paper appears to be a standard white sheet, and the person is tearing it with precision and care. The background is not visible, so we cannot determine the location or setting of the video. The person's hands are the main focus of the video, and we can see that they are wearing a blue shirt. The video does not contain any dialogue or sound, so we cannot hear any background noise or music. The video is shot in a close-up shot, so we can see the details of the paper and the person's hands. Overall, the video is a simple demonstration of a person tearing a piece of paper.",GunyGcIBD_M-Scene-0085,3,4,0
/data/home/yuanhaoc/videophy/DPO_Data/deepseek_gemini_filter/no_prompt_extension/Wan1.3B/seed_1/Gwzfeq028EM-Scene-0057.mp4,"The video shows a first-person view of a person holding a gun in a forest. The person is aiming the gun at a target in the distance, and then fires several shots. The target is hit and falls to the ground. The person then continues to shoot at the target several more times.",Gwzfeq028EM-Scene-0057,1,3,0
/data/home/yuanhaoc/videophy/DPO_Data/deepseek_gemini_filter/no_prompt_extension/Wan1.3B/seed_1/H1CrJ7By5G8-Scene-0016.mp4,"The video shows a soccer game in progress. The players are running on the field, trying to score a goal. The ball is being passed between the players, and they are trying to get it into the goal. The players are wearing different colored jerseys, indicating two different teams. The field is green with white lines marking the boundaries and the goal area. The goalkeeper is wearing a different colored jersey and is trying to prevent the opposing team from scoring. The video is shot from a distance, capturing the entire field and the players' movements.",H1CrJ7By5G8-Scene-0016,4,3,0
/data/home/yuanhaoc/videophy/DPO_Data/deepseek_gemini_filter/no_prompt_extension/Wan1.3B/seed_1/HKC9VFMoKhI-Scene-0014.mp4,"In the video, we see a close-up of a bowl containing a mixture of flour and eggs. The person in the video is pouring a liquid, possibly milk or water, into the bowl. They then use a spoon to mix the ingredients together. The liquid is being poured from a height, causing some of the flour to splash out of the bowl. The person's hand is visible as they stir the mixture with the spoon. The bowl appears to be white, and the mixture has a yellowish color, indicating the presence of eggs. The person's movements are deliberate and careful, suggesting that they are following a specific recipe.",HKC9VFMoKhI-Scene-0014,4,4,1
/data/home/yuanhaoc/videophy/DPO_Data/deepseek_gemini_filter/no_prompt_extension/Wan1.3B/seed_1/HMC2jZU3jZU-Scene-0089.mp4,"In the video, a person is seen stirring a pot of soup on a stove. The soup appears to be a creamy orange color and is being stirred with a wooden spoon. The person's hand is visible as they move the spoon around the pot, ensuring that the soup is evenly cooked. The stove is black, and there is a blue measuring cup visible on the side. The soup seems to be hot as steam can be seen rising from the pot.",HMC2jZU3jZU-Scene-0089,1,5,0
/data/home/yuanhaoc/videophy/DPO_Data/deepseek_gemini_filter/no_prompt_extension/Wan1.3B/seed_1/HOgFuV7u77A-Scene-0116.mp4,"The video shows a close-up of a fire burning on a metal surface. The flames are bright orange and yellow, and they are consuming the metal, causing it to glow red hot. The fire is intense and appears to be uncontrolled. The background is dark and indistinct, but it seems to be an outdoor setting. The flames are the main focus of the video, and they are constantly moving and changing shape. There is no visible source of the fire, and no people or other objects are in the frame. The video does not contain any audio.",HOgFuV7u77A-Scene-0116,5,5,1
/data/home/yuanhaoc/videophy/DPO_Data/deepseek_gemini_filter/no_prompt_extension/Wan1.3B/seed_1/HRRUHwnOLqc-Scene-0114.mp4,The video shows a fighter jet taking off from a runway. The jet is grey in color and has two engines. It is seen accelerating down the runway before lifting off into the air. The background consists of a cloudy sky and mountains in the distance.,HRRUHwnOLqc-Scene-0114,0,4,0
/data/home/yuanhaoc/videophy/DPO_Data/deepseek_gemini_filter/no_prompt_extension/Wan1.3B/seed_1/HRdt9caVfHE-Scene-0011.mp4,"In the video, a person is holding a metal cup with a liquid inside it. The person then pours a clear liquid from a pink bottle into the cup, causing the liquid inside the cup to bubble. The person then shakes the cup, causing the liquid to mix and create more bubbles. The background is a purple surface.",HRdt9caVfHE-Scene-0011,1,3,0
/data/home/yuanhaoc/videophy/DPO_Data/deepseek_gemini_filter/no_prompt_extension/Wan1.3B/seed_1/HSAZfmClC6w-Scene-0012.mp4,"In the video, a man is seen preparing to lift a barbell. He is wearing a black tank top and white shorts, and has white wrist wraps on his hands. The barbell is loaded with large weights on each side, and the man is standing in front of a digital scoreboard. He bends down and grips the barbell, then lifts it off the ground, showcasing his strength and technique. The man's movements are deliberate and controlled as he lifts the barbell, demonstrating his skill and experience in weightlifting. The digital scoreboard in the background indicates that this is a competitive event, with the man's performance being measured and recorded. Overall, the video captures a moment of intense physical exertion and athleticism, as the man lifts the heavy barbell with apparent ease.",HSAZfmClC6w-Scene-0012,4,4,1
/data/home/yuanhaoc/videophy/DPO_Data/deepseek_gemini_filter/no_prompt_extension/Wan1.3B/seed_1/HTAfzgGB-Bs-Scene-0013.mp4,"In the video, a person is seen wearing a glove and holding a jar. The jar is being filled with a green liquid that is being poured from a pot into the jar. The liquid appears to be some kind of food or beverage. The person is standing in a kitchen, and there are various kitchen utensils and appliances visible in the background. The lighting in the room is bright, and the walls are painted white. The person is focused on pouring the liquid into the jar, and there is no one else visible in the video.",HTAfzgGB-Bs-Scene-0013,4,4,1
/data/home/yuanhaoc/videophy/DPO_Data/deepseek_gemini_filter/no_prompt_extension/Wan1.3B/seed_1/HUj6SaJKz00-Scene-0073.mp4,"The video shows a black truck driving through a muddy path. The truck is covered in mud and has a large bull bar on the front. The truck is driving slowly and carefully through the mud, which is splashing up around the wheels. The truck appears to be a 4x4 off-road vehicle, and the surroundings suggest that it is in a rural or wilderness area.",HUj6SaJKz00-Scene-0073,0,5,0
/data/home/yuanhaoc/videophy/DPO_Data/deepseek_gemini_filter/no_prompt_extension/Wan1.3B/seed_1/HV8Nl31WAlI-Scene-0102.mp4,"In the video, a child is seen playing with a train set on a carpeted floor. The train set includes a blue train engine and several other train cars in different colors. The child is seen pushing the train cars along the track, which is green in color. The train set also includes a tunnel that the child pushes the train through. The child's movements are deliberate and focused on the train set. The colors of the train cars are bright and eye-catching, and the child appears to be enjoying playing with the toy. The carpet provides a soft surface for the train set, and the tunnel adds an element of fun to the play. The child's actions are gentle and careful, indicating a sense of enjoyment and fascination with the toy.",HV8Nl31WAlI-Scene-0102,4,4,1
/data/home/yuanhaoc/videophy/DPO_Data/deepseek_gemini_filter/no_prompt_extension/Wan1.3B/seed_1/HXsvIOlu7Q4-Scene-0006.mp4,"The video shows a close-up of a blender with a clear glass container and a white base. The blender is on a kitchen counter, and there are various ingredients inside the blender, including bananas and strawberries. The blender is in motion, and the ingredients are being blended together. The video does not show any other objects or people.",HXsvIOlu7Q4-Scene-0006,1,4,0
/data/home/yuanhaoc/videophy/DPO_Data/deepseek_gemini_filter/no_prompt_extension/Wan1.3B/seed_1/HXuze4gxje4-Scene-0016.mp4,"The video shows a close-up of a person's hands holding a motorcycle helmet. The helmet is silver in color with a black visor and red accents. The person is demonstrating how to open the visor of the helmet. They press a button on the side of the helmet, which causes the visor to slide upwards. The person then pushes the visor back down to its original position. The video is shot in a well-lit room, and the person's hands are visible throughout the video.",HXuze4gxje4-Scene-0016,4,5,1
/data/home/yuanhaoc/videophy/DPO_Data/deepseek_gemini_filter/no_prompt_extension/Wan1.3B/seed_1/HYZlS7X9yJ0-Scene-0076.mp4,"The video shows a red toy car with large black tires and silver rims driving over a wooden log. The car is driving on a wooden surface surrounded by grass and trees. The car is moving slowly and carefully over the log, and the camera is focused on the front of the car.",HYZlS7X9yJ0-Scene-0076,1,4,0
/data/home/yuanhaoc/videophy/DPO_Data/deepseek_gemini_filter/no_prompt_extension/Wan1.3B/seed_1/HavVGP9gQyo-Scene-0027.mp4,"In the video, a man is seen riding a dirt bike through a shallow body of water. He is wearing a black shirt, gray pants, and a black helmet. The bike is black and white, and it is partially submerged in the water. The man is smiling and appears to be enjoying the ride. The water is clear, and the surrounding area is lush with green vegetation. The man continues to ride the bike through the water, splashing around as he goes.",HavVGP9gQyo-Scene-0027,5,4,1
/data/home/yuanhaoc/videophy/DPO_Data/deepseek_gemini_filter/no_prompt_extension/Wan1.3B/seed_1/Hcq-PwYj3TE-Scene-0034.mp4,"The video shows a close-up of a person's hands as they work on a bicycle wheel. The person is using a tool to adjust the spokes on the wheel. The spokes are silver and thin, and the tool is black with a yellow label. The person's hands are steady as they make precise adjustments to the spokes. The background is blurred, but it appears to be a workshop or garage setting.",Hcq-PwYj3TE-Scene-0034,0,4,0
/data/home/yuanhaoc/videophy/DPO_Data/deepseek_gemini_filter/no_prompt_extension/Wan1.3B/seed_1/HfJAT5AOecI-Scene-0005.mp4,"In the video, a man is seen holding a long metal rod with a large metal head on one end. He is wearing a green shirt and khaki pants. The man is standing outside in a grassy area, and he is using the tool to dig into the ground. The tool appears to be heavy and requires a lot of force to use. The man's movements are deliberate and focused as he works to dig into the earth. The video provides a close-up view of the tool and the man's actions, allowing viewers to see the details of the tool and the man's technique.",HfJAT5AOecI-Scene-0005,0,4,0
/data/home/yuanhaoc/videophy/DPO_Data/deepseek_gemini_filter/no_prompt_extension/Wan1.3B/seed_1/HhHyi7hMIRk-Scene-0015.mp4,"In the video, a young man is seen skateboarding inside a warehouse. He starts by riding his skateboard towards a ramp and then jumps onto it. He then performs a trick where he flips the skateboard under his feet while in the air and lands back on the board. The warehouse has various skateboards hanging on the wall in the background. The young man is wearing a black t-shirt and black pants, and the skateboard has a black deck with white wheels. The video is shot in slow motion, allowing viewers to see the details of the trick.",HhHyi7hMIRk-Scene-0015,3,3,0
/data/home/yuanhaoc/videophy/DPO_Data/deepseek_gemini_filter/no_prompt_extension/Wan1.3B/seed_1/HkAxLCo8e70-Scene-0149.mp4,"The video shows a white drone with four propellers flying in a grassy field. The drone is equipped with a camera and is seen hovering in the air. The background consists of trees and a fence, indicating that the drone is being flown in an open area. The drone moves smoothly and steadily, and the camera captures the drone from different angles as it flies.",HkAxLCo8e70-Scene-0149,0,5,0
/data/home/yuanhaoc/videophy/DPO_Data/deepseek_gemini_filter/no_prompt_extension/Wan1.3B/seed_1/Hm4znQgvMpA-Scene-0032.mp4,"In the video, a shirtless man is seen using a stick to hit a piece of wood. He is wearing red shorts and appears to be in a forest. The man is hitting the wood with force, causing it to break apart. The background is filled with trees and foliage, indicating that the man is in a natural, outdoor setting. The video captures the man's actions in detail, showing the wood breaking apart into smaller pieces as he continues to hit it with the stick.",Hm4znQgvMpA-Scene-0032,3,3,0
/data/home/yuanhaoc/videophy/DPO_Data/deepseek_gemini_filter/no_prompt_extension/Wan1.3B/seed_1/Hnmx9oJNLwc-Scene-0131.mp4,"In the video, a dog is seen drinking water from a metal bowl. The dog is black and brown and is standing on a brick patio. The water in the bowl is clear and there are no other objects or people visible in the video. The dog is the main focus of the video and is seen drinking water from the bowl.",Hnmx9oJNLwc-Scene-0131,0,5,0
/data/home/yuanhaoc/videophy/DPO_Data/deepseek_gemini_filter/no_prompt_extension/Wan1.3B/seed_1/Hpam0D3hwGg-Scene-0062.mp4,"The video shows a young man skateboarding in an indoor skate park. He is wearing a black beanie, a gray t-shirt, and blue jeans. The skateboarder is seen riding his skateboard on a ramp and performing a trick on a rail. The skate park has a concrete floor and several ramps and rails for skaters to perform tricks on. The skateboarder is skilled and confident in his movements, executing the trick smoothly and landing back on the ramp. The video captures the excitement and energy of skateboarding in an indoor setting.",Hpam0D3hwGg-Scene-0062,4,3,0
/data/home/yuanhaoc/videophy/DPO_Data/deepseek_gemini_filter/no_prompt_extension/Wan1.3B/seed_1/Hq6OcwCOpl0-Scene-0021.mp4,"The video shows a person using a table saw to cut a piece of wood. The person places the wood on the table saw and pushes it through the blade. The wood is cut into two pieces. The person's hands are visible in the video, and they are wearing a ring on their left hand. The table saw is black and silver, and the wood is light brown. The background is a workshop with various tools and equipment visible.",Hq6OcwCOpl0-Scene-0021,4,3,0
/data/home/yuanhaoc/videophy/DPO_Data/deepseek_gemini_filter/no_prompt_extension/Wan1.3B/seed_1/HtnVLetjoJw-Scene-0085.mp4,"The video shows a person fishing in a yellow kayak. The person is holding a fishing rod and has caught a fish. The fish is struggling in the water, trying to get away from the hook. The person is trying to reel in the fish, but it is putting up a fight. The water is calm and there are no other boats or people visible in the video.",HtnVLetjoJw-Scene-0085,1,4,0
/data/home/yuanhaoc/videophy/DPO_Data/deepseek_gemini_filter/no_prompt_extension/Wan1.3B/seed_1/Hwx5I4KQrl4-Scene-0022.mp4,"The video shows a close-up of a person's hand as they push open a door. The door is made of metal and has a textured surface. The person's hand is visible through the gap in the door, and they are pushing it open with their fingers. The door appears to be heavy as the person has to apply some force to open it. The lighting in the video is dim, and the focus is on the door and the person's hand.",Hwx5I4KQrl4-Scene-0022,3,5,0
/data/home/yuanhaoc/videophy/DPO_Data/deepseek_gemini_filter/no_prompt_extension/Wan1.3B/seed_1/Hy2upG-rc2o-Scene-0120.mp4,"In the video, a man is seen floating on a white mattress in a swimming pool. He is wearing a red shirt and black shorts. The man then flips over onto his stomach and begins to push himself along the water using his arms. The pool water is a clear blue color, and the man appears to be enjoying himself as he swims.",Hy2upG-rc2o-Scene-0120,0,4,0
/data/home/yuanhaoc/videophy/DPO_Data/deepseek_gemini_filter/no_prompt_extension/Wan1.3B/seed_1/HzIawImZ3ZA-Scene-0035.mp4,The video shows a person holding a fish in a net. The fish is white and has a red tail. The person is wearing a black shirt and is standing in front of a body of water. The net is made of a fine mesh material and is black in color. The fish appears to be struggling as it is being held in the net.,HzIawImZ3ZA-Scene-0035,4,5,1
/data/home/yuanhaoc/videophy/DPO_Data/deepseek_gemini_filter/no_prompt_extension/Wan1.3B/seed_1/I07p0KZS6XQ-Scene-0035.mp4,The video shows a car driving down a highway with other cars around it. The car suddenly swerves to the left and crashes into a wall. The video is taken from the perspective of a dashcam in another car.,I07p0KZS6XQ-Scene-0035,1,5,0
/data/home/yuanhaoc/videophy/DPO_Data/deepseek_gemini_filter/no_prompt_extension/Wan1.3B/seed_1/I21YOmAJCxw-Scene-0026.mp4,"The video shows a hockey game in progress, with players skating around the rink. The camera focuses on a player who is hit by the puck and falls to the ground. The player is seen holding his head in pain, while the referee skates over to check on him. The crowd can be heard cheering in the background.",I21YOmAJCxw-Scene-0026,1,3,0
/data/home/yuanhaoc/videophy/DPO_Data/deepseek_gemini_filter/no_prompt_extension/Wan1.3B/seed_1/I5dJ493EjKI-Scene-0066.mp4,"In the video, a young boy is seen riding a skateboard. He is wearing a white helmet and a white shirt. The skateboard is red and white and has four wheels. The boy is crouching down on the skateboard and moving forward. He is riding on a road with a grassy area on the side. The boy seems to be enjoying the ride and is smiling.",I5dJ493EjKI-Scene-0066,4,4,1
/data/home/yuanhaoc/videophy/DPO_Data/deepseek_gemini_filter/no_prompt_extension/Wan1.3B/seed_1/IFxZoAp0T-0-Scene-0075.mp4,"In the video, a woman is seen hanging on to a pole. She is wearing a yellow jacket and blue jeans. The pole is located on a sidewalk near a road. The woman appears to be struggling to hold on to the pole as she swings back and forth. She is smiling and seems to be having fun. The background shows a cloudy sky and a few cars passing by on the road.",IFxZoAp0T-0-Scene-0075,4,4,1
/data/home/yuanhaoc/videophy/DPO_Data/deepseek_gemini_filter/no_prompt_extension/Wan1.3B/seed_1/IFywn5-c0rE-Scene-0006.mp4,"The video shows a man fishing on a boat. He is wearing a black jacket and is holding a fishing rod. The man is seen reeling in the fishing line, and the rod is bent, indicating that he has caught something. The water is calm, and the sky is overcast.",IFywn5-c0rE-Scene-0006,0,4,0
/data/home/yuanhaoc/videophy/DPO_Data/deepseek_gemini_filter/no_prompt_extension/Wan1.3B/seed_1/IOCvLgZ4EKY-Scene-0020.mp4,The video shows a woman driving a red tractor in a field. She is wearing a green dress and has her hair tied up. The tractor is pulling a green and yellow cart behind it. The cart has a man sitting in it. The field is surrounded by trees and there is a clear sky above.,IOCvLgZ4EKY-Scene-0020,1,4,0
/data/home/yuanhaoc/videophy/DPO_Data/deepseek_gemini_filter/no_prompt_extension/Wan1.3B/seed_1/IT_bWdHpnEY-Scene-0076.mp4,"The video features a clear glass of water being poured into a wine glass. The wine glass is placed on a white surface, and the water is poured from a clear glass pitcher. The water is poured in a steady stream, filling the wine glass to the brim. The video captures the moment the water reaches the top of the glass, and the sound of the water can be heard as it hits the glass. The wine glass is transparent, and the water is clear, allowing the viewer to see the water level rising in the glass. The video is shot in a well-lit room, and the focus is on the glass and the water being poured.",IT_bWdHpnEY-Scene-0076,5,4,1
/data/home/yuanhaoc/videophy/DPO_Data/deepseek_gemini_filter/no_prompt_extension/Wan1.3B/seed_1/IX3n7Dk0kLc-Scene-0006.mp4,The video shows a race car track at night with several cars racing. One of the cars is seen spinning out of control and crashing into the wall. The car is white and blue in color. The other cars continue to race past the crashed car. The track is well-lit with bright lights.,IX3n7Dk0kLc-Scene-0006,0,4,0
/data/home/yuanhaoc/videophy/DPO_Data/deepseek_gemini_filter/no_prompt_extension/Wan1.3B/seed_1/IX9a9C3BD6w-Scene-0043.mp4,"In the video, a person is seen holding a folding knife in their left hand and a screwdriver in their right hand. The person uses the screwdriver to unscrew the screws on the knife, one by one. The knife appears to be made of metal and has a dark color. The screws are small and silver. The person's hands are visible throughout the video, and they seem to be wearing a ring on their left hand. The background is a dark surface, possibly a table or a workbench.",IX9a9C3BD6w-Scene-0043,4,4,1
/data/home/yuanhaoc/videophy/DPO_Data/deepseek_gemini_filter/no_prompt_extension/Wan1.3B/seed_1/IXGQlDiSmDM-Scene-0024.mp4,"In the video, a person is seen fishing in a kayak. The person is wearing a white glove on one hand and is holding a fishing net in the other hand. The person is trying to catch a fish that is swimming near the kayak. The water is murky and the person is struggling to catch the fish. After a few attempts, the person finally catches the fish and holds it up in the air. The person then places the fish back into the water. The video captures the person's fishing technique and the beauty of the natural surroundings.",IXGQlDiSmDM-Scene-0024,4,4,1
/data/home/yuanhaoc/videophy/DPO_Data/deepseek_gemini_filter/no_prompt_extension/Wan1.3B/seed_1/IZjhA5y9JeU-Scene-0009.mp4,"In the video, a person is seen kneading dough in a red bowl. The person's hands are covered in flour, and they are wearing a blue shirt and green socks. The dough is white and appears to be soft and pliable. The person then adds baking powder to the dough, which is a white powdery substance. The person uses a spoon to add the baking powder to the dough, and the video ends with the person continuing to knead the dough.",IZjhA5y9JeU-Scene-0009,1,4,0
/data/home/yuanhaoc/videophy/DPO_Data/deepseek_gemini_filter/no_prompt_extension/Wan1.3B/seed_1/IajIcI_2BSc-Scene-0079.mp4,"The video shows a group of dolphins swimming in the ocean. The dolphins are grey in color and are seen leaping out of the water, creating splashes. The water is a deep blue color, and the sky is clear. There are no visible landmarks or other objects in the video. The dolphins appear to be in motion, with some of them partially submerged in the water.",IajIcI_2BSc-Scene-0079,0,5,0
/data/home/yuanhaoc/videophy/DPO_Data/deepseek_gemini_filter/no_prompt_extension/Wan1.3B/seed_1/IbIAXGQB0f0-Scene-0099.mp4,"In the video, a person is holding a fish in their hand. The fish is large and has a yellowish color. The person is standing next to a body of water, and there are several fishing rods visible in the background. The person is holding the fish with both hands, and it appears to be struggling. The person then opens their hand and releases the fish back into the water. The fish swims away quickly, and the person watches it go. The water is calm, and there are no other people or animals visible in the video.",IbIAXGQB0f0-Scene-0099,3,4,0
/data/home/yuanhaoc/videophy/DPO_Data/deepseek_gemini_filter/no_prompt_extension/Wan1.3B/seed_1/Ic9rdOBu7Mk-Scene-0018.mp4,"The video shows a soccer game in progress. The players are seen running and kicking the ball. The ball is passed from one player to another, and eventually, one player scores a goal. The players are wearing different colored jerseys, and the field is marked with white lines. The goalpost is visible in the background. The video is in black and white, and the players are moving quickly.",Ic9rdOBu7Mk-Scene-0018,1,3,0
/data/home/yuanhaoc/videophy/DPO_Data/deepseek_gemini_filter/no_prompt_extension/Wan1.3B/seed_1/Iev1xIr345Y-Scene-0032.mp4,"In the video, a person is seen working on a car engine. The person is using a wrench to turn a bolt on a hose. The hose is connected to the engine, and the person is turning the bolt to secure the hose in place. The person's hand is visible in the frame, and they are wearing a watch on their wrist. The engine is covered in various components, and the person is working carefully to ensure that the hose is properly attached. The video is shot from a close-up angle, focusing on the person's hand and the hose.",Iev1xIr345Y-Scene-0032,4,4,1
/data/home/yuanhaoc/videophy/DPO_Data/deepseek_gemini_filter/no_prompt_extension/Wan1.3B/seed_1/IiYXeHpJWgg-Scene-0029.mp4,"The video shows a yellow fish swimming in an aquarium. The fish has a long body and a yellow tail. It swims around the tank, passing by rocks and coral. The aquarium is well-lit, and the water is clear. The fish appears to be healthy and active.",IiYXeHpJWgg-Scene-0029,0,5,0
/data/home/yuanhaoc/videophy/DPO_Data/deepseek_gemini_filter/no_prompt_extension/Wan1.3B/seed_1/IqiNAmCo3R8-Scene-0004.mp4,"The video shows a group of women playing rugby on a grassy field. The women are wearing green and yellow uniforms, and one of them is holding a rugby ball. The video captures the moment when one of the women in yellow is running with the ball and is tackled by a woman in green. The tackle is successful, and the woman in yellow falls to the ground. The other women continue to run around the field, and the video ends with the woman in yellow sitting on the ground.",IqiNAmCo3R8-Scene-0004,3,3,0
/data/home/yuanhaoc/videophy/DPO_Data/deepseek_gemini_filter/no_prompt_extension/Wan1.3B/seed_1/IspoiH2nlhA-Scene-0084.mp4,"In the video, a person is seen working on a car's air conditioning system. The person is wearing black gloves and is using a screwdriver to remove screws from the air conditioning compressor. The compressor is located under the car, and the person is working carefully to remove it. The compressor is silver and has several screws that need to be unscrewed. The person is using a screwdriver to remove each screw one by one. The video shows the person's hands and the compressor in detail, but the person's face is not visible. The background is blurred, but it appears to be a garage or workshop setting.",IspoiH2nlhA-Scene-0084,4,4,1
/data/home/yuanhaoc/videophy/DPO_Data/deepseek_gemini_filter/no_prompt_extension/Wan1.3B/seed_1/IsrHrnYybQ0-Scene-0011.mp4,"In the video, there are two dogs playing with a water hose. One dog is a golden retriever, and the other is a corgi. They are both wearing collars. The golden retriever is biting the water hose, while the corgi is trying to get it. The person holding the hose is wearing a black and white patterned dress. The grass is green, and the sky is blue.",IsrHrnYybQ0-Scene-0011,1,3,0
/data/home/yuanhaoc/videophy/DPO_Data/deepseek_gemini_filter/no_prompt_extension/Wan1.3B/seed_1/IwkHiQzapkQ-Scene-0044.mp4,"The video shows a baseball game in progress. The pitcher throws the ball, and the batter hits it. The ball is then caught by the first baseman, who throws it to the second baseman. The second baseman throws the ball to the shortstop, who throws it to the third baseman. The third baseman throws the ball to the first baseman, who catches it. The pitcher is wearing a black jersey with the number 12 on it. The first baseman is wearing a white jersey with the number 1 on it. The second baseman is wearing a black jersey with the number 2 on it. The shortstop is wearing a black jersey with the number 3 on it. The third baseman is wearing a black jersey with the number 4 on it. The catcher is wearing a black jersey with the number 5 on it. The umpire is wearing a black shirt and gray pants. The crowd is cheering in the background.",IwkHiQzapkQ-Scene-0044,3,4,0
/data/home/yuanhaoc/videophy/DPO_Data/deepseek_gemini_filter/no_prompt_extension/Wan1.3B/seed_1/J-RedCrBwog-Scene-0005.mp4,"The video shows a woman riding a horse in an arena. The horse jumps over several obstacles, including a white fence with red and yellow stripes, a yellow and red fence, and a white fence with blue and yellow stripes. The woman is wearing a black helmet, a black jacket, and white pants. The horse is brown with a black mane and tail. The arena is surrounded by a crowd of spectators.",J-RedCrBwog-Scene-0005,1,4,0
/data/home/yuanhaoc/videophy/DPO_Data/deepseek_gemini_filter/no_prompt_extension/Wan1.3B/seed_1/J18wXX-l6KM-Scene-0032.mp4,"In the video, a person is seen cutting a piece of meat with a knife. The meat is red and has a marbled texture. The person is wearing a white glove on one hand and is using the knife with the other hand. The knife is silver and appears to be sharp as it cuts through the meat easily. The person cuts the meat into several pieces, arranging them neatly on a white cutting board. The background is blurred, but it appears to be a kitchen setting.",J18wXX-l6KM-Scene-0032,4,4,1
/data/home/yuanhaoc/videophy/DPO_Data/deepseek_gemini_filter/no_prompt_extension/Wan1.3B/seed_1/JESaD6tqXiQ-Scene-0100.mp4,"The video shows a close-up of a black pan on a stove with food in it. A person is using tongs to flip the food over. The food appears to be a type of casserole or baked dish with a golden brown crust on top. The stove is black, and the background is blurred, but it appears to be a kitchen setting.",JESaD6tqXiQ-Scene-0100,0,5,0
/data/home/yuanhaoc/videophy/DPO_Data/deepseek_gemini_filter/no_prompt_extension/Wan1.3B/seed_1/JLr9kDtH7gw-Scene-0034.mp4,"The video shows a close-up of a person's hands working on a car engine. The person is using a tool to adjust a part of the engine. The engine is dirty and has various components attached to it. The person's hands are moving quickly, indicating that they are experienced in working on engines. The video does not provide any audio, so it is unclear what the person is saying or what the sound of the engine is like. The focus of the video is on the person's hands and the engine, with no other objects or people visible in the frame.",JLr9kDtH7gw-Scene-0034,5,4,1
/data/home/yuanhaoc/videophy/DPO_Data/deepseek_gemini_filter/no_prompt_extension/Wan1.3B/seed_1/JMFkbWfO328-Scene-0039.mp4,"The video shows a tennis match between two players on a clay court. The players are wearing athletic clothing and are using tennis rackets to hit the ball back and forth over the net. The court is surrounded by a crowd of spectators, and there are advertisements on the walls around the court. The players are moving quickly and appear to be skilled at the game.",JMFkbWfO328-Scene-0039,1,3,0
/data/home/yuanhaoc/videophy/DPO_Data/deepseek_gemini_filter/no_prompt_extension/Wan1.3B/seed_1/JMmhSluqyws-Scene-0004.mp4,"In the video, a person is seen holding a glass of water and then pouring it into a measuring cup. The person then adds a drop of food coloring to the water, which causes the water to change color. The person then stirs the water with a spoon, and the color spreads throughout the water. The person then pours the colored water back into the glass, and the water in the glass changes color as well. The person continues to stir the water in the glass, and the color spreads evenly throughout the water. The video ends with the person holding the glass of colored water.",JMmhSluqyws-Scene-0004,4,3,0
/data/home/yuanhaoc/videophy/DPO_Data/deepseek_gemini_filter/no_prompt_extension/Wan1.3B/seed_1/JTZUkc9OlxI-Scene-0030.mp4,"The video shows a female tennis player in a blue dress holding a tennis racket and walking onto a tennis court. She then serves the ball to her opponent, who is standing on the other side of the court. The opponent hits the ball back, and the female player hits it back again. The video is shot from a high angle, showing the entire court and both players.",JTZUkc9OlxI-Scene-0030,0,3,0
/data/home/yuanhaoc/videophy/DPO_Data/deepseek_gemini_filter/no_prompt_extension/Wan1.3B/seed_1/JVmwRIfJCJ4-Scene-0049.mp4,"The video shows a baseball game in progress. The camera angle is from the stands, looking down onto the field. The players are wearing white uniforms, and the batter is at the plate. The pitcher throws the ball, and the batter hits it. The ball is then caught by a player in the outfield. The crowd in the stands is cheering and clapping.",JVmwRIfJCJ4-Scene-0049,0,3,0
/data/home/yuanhaoc/videophy/DPO_Data/deepseek_gemini_filter/no_prompt_extension/Wan1.3B/seed_1/JWey46JFMiY-Scene-0036.mp4,"The video shows a close-up of a person's hands as they press crumbs into a pie crust. The person uses a small metal cup to press the crumbs into the crust, creating a textured pattern. The pie crust is golden brown, and the crumbs are a light brown color. The person's hands are steady and precise as they work on the pie crust.",JWey46JFMiY-Scene-0036,4,4,1
/data/home/yuanhaoc/videophy/DPO_Data/deepseek_gemini_filter/no_prompt_extension/Wan1.3B/seed_1/JYz88-NJ0yA-Scene-0009.mp4,"In the video, a person is seen working on a pipe system. The person is using a wrench to turn a valve on the pipe. The pipe system appears to be made of metal and has several valves and pipes connected to it. The person is wearing gloves and appears to be focused on the task at hand. The background is not clearly visible, but it seems to be an industrial or mechanical setting. The person's movements are deliberate and precise, indicating that they are experienced in working with such systems. The video does not provide any audio, so the viewer can only rely on the visual information to understand the context of the video.",JYz88-NJ0yA-Scene-0009,1,4,0
/data/home/yuanhaoc/videophy/DPO_Data/deepseek_gemini_filter/no_prompt_extension/Wan1.3B/seed_1/Jd-YiXNeX3w-Scene-0033.mp4,"In the video, a man is seen riding a skateboard. He is wearing a blue shirt and gray pants. The man is riding the skateboard on a flat surface, and he is seen performing various tricks. At one point, he bends down on the skateboard and then stands up again. The man seems to be enjoying himself as he rides the skateboard and performs the tricks. The background of the video is a clear blue sky with some buildings visible in the distance. The video captures the man's movements in detail, showing his balance and control over the skateboard. Overall, the video showcases the man's skateboarding skills and his ability to perform tricks on the board.",Jd-YiXNeX3w-Scene-0033,4,3,0
/data/home/yuanhaoc/videophy/DPO_Data/deepseek_gemini_filter/no_prompt_extension/Wan1.3B/seed_1/Ji20LcgemZ8-Scene-0013.mp4,"In the video, a man is seen holding a skateboard and talking to the camera. He then proceeds to perform a trick on the railing of a set of stairs. The man is wearing a black shirt and black pants, and the skateboard has a black top with white wheels. The stairs are made of wood and the railing is black. In the background, there are other people who are also skateboarding. The man successfully lands the trick and continues to skate away from the stairs.",Ji20LcgemZ8-Scene-0013,3,3,0
/data/home/yuanhaoc/videophy/DPO_Data/deepseek_gemini_filter/no_prompt_extension/Wan1.3B/seed_1/Jl6gbjorSew-Scene-0022.mp4,"The video shows a man's hands working on a car's wheel. He is using a tool to remove the wheel from the car. The man is wearing a ring on his left hand. The wheel is black and appears to be made of metal. The tool he is using is silver and appears to be made of steel. The man is wearing a black shirt and is working in a garage. The video is shot from a close-up angle, focusing on the man's hands and the wheel.",Jl6gbjorSew-Scene-0022,1,4,0
/data/home/yuanhaoc/videophy/DPO_Data/deepseek_gemini_filter/no_prompt_extension/Wan1.3B/seed_1/JnpNfNB_yk8-Scene-0003.mp4,"The video shows a soccer match in progress. The players are wearing green and yellow uniforms. The ball is being passed around the field, and one player in a green uniform kicks the ball towards the goal. The goalkeeper, wearing a red uniform, dives to make a save. The crowd in the background is cheering and clapping.",JnpNfNB_yk8-Scene-0003,1,3,0
/data/home/yuanhaoc/videophy/DPO_Data/deepseek_gemini_filter/no_prompt_extension/Wan1.3B/seed_1/JqNu0shXGzk-Scene-0103.mp4,The video shows a motorcyclist riding a blue motorcycle down a road. The motorcycle has a clear windshield and the rider is wearing a helmet. The road is lined with trees and there is a guardrail on the side. The motorcycle is moving at a steady pace and the rider appears to be enjoying the ride.,JqNu0shXGzk-Scene-0103,5,5,1
/data/home/yuanhaoc/videophy/DPO_Data/deepseek_gemini_filter/no_prompt_extension/Wan1.3B/seed_1/JwI6NZ1sB1Q-Scene-0126.mp4,"In the video, a person is seen pouring a large number of small fish into a blue bucket. The fish are dark in color and appear to be wet. The bucket is already filled with similar fish, and the person continues to pour more into it. The person's hand is visible, and they are wearing a red glove. The background is not clearly visible, but it appears to be an outdoor setting.",JwI6NZ1sB1Q-Scene-0126,5,4,1
/data/home/yuanhaoc/videophy/DPO_Data/deepseek_gemini_filter/no_prompt_extension/Wan1.3B/seed_1/K2mO1cFBu2E-Scene-0124.mp4,"The video shows a baseball game in progress. The pitcher throws the ball, and the batter hits it. The catcher catches the ball, and the umpire signals the batter out. The players are wearing baseball uniforms, and the stadium is filled with spectators.",K2mO1cFBu2E-Scene-0124,1,3,0
/data/home/yuanhaoc/videophy/DPO_Data/deepseek_gemini_filter/no_prompt_extension/Wan1.3B/seed_1/K38o5fM2FXc-Scene-0023.mp4,"The video shows a wrestling match between two men in a ring. One man is wearing a camouflage outfit, while the other is wearing a black outfit with red designs. The man in the camouflage outfit is lying on the ground, and the man in the black outfit is standing over him. The man in the black outfit then picks up the man in the camouflage outfit and slams him onto the mat. The referee is standing by the side of the ring, watching the action. The crowd is visible in the background, cheering and clapping.",K38o5fM2FXc-Scene-0023,4,3,0
/data/home/yuanhaoc/videophy/DPO_Data/deepseek_gemini_filter/no_prompt_extension/Wan1.3B/seed_1/K4ryaL9T7qg-Scene-0093.mp4,"In the video, a young boy is seen standing in a doorway. He is wearing a blue shirt and black shorts. The boy is holding a basketball and is seen throwing it into a small hoop that is attached to the door. The hoop is white and has a red rim. The boy successfully makes the shot and then turns around and walks away. The room appears to be a bedroom with a wooden dresser and a black bag hanging on the door.",K4ryaL9T7qg-Scene-0093,0,3,0
/data/home/yuanhaoc/videophy/DPO_Data/deepseek_gemini_filter/no_prompt_extension/Wan1.3B/seed_1/K5U91h9RqGY-Scene-0016.mp4,"In the video, two children are playing on a bed. The boy is wearing a white shirt and black pants, while the girl is wearing a pink shirt and white pants with a pattern. They are both smiling and laughing as they play. The boy is pulling the girl's legs, and she is trying to get away. They are both having a lot of fun. The bed they are playing on is white, and there is a purple bed in the background. The room is well-lit, and there are some toys on the floor.",K5U91h9RqGY-Scene-0016,4,4,1
/data/home/yuanhaoc/videophy/DPO_Data/deepseek_gemini_filter/no_prompt_extension/Wan1.3B/seed_1/KAoIwBg45pM-Scene-0016.mp4,"The video shows a person skateboarding down a sidewalk. The skateboarder is wearing a red hoodie and black pants. They are riding a skateboard with a black top and white wheels. The sidewalk is lined with trees and bushes, and there is a curb on the side. The skateboarder is performing tricks, including jumping and turning. The video is shot from a low angle, focusing on the skateboarder's feet and the skateboard.",KAoIwBg45pM-Scene-0016,0,4,0
/data/home/yuanhaoc/videophy/DPO_Data/deepseek_gemini_filter/no_prompt_extension/Wan1.3B/seed_1/KDQNusHVrEY-Scene-0007.mp4,"In the video, a man is seen standing in front of a green screen. He is wearing a blue striped shirt and has a ring on his finger. The man is holding a black keyboard and is demonstrating how to adjust the angle of the keyboard. He first shows how to adjust the angle of the keyboard by pulling it up and down. Then, he demonstrates how to adjust the angle of the keyboard by pushing it back and forth. The man's movements are smooth and deliberate, indicating that he is familiar with the keyboard's adjustment mechanism. The green screen in the background suggests that this video may be used for instructional purposes or for creating visual effects.",KDQNusHVrEY-Scene-0007,4,4,1
/data/home/yuanhaoc/videophy/DPO_Data/deepseek_gemini_filter/no_prompt_extension/Wan1.3B/seed_1/KDxyH5giMno-Scene-0031.mp4,"The video shows a blue police car with a red light on top and the word ""POLICE"" written on the side. The car is followed by a black car with a red light on top and a badge on the side. The two cars are shown driving side by side, and then they crash into each other. The police car has a badge on the door with the word ""POLICE"" written on it. The black car has a badge on the door with a badge on it. The video ends with the two cars crashed into each other.",KDxyH5giMno-Scene-0031,0,3,0
/data/home/yuanhaoc/videophy/DPO_Data/deepseek_gemini_filter/no_prompt_extension/Wan1.3B/seed_1/KGzXxzFamPU-Scene-0026.mp4,"In the video, a man is seen riding a bull in a rodeo arena. The man is wearing a helmet and a vest, and the bull is black. The man is holding onto a rope with one hand while the other hand is in the air. The bull is bucking wildly, and the man is trying to stay on top of it. The rodeo arena has a dirt floor, and there are no other people visible in the video. The man eventually falls off the bull, and the bull continues to buck.",KGzXxzFamPU-Scene-0026,3,4,0
/data/home/yuanhaoc/videophy/DPO_Data/deepseek_gemini_filter/no_prompt_extension/Wan1.3B/seed_1/KI34RoIRYNg-Scene-0057.mp4,"The video shows a woman in a gym, wearing a black sports bra and black leggings, using a stair stepper. She is holding onto the handles of the machine and stepping up and down on the pedals. The gym is well-lit, and there are other people visible in the background, also working out. The woman appears to be focused on her exercise, and there is no interaction with anyone else in the video.",KI34RoIRYNg-Scene-0057,0,4,0
/data/home/yuanhaoc/videophy/DPO_Data/deepseek_gemini_filter/no_prompt_extension/Wan1.3B/seed_1/KId-dh7UR-w-Scene-0038.mp4,"The video shows a close-up of a spray bottle with a blue cap and a white body. The bottle is being used to spray a brown surface, which appears to be a wall or door. The spray is being applied in a steady stream, and the nozzle of the bottle is visible. The video is shot in a vertical orientation, and the background is not visible.",KId-dh7UR-w-Scene-0038,5,4,1
/data/home/yuanhaoc/videophy/DPO_Data/deepseek_gemini_filter/no_prompt_extension/Wan1.3B/seed_1/KKrhYkR1C68-Scene-0014.mp4,The video shows a woman riding a horse in a fenced area. The horse is brown and the woman is wearing a blue shirt and black pants. She is riding the horse around the fenced area and then jumps over a hurdle. The sky is cloudy and the ground is covered in dirt.,KKrhYkR1C68-Scene-0014,1,4,0
/data/home/yuanhaoc/videophy/DPO_Data/deepseek_gemini_filter/no_prompt_extension/Wan1.3B/seed_1/KLtVc42ZZsc-Scene-0059.mp4,"In the video, a man is seen walking towards a stone wall. The man is wearing an orange shirt and black pants. The stone wall has a small opening in the middle, and there is a plant pot on the ground next to it. The man reaches the wall and throws a rock into the opening. The rock bounces off the wall and lands on the ground. The man then turns around and walks back towards the camera. The background consists of trees and bushes.",KLtVc42ZZsc-Scene-0059,1,3,0
/data/home/yuanhaoc/videophy/DPO_Data/deepseek_gemini_filter/no_prompt_extension/Wan1.3B/seed_1/KMwLMPZBMIU-Scene-0027.mp4,"The video shows a soccer game in progress. The players are wearing different colored uniforms, with one team in white and the other in blue. The ball is being passed around the field, with players running and attempting to gain control of it. The stadium is filled with spectators, and the field is surrounded by advertisements. The players are skilled and coordinated, moving quickly and strategically. The game is intense, with both teams striving to score a goal.",KMwLMPZBMIU-Scene-0027,4,4,1
/data/home/yuanhaoc/videophy/DPO_Data/deepseek_gemini_filter/no_prompt_extension/Wan1.3B/seed_1/KNUFXGel1PE-Scene-0023.mp4,"The video shows a close-up of a blender filled with various fruits and nuts. The blender is turned on, and the contents are blended together. The blender is made of clear glass, and the fruits and nuts are visible through the glass. The blender is set on a kitchen counter, and there is a red flower in the background. The blender is turned off, and the blended mixture is shown.",KNUFXGel1PE-Scene-0023,4,4,1
/data/home/yuanhaoc/videophy/DPO_Data/deepseek_gemini_filter/no_prompt_extension/Wan1.3B/seed_1/KOi9hHjmYq4-Scene-0041.mp4,"The video shows a man in a suit and tie standing in front of a glass wall. He suddenly hits the glass with his fist, causing it to shatter and water to spray everywhere. The man then runs through the water, trying to avoid getting wet. He manages to make it to the other side of the room, where he shakes off the water from his suit.",KOi9hHjmYq4-Scene-0041,1,3,0
/data/home/yuanhaoc/videophy/DPO_Data/deepseek_gemini_filter/no_prompt_extension/Wan1.3B/seed_1/KPqaao9juPs-Scene-0014.mp4,"The video shows a waterfall flowing down a rocky cliff into a pool of water below. The waterfall is surrounded by greenery and trees. The water is clear and appears to be flowing smoothly. The cliff is made of large rocks and boulders, and the waterfall is quite tall. The surrounding area is lush and green, indicating that the location is likely in a natural, outdoor setting. The waterfall seems to be the main focus of the video, with the camera panning up and down to capture the full height of the waterfall.",KPqaao9juPs-Scene-0014,4,4,1
/data/home/yuanhaoc/videophy/DPO_Data/deepseek_gemini_filter/no_prompt_extension/Wan1.3B/seed_1/Kbk3_-ieVRo-Scene-0011.mp4,"In the video, a man is seen working on a car. He is using a wrench to remove bolts from the underside of the vehicle. The man is wearing a green shirt and is standing on a rocky terrain. The car appears to be a truck, and the man is working on the suspension system. He is using a flashlight to illuminate the area, and there is a yellow hose visible in the frame. The man is focused on his task, and the video captures the process of removing the bolts in detail.",Kbk3_-ieVRo-Scene-0011,1,4,0
/data/home/yuanhaoc/videophy/DPO_Data/deepseek_gemini_filter/no_prompt_extension/Wan1.3B/seed_1/KdiFxtAMQu8-Scene-0045.mp4,"In the video, a person is seen holding a folding knife in their hand. The knife has a silver blade and a brown handle. The person then proceeds to open the knife by pushing the blade out with their thumb. The blade is then locked into place by the person's other hand. The person then closes the knife by pushing the blade back into the handle. The video is shot against a black background.",KdiFxtAMQu8-Scene-0045,3,4,0
/data/home/yuanhaoc/videophy/DPO_Data/deepseek_gemini_filter/no_prompt_extension/Wan1.3B/seed_1/KjI99caH_hk-Scene-0115.mp4,"In the video, a man is seen working on the back of a white van. He is wearing a green jacket and glasses. The man is using a tool to remove the rubber step from the van. He is seen pulling the rubber step off the van and then putting it back on. The man seems to be doing some maintenance work on the van.",KjI99caH_hk-Scene-0115,1,4,0
/data/home/yuanhaoc/videophy/DPO_Data/deepseek_gemini_filter/no_prompt_extension/Wan1.3B/seed_1/KkyKC7GZN08-Scene-0058.mp4,"The video shows two white dogs playing with a ball in a fenced area. The dogs are seen running around and playing with the ball, with one dog chasing the ball while the other dog follows. The dogs are medium-sized with fluffy fur and appear to be well-behaved. The fenced area is surrounded by a metal fence and there are some trees and bushes in the background. The ball is brightly colored and stands out against the dirt ground. The dogs seem to be enjoying themselves as they play with the ball.",KkyKC7GZN08-Scene-0058,4,4,1
/data/home/yuanhaoc/videophy/DPO_Data/deepseek_gemini_filter/no_prompt_extension/Wan1.3B/seed_1/KlBr9x90H3U-Scene-0018.mp4,The video shows a football player in a red and gold uniform holding a football and being tackled by an opposing player in a white and blue uniform. The player in red and gold is wearing a helmet with a face guard and a chin strap. The player in white and blue is wearing a helmet with a face mask. The background is a blurred image of a football field with other players and spectators.,KlBr9x90H3U-Scene-0018,1,4,0
/data/home/yuanhaoc/videophy/DPO_Data/deepseek_gemini_filter/no_prompt_extension/Wan1.3B/seed_1/KmV0A7l2p-w-Scene-0019.mp4,"In the video, a person is holding a small green lizard in their hand. The lizard is being fed a brown liquid from a wooden stick. The person is using the stick to feed the lizard, and the lizard is eagerly drinking the liquid. The background is white, and there is no other visible object in the frame. The lizard is bright green with a smooth texture, and the liquid is a dark brown color. The wooden stick is light brown and appears to be a toothpick. The person's hand is visible, but their face is not shown in the video.",KmV0A7l2p-w-Scene-0019,5,5,1
/data/home/yuanhaoc/videophy/DPO_Data/deepseek_gemini_filter/no_prompt_extension/Wan1.3B/seed_1/Kn-eLq7-Fbw-Scene-0049.mp4,"The video shows a close-up of a green circuit board with various electronic components and wires. A person's hand is seen using a soldering iron to work on the board. The soldering iron has a blue handle and a silver tip. The person is carefully applying solder to the connections on the board. The board has several blue and silver components, as well as black and silver wires. The background is a light-colored surface, possibly a workbench.",Kn-eLq7-Fbw-Scene-0049,1,4,0
/data/home/yuanhaoc/videophy/DPO_Data/deepseek_gemini_filter/no_prompt_extension/Wan1.3B/seed_1/L3anEP_XTNU-Scene-0007.mp4,"In the video, a man is seen working on a mechanical device. He is wearing a black jacket and a black hat. The device appears to be a complex piece of machinery with multiple gears and levers. The man is using a wrench to turn a bolt on the device. The background is cluttered with various tools and equipment, indicating that the man is in a workshop or garage setting. The lighting is dim, and the focus is on the man and the device he is working on.",L3anEP_XTNU-Scene-0007,4,4,1
/data/home/yuanhaoc/videophy/DPO_Data/deepseek_gemini_filter/no_prompt_extension/Wan1.3B/seed_1/L5JeVE4NawU-Scene-0102.mp4,The video shows a person in a green shirt pouring water from a black pitcher into a large blue water bottle. The person is holding the pitcher with one hand and the bottle with the other hand. The water is being poured through a white tube that is attached to the bottle's mouth. The background is a white shelf with various items on it.,L5JeVE4NawU-Scene-0102,1,3,0
/data/home/yuanhaoc/videophy/DPO_Data/deepseek_gemini_filter/no_prompt_extension/Wan1.3B/seed_1/L8VgH_9Z_8s-Scene-0111.mp4,"The video shows a person holding a fish in their hand and then throwing it back into the water. The person is standing on the bank of a river or lake, and the fish appears to be a bass. The person is wearing a blue jacket and has a fishing rod in their hand. The water is calm and there are trees and grass visible in the background.",L8VgH_9Z_8s-Scene-0111,1,4,0
/data/home/yuanhaoc/videophy/DPO_Data/deepseek_gemini_filter/no_prompt_extension/Wan1.3B/seed_1/L8z7n7y6Zzw-Scene-0026.mp4,"In the video, a person is holding a stick with a flint striker on it. The stick is black and has red and white patterns on it. The person is using the flint striker to strike a piece of flint, which is a hard, brittle rock that can be struck to produce sparks. The background shows a pile of sticks and branches, suggesting that the person might be in a natural setting or preparing for a fire. The person's hand is steady as they strike the flint, and the sparks are visible as they are produced. The video is shot in close-up, focusing on the person's hand and the flint striker.",L8z7n7y6Zzw-Scene-0026,4,3,0
/data/home/yuanhaoc/videophy/DPO_Data/deepseek_gemini_filter/no_prompt_extension/Wan1.3B/seed_1/LAlAGJLwJEk-Scene-0006.mp4,"The video features a person holding a folding knife in their hand. The knife has a black handle and a silver blade. The person's hand is visible as they manipulate the knife, opening and closing the blade. The background is a carpeted floor with small, light-colored specks. The focus of the video is on the knife and the person's hand movements.",LAlAGJLwJEk-Scene-0006,1,4,0
/data/home/yuanhaoc/videophy/DPO_Data/deepseek_gemini_filter/no_prompt_extension/Wan1.3B/seed_1/LEsWlA7cxAM-Scene-0017.mp4,"In the video, a man is seen using a blue sanding block to smooth out a piece of wood. He is focused on his task and appears to be an experienced woodworker. The woodworking shop is well-lit, and there are other pieces of wood and tools visible in the background. The man's movements are deliberate and precise as he works on the wood, indicating his skill and attention to detail. The video captures the process of woodworking, showcasing the man's craftsmanship and the transformation of the wood piece.",LEsWlA7cxAM-Scene-0017,4,4,1
/data/home/yuanhaoc/videophy/DPO_Data/deepseek_gemini_filter/no_prompt_extension/Wan1.3B/seed_1/LKP6EBi3Rzk-Scene-0116.mp4,"In the video, a man is seen sitting on the floor with a large Jenga tower in front of him. He is wearing a black t-shirt, grey shorts, and black socks. The man is holding a small dog in his lap while he carefully removes a block from the tower. The dog appears to be a small breed with a light-colored coat. The man looks focused on the game, and the dog seems calm and comfortable in his lap. The Jenga tower is made of light-colored wooden blocks, and the man is using his right hand to remove the blocks. The floor appears to be wooden, and there is a couch visible in the background.",LKP6EBi3Rzk-Scene-0116,4,4,1
/data/home/yuanhaoc/videophy/DPO_Data/deepseek_gemini_filter/no_prompt_extension/Wan1.3B/seed_1/LLDjckd3vhU-Scene-0005.mp4,The video shows a person skateboarding on a sidewalk. The skateboarder is wearing a black shirt and black pants. The skateboarder is seen riding the skateboard and then performing a trick where they jump and flip the skateboard in the air. The surroundings include palm trees and a clear blue sky.,LLDjckd3vhU-Scene-0005,0,3,0
/data/home/yuanhaoc/videophy/DPO_Data/deepseek_gemini_filter/no_prompt_extension/Wan1.3B/seed_1/LO1gPRC-IyA-Scene-0012.mp4,The video shows a person fishing in a lake. The person is seen holding a fishing rod and reeling in a fish. The fish is then held up in the air by the person. The person then removes the hook from the fish's mouth and holds up the fish. The person then holds up a worm and a hook.,LO1gPRC-IyA-Scene-0012,0,4,0
/data/home/yuanhaoc/videophy/DPO_Data/deepseek_gemini_filter/no_prompt_extension/Wan1.3B/seed_1/LSzr54JOtXE-Scene-0003.mp4,"The video shows a man pushing a large log out of the way so that an orange Jeep can drive over it. The Jeep is a Wrangler Unlimited model and is shown driving over the log, which is lying in the dirt. The Jeep is moving slowly and carefully over the log, and the man is seen pushing the log with his hands to clear the path for the vehicle. The video is shot from a close-up angle, focusing on the Jeep and the log.",LSzr54JOtXE-Scene-0003,3,3,0
/data/home/yuanhaoc/videophy/DPO_Data/deepseek_gemini_filter/no_prompt_extension/Wan1.3B/seed_1/LTwC9qf2dnk-Scene-0012.mp4,"In the video, a person is seen holding a black wheel with a red object in the background. The person spins the wheel, which appears to be attached to a red object, possibly a toy or a piece of equipment. The wheel is made of plastic and has a black rubber tire. The person's hand is visible, and they seem to be spinning the wheel with their thumb. The background is blurred, but it appears to be an indoor setting with a carpeted floor.",LTwC9qf2dnk-Scene-0012,1,4,0
/data/home/yuanhaoc/videophy/DPO_Data/deepseek_gemini_filter/no_prompt_extension/Wan1.3B/seed_1/LV1-nDX-WDY-Scene-0241.mp4,"In the video, a person is seen holding a glass of water in their hand. They are carefully pouring the water onto a plate of candy, which is arranged in a circular pattern. The candies are of various colors, including red, green, yellow, and orange. The person pours the water in a way that it flows over the candies, creating a visually appealing effect. The candies are glossy and appear to be of a hard shell variety. The plate is white and has a simple design. The background is not visible, but the focus is on the action of pouring water over the candies.",LV1-nDX-WDY-Scene-0241,5,4,1
/data/home/yuanhaoc/videophy/DPO_Data/deepseek_gemini_filter/no_prompt_extension/Wan1.3B/seed_1/LVqtqC5MSSc-Scene-0274.mp4,"In the video, a person is seen holding a piece of meat with one hand while using a knife in the other hand to cut through it. The meat is pink and appears to be raw. The person is cutting the meat with precision and care, ensuring that the cut is clean and even. The knife is sharp and moves smoothly through the meat, indicating that it is well-maintained. The person's hands are steady, and they seem to be experienced in handling meat. The background is not visible, focusing the viewer's attention solely on the cutting process.",LVqtqC5MSSc-Scene-0274,1,4,0
/data/home/yuanhaoc/videophy/DPO_Data/deepseek_gemini_filter/no_prompt_extension/Wan1.3B/seed_1/LWoUak3mIBc-Scene-0002.mp4,"The video shows a hockey player in a blue jersey with the number 6 on it, skating on the ice. The player is holding a hockey stick and is seen maneuvering around another player who is on the ground. The player in the blue jersey is wearing a helmet and gloves, and the other player is wearing a white jersey with red and blue accents. The ice rink has visible markings and logos, and there are other players in the background. The video is shot from a side angle, capturing the action as it unfolds.",LWoUak3mIBc-Scene-0002,4,4,1
/data/home/yuanhaoc/videophy/DPO_Data/deepseek_gemini_filter/no_prompt_extension/Wan1.3B/seed_1/LbGpZwl730c-Scene-0072.mp4,"The video shows a person's hands working with blue clay on a blue surface. They are shaping the clay into different parts of an owl, including the head and eyes. The person uses a tool to refine the shape of the clay and adds details such as the eyes and beak. The video is shot from a top-down perspective, focusing on the hands and the clay.",LbGpZwl730c-Scene-0072,1,4,0
/data/home/yuanhaoc/videophy/DPO_Data/deepseek_gemini_filter/no_prompt_extension/Wan1.3B/seed_1/LfXigKn9jTI-Scene-0020.mp4,"The video shows a close-up of a person's hand holding a brown egg over a green bowl filled with water. The person then drops the egg into the water, and it sinks to the bottom of the bowl. The person repeats this action with a second egg, dropping it into the water and allowing it to sink as well. The bowl is placed on a white countertop, and the person's hand is visible throughout the video.",LfXigKn9jTI-Scene-0020,4,3,0
/data/home/yuanhaoc/videophy/DPO_Data/deepseek_gemini_filter/no_prompt_extension/Wan1.3B/seed_1/LjVMDLFr1ts-Scene-0015.mp4,"The video shows a man kayaking down a river with rapids. He is wearing a black helmet and a life jacket. The kayak is green and white. The man is using a double-bladed paddle to navigate through the rapids. The river is surrounded by rocks and there are signs on the rocks. The water is white and foamy, indicating the rapids are strong.",LjVMDLFr1ts-Scene-0015,0,4,0
/data/home/yuanhaoc/videophy/DPO_Data/deepseek_gemini_filter/no_prompt_extension/Wan1.3B/seed_1/LkEgjgXL-wU-Scene-0026.mp4,"In the video, a person is seen pointing at a scratching post while a cat is looking up at them. The cat then proceeds to scratch the post with its paws. The scratching post is made of rope and is standing upright. The cat is a Siamese breed with a cream-colored body and dark brown points on its ears, face, paws, and tail. The person's hand is visible, and they are wearing a white shirt. The background is a plain white wall.",LkEgjgXL-wU-Scene-0026,5,5,1
/data/home/yuanhaoc/videophy/DPO_Data/deepseek_gemini_filter/no_prompt_extension/Wan1.3B/seed_1/LmtOEKaPj6c-Scene-0030.mp4,"The video shows a woman underwater in a pool. She is wearing a white bodysuit and has a large white cloth attached to her back. The cloth is spread out like wings, and she is moving her arms up and down to mimic the motion of flying. The water is clear, and bubbles can be seen rising to the surface. The woman appears to be enjoying herself as she moves gracefully through the water.",LmtOEKaPj6c-Scene-0030,0,4,0
/data/home/yuanhaoc/videophy/DPO_Data/deepseek_gemini_filter/no_prompt_extension/Wan1.3B/seed_1/LpoBmEYwLfs-Scene-0028.mp4,"In the video, a person is seen pouring a liquid into a pot. The pot is filled with a mixture of vegetables and other ingredients. The liquid being poured is clear and appears to be water. The person pours the liquid from a height, causing the mixture in the pot to splash and bubble. The pot is placed on a stove, and the person is wearing a blue apron. The kitchen is well-lit, and there are various cooking utensils visible in the background.",LpoBmEYwLfs-Scene-0028,5,5,1
/data/home/yuanhaoc/videophy/DPO_Data/deepseek_gemini_filter/no_prompt_extension/Wan1.3B/seed_1/LrlKSX9lzy8-Scene-0003.mp4,"The video shows a person cutting up carrots on a wooden cutting board. The person is using a knife to chop the carrots into small pieces. The cutting board is placed on a table, and there are other vegetables visible in the background. The person's hands are visible as they cut the carrots, and the knife is shown in close-up as it slices through the carrots. The carrots are orange, and the cutting board is brown. The person's movements are quick and precise as they cut the carrots into thin strips.",LrlKSX9lzy8-Scene-0003,4,4,1
/data/home/yuanhaoc/videophy/DPO_Data/deepseek_gemini_filter/no_prompt_extension/Wan1.3B/seed_1/Ls6ktHWalW4-Scene-0006.mp4,"In the video, we see a person using a table saw to cut a piece of wood. The person is holding the wood with one hand while using the other hand to guide the saw blade through the wood. The wood is light brown in color and appears to be a medium-sized piece. The table saw is silver and has a black handle. The person is wearing a black shirt and appears to be focused on the task at hand. The background is blurred, but it seems to be a workshop setting.",Ls6ktHWalW4-Scene-0006,1,3,0
/data/home/yuanhaoc/videophy/DPO_Data/deepseek_gemini_filter/no_prompt_extension/Wan1.3B/seed_1/LuRmWA7AOwM-Scene-0074.mp4,"The video shows a boat moving through the water, creating a wake behind it. The water is choppy, and the boat is moving at a high speed, as evidenced by the white foam and waves created by the boat's movement. The boat appears to be a medium-sized motorboat, and the water is a deep blue color, indicating that the boat is likely in a large body of water such as a lake or ocean. The sky is clear, and there are no other boats or objects visible in the video.",LuRmWA7AOwM-Scene-0074,5,5,1
/data/home/yuanhaoc/videophy/DPO_Data/deepseek_gemini_filter/no_prompt_extension/Wan1.3B/seed_1/M3-zXFcKHfI-Scene-0147.mp4,"The video shows a person fishing in a lake. The person is holding a fishing rod and reel, and the rod is bent, indicating that a fish has been caught. The person is wearing a black jacket and gloves, and the background shows trees and water.",M3-zXFcKHfI-Scene-0147,1,4,0
/data/home/yuanhaoc/videophy/DPO_Data/deepseek_gemini_filter/no_prompt_extension/Wan1.3B/seed_1/M35QiW2yV8E-Scene-0025.mp4,"In the video, a person is seen using a needle to poke a hole in a tag. The tag is attached to the ear of a black animal. The person then threads a string through the hole in the tag and ties it around the animal's ear. The animal appears to be calm and cooperative throughout the process. The person's hands are steady, and they seem to be experienced in handling the tag and the animal. The background is not clearly visible, but it appears to be an indoor setting.",M35QiW2yV8E-Scene-0025,4,4,1
/data/home/yuanhaoc/videophy/DPO_Data/deepseek_gemini_filter/no_prompt_extension/Wan1.3B/seed_1/M74B5VEmyIk-Scene-0089.mp4,"The video shows a group of soldiers in uniforms working together to dig a trench. They are using shovels to move the dirt and are working in unison to complete the task. The soldiers are wearing combat boots and are covered in dust from the dirt they are digging. The trench is being dug in a sandy area, and there is a lot of dust being kicked up as they work. The soldiers are focused on their task and are working efficiently to get the job done.",M74B5VEmyIk-Scene-0089,0,4,0
/data/home/yuanhaoc/videophy/DPO_Data/deepseek_gemini_filter/no_prompt_extension/Wan1.3B/seed_1/M7RFKHqVC-c-Scene-0042.mp4,"The video shows a man surfing on a large wave in the ocean. He is wearing a black wetsuit and is seen paddling on his surfboard to catch the wave. Once he catches the wave, he stands up on his surfboard and rides the wave for a few seconds before falling off. The wave is very large and powerful, and the man appears to be skilled at surfing as he manages to stay upright for a short period of time. The ocean is a deep blue color, and the wave is white and foamy as it breaks. The man's surfboard is white with black stripes.",M7RFKHqVC-c-Scene-0042,4,4,1
/data/home/yuanhaoc/videophy/DPO_Data/deepseek_gemini_filter/no_prompt_extension/Wan1.3B/seed_1/M7Vz-2zOaTo-Scene-0016.mp4,"In the video, a person is seen holding a piece of white yarn. The yarn is tied into a knot at one end, and the person is using their fingers to pull the yarn through the knot, creating a loop. The person's hands are visible, and they appear to be wearing a blue shirt. The background is blurred, but it seems to be a dark color. The yarn is white and appears to be of a medium thickness. The person's movements are deliberate and careful as they work to create the loop.",M7Vz-2zOaTo-Scene-0016,1,4,0
/data/home/yuanhaoc/videophy/DPO_Data/deepseek_gemini_filter/no_prompt_extension/Wan1.3B/seed_1/MLyDBeKSzJY-Scene-0019.mp4,"The video features a person's hands with pink nail polish, holding and stretching a slime that is filled with small, colorful beads. The slime is stretched and squished, showing its elasticity and the beads inside. The background is a solid yellow color, providing a contrast to the vibrant colors of the slime and beads.",MLyDBeKSzJY-Scene-0019,1,4,0
/data/home/yuanhaoc/videophy/DPO_Data/deepseek_gemini_filter/no_prompt_extension/Wan1.3B/seed_1/MOjHRxUfCpU-Scene-0017.mp4,"In the video, a person is seen working on a car engine. The person is using a tool to remove a belt from the engine. The belt is black and appears to be made of rubber. The person is wearing a white shirt and is standing in front of the car. The engine is located under the hood of the car, and the person is using a wrench to loosen the bolts that are holding the belt in place. The person is carefully removing the belt, making sure not to damage any of the surrounding parts. The video is shot in daylight, and the background shows a clear blue sky.",MOjHRxUfCpU-Scene-0017,4,4,1
/data/home/yuanhaoc/videophy/DPO_Data/deepseek_gemini_filter/no_prompt_extension/Wan1.3B/seed_1/MQVNlQYbibo-Scene-0012.mp4,"In the video, a small dog is seen playing with a red plastic cup. The dog is wearing a red bow on its head and is standing on a carpeted floor. The dog appears to be biting and pawing at the cup, and at one point, the dog picks up the cup with its mouth. The dog's fur is a mix of black, brown, and white, and it has a small, pointed snout. The red cup is the only object the dog interacts with in the video.",MQVNlQYbibo-Scene-0012,4,4,1
/data/home/yuanhaoc/videophy/DPO_Data/deepseek_gemini_filter/no_prompt_extension/Wan1.3B/seed_1/MQa1LqZzbwc-Scene-0056.mp4,"In the video, a red sports car is seen drifting around a corner on a road. The car is a two-door coupe with a black roof and black rims. The road is surrounded by mountains and there are no other vehicles visible in the video. The car is moving at a high speed and the tires are making a lot of noise as they screech against the asphalt. The driver of the car is not visible in the video.",MQa1LqZzbwc-Scene-0056,1,5,0
/data/home/yuanhaoc/videophy/DPO_Data/deepseek_gemini_filter/no_prompt_extension/Wan1.3B/seed_1/MS04FNBDkkU-Scene-0016.mp4,"The video shows a baseball player wearing a red jersey and white pants. He is standing on a green field with a black wall in the background. The player is holding a baseball in his hand and then throws it. After throwing the ball, he looks down at the ground.",MS04FNBDkkU-Scene-0016,1,3,0
/data/home/yuanhaoc/videophy/DPO_Data/deepseek_gemini_filter/no_prompt_extension/Wan1.3B/seed_1/MX_4wTRLRAg-Scene-0042.mp4,"The video shows a football game in progress. The players are wearing red and white uniforms, and the opposing team is wearing black and white uniforms. The game is being played on a green field with white markings. The players are running, tackling, and passing the ball. The crowd is cheering in the background.",MX_4wTRLRAg-Scene-0042,4,3,0
/data/home/yuanhaoc/videophy/DPO_Data/deepseek_gemini_filter/no_prompt_extension/Wan1.3B/seed_1/M_-hu7bvfQk-Scene-0015.mp4,"The video shows a man wearing a blue shirt and blue pants standing in a fenced area with a dirt floor. He is holding a rope attached to a horse's bridle. The horse is brown with a black mane and tail. The man is seen pulling on the rope, causing the horse to move around the area. The horse walks in a circle and changes direction as the man continues to hold the rope. The man appears to be training the horse, guiding it to move in a specific direction. The horse seems to be cooperative and responsive to the man's commands. The video captures the interaction between the man and the horse in a controlled environment.",M_-hu7bvfQk-Scene-0015,0,4,0
/data/home/yuanhaoc/videophy/DPO_Data/deepseek_gemini_filter/no_prompt_extension/Wan1.3B/seed_1/M_TDUmXmFPU-Scene-0007.mp4,"In the video, a person is seen holding a bowl of slime. The slime is bright yellow in color and has white specks in it. The person then takes the slime out of the bowl and begins to stretch it. They stretch it out in front of them and then stretch it upwards. The slime appears to be very stretchy and malleable. The person continues to stretch the slime, showing its elasticity and texture. The video is shot in a close-up angle, focusing on the person's hands and the slime. The background is blurred, but it appears to be a white surface. The person's hands are visible, and they seem to be wearing a pink long-sleeved shirt. The video is shot in a well-lit environment, and the colors are vibrant.",M_TDUmXmFPU-Scene-0007,5,4,1
/data/home/yuanhaoc/videophy/DPO_Data/deepseek_gemini_filter/no_prompt_extension/Wan1.3B/seed_1/M_ftsDqqlj8-Scene-0003.mp4,"The video shows a soccer game in progress. The players are wearing red and white uniforms. The ball is being passed around the field, and the players are running and kicking it. The stadium is filled with spectators.",M_ftsDqqlj8-Scene-0003,1,3,0
/data/home/yuanhaoc/videophy/DPO_Data/deepseek_gemini_filter/no_prompt_extension/Wan1.3B/seed_1/MaEsPd5rUOc-Scene-0078.mp4,"In the video, a person is seen holding a white pan with a pink handle in their left hand and a spoon in their right hand. The pan contains a yellowish mixture, which the person is stirring with the spoon. The person then tilts the pan and pours the mixture onto a piece of parchment paper on a counter. The mixture spreads out on the parchment paper as the person continues to pour.",MaEsPd5rUOc-Scene-0078,4,4,1
/data/home/yuanhaoc/videophy/DPO_Data/deepseek_gemini_filter/no_prompt_extension/Wan1.3B/seed_1/MbvMjDoFtMI-Scene-0013.mp4,"The video shows a baseball game in progress. The pitcher throws the ball, and the batter hits it. The ball is then caught by the outfielder, who throws it back to the infield. The crowd is cheering and clapping in the background.",MbvMjDoFtMI-Scene-0013,0,3,0
/data/home/yuanhaoc/videophy/DPO_Data/deepseek_gemini_filter/no_prompt_extension/Wan1.3B/seed_1/MeYvDA42MnY-Scene-0027.mp4,"In the video, a person is seen holding a small purple toy in their hands. The toy appears to be made of plastic and has a small purple ball attached to it. The person is using their fingers to press down on the toy, causing it to make a popping sound. The background is a plain white surface, and there are no other objects visible in the frame. The person's nails are painted red, and they are wearing a ring on their left hand. The toy appears to be a stress-relief toy, commonly known as a pop-it. The person continues to press down on the toy, causing it to make more popping sounds.",MeYvDA42MnY-Scene-0027,3,5,0
/data/home/yuanhaoc/videophy/DPO_Data/deepseek_gemini_filter/no_prompt_extension/Wan1.3B/seed_1/MebNw4THvMU-Scene-0017.mp4,"The video shows a hockey game in progress. The players are wearing red and white uniforms, and the goalie is wearing a black uniform. The game is taking place in an indoor arena with a large crowd watching from the stands. The players are skating on the ice, and the puck is being passed between them. The goalie is guarding the net and trying to prevent the puck from getting past him. The players are moving quickly and strategically, trying to score a goal. The crowd is cheering and reacting to the game.",MebNw4THvMU-Scene-0017,4,4,1
/data/home/yuanhaoc/videophy/DPO_Data/deepseek_gemini_filter/no_prompt_extension/Wan1.3B/seed_1/MhNQZpSgrPs-Scene-0024.mp4,"The video shows a person riding a motorcycle down a road. The camera is positioned in such a way that the viewer can see the handlebars and the road ahead. The rider is wearing a black leather jacket and is seen maneuvering the motorcycle through turns and straightaways. The road is lined with trees and houses, and there are other vehicles on the road. The sky is clear and blue, and the weather appears to be sunny.",MhNQZpSgrPs-Scene-0024,0,4,0
/data/home/yuanhaoc/videophy/DPO_Data/deepseek_gemini_filter/no_prompt_extension/Wan1.3B/seed_1/Mp5CV6h8dK4-Scene-0083.mp4,"The video shows a basketball game being played on a court. The players are wearing different colored jerseys and are seen running around the court, dribbling the ball, and attempting to score. The crowd is cheering in the background, and the scoreboard is visible in the top right corner of the screen. The players are moving quickly and strategically, trying to outmaneuver each other.",Mp5CV6h8dK4-Scene-0083,4,4,1
/data/home/yuanhaoc/videophy/DPO_Data/deepseek_gemini_filter/no_prompt_extension/Wan1.3B/seed_1/MsYpACukHzA-Scene-0007.mp4,"The video shows a baseball game in progress. The pitcher throws the ball, and the batter hits it. The ball is caught by the first baseman, who throws it to the second baseman to get the runner out. The crowd is cheering and clapping.",MsYpACukHzA-Scene-0007,0,3,0
/data/home/yuanhaoc/videophy/DPO_Data/deepseek_gemini_filter/no_prompt_extension/Wan1.3B/seed_1/MtgQ2qRK8UQ-Scene-0009.mp4,The video shows a man surfing on a bodyboard in the ocean. He is seen riding a wave and then falling off the board. The water is a deep blue color and the waves are moderate in size. The man is wearing a red shirt and black shorts. He appears to be alone in the water.,MtgQ2qRK8UQ-Scene-0009,4,4,1
/data/home/yuanhaoc/videophy/DPO_Data/deepseek_gemini_filter/no_prompt_extension/Wan1.3B/seed_1/MuFlp7bexsY-Scene-0050.mp4,The video shows a person riding a bike on a dirt trail in the woods. The person is wearing a helmet and a backpack. The trail is surrounded by trees and there are signs on the side of the trail. The person is riding at a steady pace and appears to be enjoying the ride.,MuFlp7bexsY-Scene-0050,0,4,0
/data/home/yuanhaoc/videophy/DPO_Data/deepseek_gemini_filter/no_prompt_extension/Wan1.3B/seed_1/MuaxIVNTrto-Scene-0004.mp4,"The video features a man standing in front of a brick wall. He is holding a small container of paint and a paintbrush. The man proceeds to open the container and pour the paint onto a palette. He then picks up the paintbrush and begins to mix the paint on the palette. The man appears to be focused on his task, and the video captures the process of him preparing the paint for use. The brick wall in the background provides a contrasting backdrop to the man's actions.",MuaxIVNTrto-Scene-0004,4,4,1
/data/home/yuanhaoc/videophy/DPO_Data/deepseek_gemini_filter/no_prompt_extension/Wan1.3B/seed_1/MwATxv5lWzk-Scene-0054.mp4,"The video shows a boxing match between two men in a ring. One man is wearing blue shorts, while the other is wearing black and gold shorts. The man in blue shorts throws a punch at the man in black and gold shorts, who dodges and then throws a punch back. The man in blue shorts then grabs the man in black and gold shorts and throws him to the ground. The man in black and gold shorts gets up and the two men continue to fight.",MwATxv5lWzk-Scene-0054,0,4,0
/data/home/yuanhaoc/videophy/DPO_Data/deepseek_gemini_filter/no_prompt_extension/Wan1.3B/seed_1/My0_Ifkt-h8-Scene-0019.mp4,"The video shows a woman in a wheelchair pushing herself through a doorway. She is wearing a black jacket and has long black hair. The doorway is made of metal and has a blue curtain on one side. The woman appears to be struggling to get through the doorway, and she eventually makes it through. The video is shot from a low angle, focusing on the woman and her wheelchair.",My0_Ifkt-h8-Scene-0019,3,4,0
/data/home/yuanhaoc/videophy/DPO_Data/deepseek_gemini_filter/no_prompt_extension/Wan1.3B/seed_1/MyynNxdByvk-Scene-0136.mp4,The video shows a jeep driving through a small stream of water. The jeep is white in color and has a black roof rack. It is driving on a dirt road surrounded by trees and bushes. The water splashes around as the jeep moves forward.,MyynNxdByvk-Scene-0136,0,5,0
/data/home/yuanhaoc/videophy/DPO_Data/deepseek_gemini_filter/no_prompt_extension/Wan1.3B/seed_1/N07sUjQrvV0-Scene-0105.mp4,"In the video, a dog is seen swimming in a body of water. The dog is carrying a stick in its mouth and is moving towards the shore. The water appears calm, and the dog seems to be enjoying its swim. The dog's fur is wet, and it is paddling steadily with its paws. The background is not visible, but the focus is on the dog and its actions.",N07sUjQrvV0-Scene-0105,0,4,0
/data/home/yuanhaoc/videophy/DPO_Data/deepseek_gemini_filter/no_prompt_extension/Wan1.3B/seed_1/N6XI1GIhBTs-Scene-0005.mp4,"In the video, there is a close-up shot of a pan on a stove. The pan contains oil and three pieces of fish that are being fried. The fish are golden brown in color and are being turned over with a fork. The pan is made of metal and has two handles on either side. The stove appears to be on as the oil is bubbling around the fish. The background is not visible in the video.",N6XI1GIhBTs-Scene-0005,5,5,1
/data/home/yuanhaoc/videophy/DPO_Data/deepseek_gemini_filter/no_prompt_extension/Wan1.3B/seed_1/N7BMX0IqOis-Scene-0034.mp4,"The video shows a simulation of a helicopter taking off from a runway. The view is from the cockpit, and the helicopter is seen moving forward on the runway. The surrounding landscape includes mountains and a clear sky. The simulation is realistic, with detailed graphics and sound effects.",N7BMX0IqOis-Scene-0034,0,4,0
/data/home/yuanhaoc/videophy/DPO_Data/deepseek_gemini_filter/no_prompt_extension/Wan1.3B/seed_1/N7NRLHvGuJE-Scene-0083.mp4,"The video shows a person using a shovel to dig into the ground. The person is wearing gray shoes and is holding the shovel with one hand. The shovel has a black handle and a silver blade. The ground appears to be dry and has some rocks and dirt. The person is digging in a circular motion, moving the shovel around in the dirt.",N7NRLHvGuJE-Scene-0083,4,4,1
/data/home/yuanhaoc/videophy/DPO_Data/deepseek_gemini_filter/no_prompt_extension/Wan1.3B/seed_1/N8vuNbpwQWQ-Scene-0007.mp4,"In the video, a person is holding a black wallet in their hand. The wallet has a gold logo on the front. The person is using their thumb to press down on the logo, causing it to make a clicking sound. The background is a white marble surface.",N8vuNbpwQWQ-Scene-0007,1,5,0
/data/home/yuanhaoc/videophy/DPO_Data/deepseek_gemini_filter/no_prompt_extension/Wan1.3B/seed_1/N9Fd2DlDr2E-Scene-0024.mp4,The video shows a person wearing blue gloves working on a piece of machinery. The person is using a wrench to turn a bolt on the machine. The machine appears to be made of metal and has several other bolts and parts visible. The person's movements are deliberate and careful as they work on the machine.,N9Fd2DlDr2E-Scene-0024,4,4,1
/data/home/yuanhaoc/videophy/DPO_Data/deepseek_gemini_filter/no_prompt_extension/Wan1.3B/seed_1/NAKTJrAYuYM-Scene-0002.mp4,"The video shows a person holding a tool with a black handle and a silver blade. The person is using the tool to cut a piece of wood. The blade is sharp and moves smoothly through the wood, creating a clean cut. The person's hand is steady, and they appear to be experienced in using the tool. The wood is light brown and appears to be a softwood variety. The background is a workshop setting with various tools and materials visible.",NAKTJrAYuYM-Scene-0002,4,3,0
/data/home/yuanhaoc/videophy/DPO_Data/deepseek_gemini_filter/no_prompt_extension/Wan1.3B/seed_1/NBy3sYL1RYk-Scene-0072.mp4,"In the video, a person is seen working on a car door. The person is using a tool to remove the rubber seal from the door. The door is black in color and the car appears to be parked in a garage. The person is wearing a white shirt and is using both hands to remove the seal. The video is shot from a close-up angle, focusing on the person's hands and the door.",NBy3sYL1RYk-Scene-0072,1,3,0
/data/home/yuanhaoc/videophy/DPO_Data/deepseek_gemini_filter/no_prompt_extension/Wan1.3B/seed_1/NCs_-3qNQ5w-Scene-0012.mp4,"The video shows a flooded street with water covering the road. A white car is seen driving through the water, and a black car is also visible. The water is moving fast, and there are houses and trees in the background.",NCs_-3qNQ5w-Scene-0012,0,4,0
/data/home/yuanhaoc/videophy/DPO_Data/deepseek_gemini_filter/no_prompt_extension/Wan1.3B/seed_1/NDRHoc_FB-w-Scene-0050.mp4,"In the video, a person is seen tying a red rope around a wooden post. The person is wearing a green shirt and has a ring on their finger. The horse, which is brown and white, is standing behind the fence and is looking at the person. The person is holding the rope with both hands and appears to be tying a knot. The background is a dirt field with some grass and trees in the distance.",NDRHoc_FB-w-Scene-0050,4,4,1
/data/home/yuanhaoc/videophy/DPO_Data/deepseek_gemini_filter/no_prompt_extension/Wan1.3B/seed_1/NFCN5Gq5e6E-Scene-0029.mp4,"The video shows a baseball game in progress. A player hits the ball and runs towards first base. The first baseman catches the ball and throws it to the second baseman, who tags the base before the runner arrives. The umpire is seen making a call.",NFCN5Gq5e6E-Scene-0029,1,4,0
/data/home/yuanhaoc/videophy/DPO_Data/deepseek_gemini_filter/no_prompt_extension/Wan1.3B/seed_1/NIkDIrVj4MU-Scene-0010.mp4,"In the video, a person is seen cutting a piece of meat on a wooden cutting board. The person is wearing a white glove on one hand and is using a large knife to cut the meat. The meat appears to be pinkish in color and has a layer of fat on top. The person is cutting the meat into smaller pieces, and there are already some pieces of meat on the cutting board. The background is blurred, but it seems to be a kitchen setting.",NIkDIrVj4MU-Scene-0010,5,4,1
/data/home/yuanhaoc/videophy/DPO_Data/deepseek_gemini_filter/no_prompt_extension/Wan1.3B/seed_1/NMlLVqHvtdM-Scene-0012.mp4,"In the video, a man is seen in a gym, wearing a black shirt and shorts. He is standing in front of a punching bag, which is black in color. The man is throwing punches at the bag, demonstrating his boxing skills. The gym has a mirror on the wall, reflecting the man's actions. There are also two exercise balls, one red and one blue, placed on the floor in the background. The man appears to be focused and determined as he continues to punch the bag.",NMlLVqHvtdM-Scene-0012,1,4,0
/data/home/yuanhaoc/videophy/DPO_Data/deepseek_gemini_filter/no_prompt_extension/Wan1.3B/seed_1/NQBObmairzE-Scene-0029.mp4,"The video shows a baseball player in a black jersey with the number 16 on it. He is standing on the pitcher's mound, and then he throws the ball to the batter. The batter hits the ball, and the player in the black jersey runs towards the first base. The video is shot from different angles, showing the player's movements and the trajectory of the ball. The player's jersey is black with white and red lettering, and he is wearing a black cap. The field is green with brown dirt, and the stands are filled with spectators.",NQBObmairzE-Scene-0029,4,4,1
/data/home/yuanhaoc/videophy/DPO_Data/deepseek_gemini_filter/no_prompt_extension/Wan1.3B/seed_1/NR3FtlrU02A-Scene-0060.mp4,"The video shows two men in a ring engaged in a mixed martial arts fight. One of the men is wearing black shorts, while the other is wearing red shorts. The man in black shorts is seen throwing a punch at the man in red shorts, who then retaliates with a punch of his own. The man in black shorts then kicks the man in red shorts, causing him to fall to the ground. The man in black shorts then stands over the man in red shorts, who is lying on the ground. The video ends with the man in black shorts standing victorious in the ring.",NR3FtlrU02A-Scene-0060,3,3,0
/data/home/yuanhaoc/videophy/DPO_Data/deepseek_gemini_filter/no_prompt_extension/Wan1.3B/seed_1/NT0kSzBpTKo-Scene-0108.mp4,"The video shows a person driving a car with a manual transmission. The driver's hands are visible on the steering wheel, and the gear shift is being used to change gears. The car appears to be moving at a steady pace, and the driver is focused on the road ahead. The interior of the car is visible, with the dashboard and other controls in view. The driver's actions are smooth and controlled, indicating familiarity and comfort with the vehicle.",NT0kSzBpTKo-Scene-0108,0,5,0
/data/home/yuanhaoc/videophy/DPO_Data/deepseek_gemini_filter/no_prompt_extension/Wan1.3B/seed_1/NTDbw3jJ2Xo-Scene-0003.mp4,"The video is taken from the driver's seat of a car, showing the dashboard and the road ahead. The car is driving on a dark road, and the dashboard is lit up with various indicators. The driver is following another car, which is also visible in the frame. The other car is seen drifting around a corner, with smoke coming from its tires. The driver of the car from which the video is being recorded seems to be recording the drifting car. The video is shot in a vertical format and the quality is clear.",NTDbw3jJ2Xo-Scene-0003,4,3,0
/data/home/yuanhaoc/videophy/DPO_Data/deepseek_gemini_filter/no_prompt_extension/Wan1.3B/seed_1/NVz6tdOscjc-Scene-0043.mp4,"The video shows a football game in progress. The players are wearing helmets and uniforms, and the game is being played on a field with visible yard lines. The players are running, tackling, and blocking each other in an attempt to score points. The crowd can be heard cheering in the background.",NVz6tdOscjc-Scene-0043,0,4,0
/data/home/yuanhaoc/videophy/DPO_Data/deepseek_gemini_filter/no_prompt_extension/Wan1.3B/seed_1/NXJCo50FQtA-Scene-0103.mp4,"The video shows a basketball game in progress. A player wearing a red jersey dribbles the ball and then passes it to a teammate. The teammate then shoots the ball and scores a basket. The crowd in the background is cheering and clapping. The video is shot from the perspective of the stands, giving a clear view of the court and the players. The players are wearing their respective team uniforms, and the court is marked with the standard lines and logos. The video is shot in high quality, capturing the action and excitement of the game.",NXJCo50FQtA-Scene-0103,4,3,0
/data/home/yuanhaoc/videophy/DPO_Data/deepseek_gemini_filter/no_prompt_extension/Wan1.3B/seed_1/NYvafn9cOhE-Scene-0021.mp4,"In the video, a person is seen standing in front of a sink. They are holding a bar of soap and a small white dish. The person places the soap on the dish and then picks it up again. They then proceed to rub the soap between their hands, creating a lather. The sink is white and there is a mirror above it. The person is wearing a pink shirt and has long hair.",NYvafn9cOhE-Scene-0021,1,4,0
/data/home/yuanhaoc/videophy/DPO_Data/deepseek_gemini_filter/no_prompt_extension/Wan1.3B/seed_1/NZIxaiS4SsI-Scene-0009.mp4,"The video shows a football game in progress. The players are wearing white and blue uniforms, and the game is taking place on a green field. The players are running, tackling, and blocking each other. The crowd can be seen in the background, cheering and watching the game. The players are wearing helmets and padding, and the game seems to be intense and competitive.",NZIxaiS4SsI-Scene-0009,0,3,0
/data/home/yuanhaoc/videophy/DPO_Data/deepseek_gemini_filter/no_prompt_extension/Wan1.3B/seed_1/NdmH1-feFa0-Scene-0006.mp4,"The video shows a close-up of a person's hand holding a green apple on a cutting board. The person uses a knife to cut the apple into pieces. The apple is cut into several pieces, and the pieces are placed on the cutting board. The person's hand is visible throughout the video, and the knife is used to cut the apple. The cutting board is made of wood, and the apple is green. The video does not show the person's face or any other part of their body.",NdmH1-feFa0-Scene-0006,4,3,0
/data/home/yuanhaoc/videophy/DPO_Data/deepseek_gemini_filter/no_prompt_extension/Wan1.3B/seed_1/Nf5mdlDIrJQ-Scene-0062.mp4,"In the video, a man is seen in a wooded area, wearing a black shirt and black pants. He is holding an axe in his hand and is standing on a log. The man is chopping wood with the axe, and he is making several chops. The background is filled with trees and foliage, and there is a pile of wood next to him. The man is focused on his task, and his movements are deliberate and precise. The sound of the axe hitting the wood can be heard, and there is a sense of tranquility in the scene. The video captures the man's strength and skill as he works to chop the wood.",Nf5mdlDIrJQ-Scene-0062,4,3,0
/data/home/yuanhaoc/videophy/DPO_Data/deepseek_gemini_filter/no_prompt_extension/Wan1.3B/seed_1/NfW-pBhdju4-Scene-0025.mp4,"The video shows a person's hands playing with a slime. The slime is yellow and black in color. The person is seen stretching and twisting the slime. In the background, there is a toy pony with a pink bow. The person's nails are painted with dark polish. The slime appears to be sticky and stretchy.",NfW-pBhdju4-Scene-0025,1,4,0
/data/home/yuanhaoc/videophy/DPO_Data/deepseek_gemini_filter/no_prompt_extension/Wan1.3B/seed_1/NgOVPoVm9hc-Scene-0029.mp4,"The video shows a football game in progress. The players are wearing red and blue uniforms and are running on a green field. The ball is thrown by one of the players, and another player catches it and runs towards the end zone. The players are seen tackling each other, and the ball is eventually caught by a player in a red uniform. The video ends with the player in red celebrating the catch.",NgOVPoVm9hc-Scene-0029,3,3,0
/data/home/yuanhaoc/videophy/DPO_Data/deepseek_gemini_filter/no_prompt_extension/Wan1.3B/seed_1/NhG_Nap9-C8-Scene-0015.mp4,The video shows a basketball game in progress. The players are wearing blue and white uniforms. The player in the white uniform is dribbling the ball and then passes it to a teammate. The teammate then shoots the ball and scores a basket. The background shows the scoreboard and the crowd.,NhG_Nap9-C8-Scene-0015,1,4,0
/data/home/yuanhaoc/videophy/DPO_Data/deepseek_gemini_filter/no_prompt_extension/Wan1.3B/seed_1/NiyQuNDfhwI-Scene-0007.mp4,"The video shows a red car driving on a rocky road. The car is driving slowly and carefully, navigating through the uneven terrain. The road is surrounded by trees and rocks, and the car appears to be the only vehicle in sight. The car's tires are making a crunching sound as they hit the rocks, and the car shakes slightly as it moves forward. The driver is not visible in the video, but the car appears to be in good condition and is moving at a steady pace. The surrounding landscape is dry and barren, with no signs of vegetation or wildlife. The sky is clear and blue, indicating that the video was taken on a sunny day.",NiyQuNDfhwI-Scene-0007,0,4,0
/data/home/yuanhaoc/videophy/DPO_Data/deepseek_gemini_filter/no_prompt_extension/Wan1.3B/seed_1/NjCRWpz_Pwg-Scene-0064.mp4,"In the video, a person is seen sitting on the edge of a pond, holding a fishing net with a yellow handle. The net is submerged in the water, and a red fish is caught inside it. The person then lifts the net out of the water, revealing the red fish inside. The fish appears to be struggling, but the person carefully holds the net, ensuring that the fish does not escape. The water in the pond is calm, and there are no other visible creatures or objects in the vicinity. The person's actions are deliberate and careful, indicating that they are experienced in handling fish. The red fish is the only visible creature in the video, and its vibrant color stands out against the blue of the water.",NjCRWpz_Pwg-Scene-0064,5,5,1
/data/home/yuanhaoc/videophy/DPO_Data/deepseek_gemini_filter/no_prompt_extension/Wan1.3B/seed_1/Nk0NxDNnUWY-Scene-0039.mp4,The video shows a close-up of a wooden block with three pre-drilled holes. A person's hand is seen holding a screwdriver and inserting a screw into one of the holes. The screwdriver is then used to tighten the screw into the block. The video is shot in a well-lit room and the person's hand is steady as they perform the task.,Nk0NxDNnUWY-Scene-0039,1,4,0
/data/home/yuanhaoc/videophy/DPO_Data/deepseek_gemini_filter/no_prompt_extension/Wan1.3B/seed_1/Nol5Q70dF5o-Scene-0018.mp4,"In the video, a person is seen grating an orange over a bowl. The orange is being grated with a metal grater, and the person is using their hand to hold the orange in place while grating it. The bowl is white and appears to be made of ceramic. The orange is bright and vibrant, indicating that it is fresh. The person's hand is visible, and they are wearing a white shirt. The grater is silver and has multiple holes for grating. The video is shot in a kitchen setting, and there is a blender visible in the background.",Nol5Q70dF5o-Scene-0018,4,4,1
/data/home/yuanhaoc/videophy/DPO_Data/deepseek_gemini_filter/no_prompt_extension/Wan1.3B/seed_1/NsVKXKoIVJU-Scene-0010.mp4,"In the video, a person is seen grating a carrot with a metal grater. The carrot is being grated into a metal bowl. The person's hand is visible, and they are wearing a ring on their finger. The grater is being moved back and forth over the carrot to grate it into fine pieces. The carrot is orange in color, and the grater is silver. The metal bowl is also silver and has a reflective surface. The person's hand is steady as they grate the carrot, and the sound of the grater can be heard in the background.",NsVKXKoIVJU-Scene-0010,4,4,1
/data/home/yuanhaoc/videophy/DPO_Data/deepseek_gemini_filter/no_prompt_extension/Wan1.3B/seed_1/NwkkyF7SbuY-Scene-0014.mp4,"The video shows a basketball game in progress. The players are wearing red and white uniforms. The game is being played in a gymnasium with a wooden floor and a red and white court. The players are seen dribbling, passing, and shooting the ball. The crowd can be heard cheering in the background.",NwkkyF7SbuY-Scene-0014,1,3,0
/data/home/yuanhaoc/videophy/DPO_Data/deepseek_gemini_filter/no_prompt_extension/Wan1.3B/seed_1/NzxILhnNIQE-Scene-0012.mp4,"In the video, a small monkey is seen sitting on a person's lap. The person is wearing a blue shirt and is holding a plate of food in their lap. The monkey is seen grabbing the food from the plate and eating it. The person is holding the monkey gently, and the monkey seems to be enjoying the food. The background is not visible, but the focus is on the interaction between the person and the monkey. The monkey's fur is brown and black, and it has a small face with big eyes. The food on the plate appears to be sliced bananas.",NzxILhnNIQE-Scene-0012,5,5,1
/data/home/yuanhaoc/videophy/DPO_Data/deepseek_gemini_filter/no_prompt_extension/Wan1.3B/seed_1/O3dVIz40Z3g-Scene-0014.mp4,"In the video, a person is seen throwing a dart at a white wall. The dart is red and white in color and is thrown with precision, hitting the wall near the center. The person's hand is visible as they throw the dart, and they are wearing a black long-sleeved shirt. The video is shot from a close-up angle, focusing on the dart and the person's hand. The background is plain and white, with no other objects or people visible in the frame. The dart appears to be the only object in the video.",O3dVIz40Z3g-Scene-0014,1,3,0
/data/home/yuanhaoc/videophy/DPO_Data/deepseek_gemini_filter/no_prompt_extension/Wan1.3B/seed_1/O7bMtvSQJ5g-Scene-0005.mp4,"In the video, a man is seen performing leg exercises on a piece of gym equipment. He is wearing a white tank top and gray sweatpants. The gym is equipped with various machines and weights. The man is lying on his stomach on the machine, with his legs extended in front of him. He is using his legs to push against a weight, which is attached to the machine. The man's movements are controlled and deliberate, indicating that he is experienced with this type of exercise. The lighting in the gym is bright, and the equipment appears to be well-maintained. The man's form is excellent, and he seems to be exerting a significant amount of effort. Overall, the video showcases a man engaging in a leg workout on a piece of gym equipment, demonstrating proper form and technique.",O7bMtvSQJ5g-Scene-0005,4,4,1
/data/home/yuanhaoc/videophy/DPO_Data/deepseek_gemini_filter/no_prompt_extension/Wan1.3B/seed_1/O9TLs4GBKro-Scene-0015.mp4,"The video shows a soccer game in progress. Two teams are playing against each other, one team is wearing blue jerseys and the other team is wearing red and white striped jerseys. The players are running around the field, trying to score a goal. The goalkeeper is wearing a blue jersey and is trying to block the shots. The field is green and the sky is clear. The players are kicking the ball back and forth, trying to get it into the goal.",O9TLs4GBKro-Scene-0015,1,3,0
/data/home/yuanhaoc/videophy/DPO_Data/deepseek_gemini_filter/no_prompt_extension/Wan1.3B/seed_1/OLFj6Aa8pRY-Scene-0045.mp4,"In the video, a woman is standing behind a bar, and she is making a cocktail. She starts by picking up a glass and placing it on the bar. Then she picks up a bottle of alcohol and pours it into the glass. After that, she picks up a lemon and squeezes it into the glass. She then picks up a shaker and pours the contents of the glass into it. Finally, she shakes the mixture and pours it into a new glass. The woman seems to be enjoying herself while making the drink.",OLFj6Aa8pRY-Scene-0045,3,3,0
/data/home/yuanhaoc/videophy/DPO_Data/deepseek_gemini_filter/no_prompt_extension/Wan1.3B/seed_1/OMrOyIjfcrk-Scene-0008.mp4,"The video shows a woman in a blue shirt and black pants dribbling a basketball in a gym. She is holding the ball in front of her, bouncing it up and down, and then she throws it towards the basketball hoop. The gym has a wooden floor, and there is an American flag hanging on the wall. The woman appears to be practicing her basketball skills.",OMrOyIjfcrk-Scene-0008,1,3,0
/data/home/yuanhaoc/videophy/DPO_Data/deepseek_gemini_filter/no_prompt_extension/Wan1.3B/seed_1/ONJ3GXO0fVI-Scene-0018.mp4,"In the video, a man is seen kneeling down next to a large metal cage. He is holding a black tray and is attempting to attach it to the cage. The man is wearing a brown jacket and black shoes. The cage is made of metal bars and has a red object hanging from it. The man is using a tool to secure the tray to the cage. The background of the video is a concrete floor with some scattered debris.",ONJ3GXO0fVI-Scene-0018,1,4,0
/data/home/yuanhaoc/videophy/DPO_Data/deepseek_gemini_filter/no_prompt_extension/Wan1.3B/seed_1/OObrwpCQ0e4-Scene-0036.mp4,"The video begins with a person holding a piece of white paper with several holes punched into it. The person then places the paper on a yellow grid-lined surface and begins to fold it. They fold the paper in half, then in thirds, and finally in quarters. After folding, the person uses a ruler to measure the paper and marks it with a pen. The person then folds the paper again, this time in half, and continues to measure and mark it. Throughout the video, the person's hands are visible, and the focus is on the folding and measuring process.",OObrwpCQ0e4-Scene-0036,3,3,0
/data/home/yuanhaoc/videophy/DPO_Data/deepseek_gemini_filter/no_prompt_extension/Wan1.3B/seed_1/OSMYxhv-qCs-Scene-0017.mp4,The video shows a person working on a car in a garage. The person is using a tool to remove the bumper of the car. The car is green in color and is parked in the garage. The person is wearing a blue shirt and is using a tool to remove the bumper. The garage is well-lit and has a concrete floor. The person is using a tool to remove the bumper from the car. The bumper is black in color and is attached to the car with bolts. The person is using a tool to remove the bolts and then pulling the bumper off the car. The person is wearing gloves while working on the car. The garage is clean and well-organized.,OSMYxhv-qCs-Scene-0017,3,4,0
/data/home/yuanhaoc/videophy/DPO_Data/deepseek_gemini_filter/no_prompt_extension/Wan1.3B/seed_1/OTRc4GZHUyg-Scene-0019.mp4,"The video shows a person using a drill to make a hole in a small piece of wood. The person is wearing a ring on their finger. The wood is placed on a larger piece of wood, and the drill is being used to create a hole in the center of the small piece of wood.",OTRc4GZHUyg-Scene-0019,1,4,0
/data/home/yuanhaoc/videophy/DPO_Data/deepseek_gemini_filter/no_prompt_extension/Wan1.3B/seed_1/OXHo1YfOSF0-Scene-0015.mp4,"In the video, a person is seen holding a nail clipper in their right hand and a nail in their left hand. The person then proceeds to clip the nail using the clipper. The background is a white towel, and there are other nail clippers and a nail file visible in the background.",OXHo1YfOSF0-Scene-0015,1,3,0
/data/home/yuanhaoc/videophy/DPO_Data/deepseek_gemini_filter/no_prompt_extension/Wan1.3B/seed_1/OXkxhpq3LBQ-Scene-0005.mp4,"The video shows a man riding a bicycle down a winding road. The man is wearing a helmet and a red and black shirt. The road is surrounded by hills and there are no other vehicles or people visible in the video. The man is riding at a steady pace, leaning into the curves of the road. The sky is clear and blue, indicating good weather conditions. The video is shot from a stationary position, capturing the man's journey as he navigates the road.",OXkxhpq3LBQ-Scene-0005,4,4,1
/data/home/yuanhaoc/videophy/DPO_Data/deepseek_gemini_filter/no_prompt_extension/Wan1.3B/seed_1/O_TwVf4vLxM-Scene-0006.mp4,"The video shows a news report about a storm that has caused significant damage to a road. The footage shows a large amount of water rushing down the road, causing it to collapse. The water is muddy and brown, and the road is completely destroyed. The news reporter is describing the damage and the efforts to clean up and repair the road.",O_TwVf4vLxM-Scene-0006,3,4,0
/data/home/yuanhaoc/videophy/DPO_Data/deepseek_gemini_filter/no_prompt_extension/Wan1.3B/seed_1/OcgNy2if-Yg-Scene-0093.mp4,"This video shows a baseball game in progress. The batter hits the ball, and the pitcher throws it back. The ball is then caught by the catcher. The crowd is cheering in the background.",OcgNy2if-Yg-Scene-0093,1,3,0
/data/home/yuanhaoc/videophy/DPO_Data/deepseek_gemini_filter/no_prompt_extension/Wan1.3B/seed_1/Od-oIua1cag-Scene-0006.mp4,"In the video, a person is seen using a screwdriver to tighten a screw into a piece of wood. The person is wearing a ring on their left hand. The wood is clamped down to a workbench with a red clamp. The screwdriver is silver and the screw is black. The person's hand is steady as they turn the screwdriver clockwise to tighten the screw. The background is dark and blurry, but it appears to be a workshop setting.",Od-oIua1cag-Scene-0006,4,4,1
/data/home/yuanhaoc/videophy/DPO_Data/deepseek_gemini_filter/no_prompt_extension/Wan1.3B/seed_1/OdEYejzATlw-Scene-0038.mp4,The video shows a close-up of a pot of food being stirred with a red spatula. The pot contains a brown sauce with chunks of meat and vegetables. The camera then pans to show a pile of fresh green herbs and a pile of shredded cheese being added to the pot. The herbs and cheese are then mixed into the pot with the sauce.,OdEYejzATlw-Scene-0038,1,5,0
/data/home/yuanhaoc/videophy/DPO_Data/deepseek_gemini_filter/no_prompt_extension/Wan1.3B/seed_1/Ofo6geiNqTs-Scene-0052.mp4,"The video shows a close-up of a container filled with water and several fish. The fish are of different sizes and colors, including orange, black, and white. They are swimming around in the water, occasionally coming up to the surface. The container appears to be made of plastic and is placed on a yellow surface. The water is clear, and bubbles can be seen rising to the surface.",Ofo6geiNqTs-Scene-0052,0,5,0
/data/home/yuanhaoc/videophy/DPO_Data/deepseek_gemini_filter/no_prompt_extension/Wan1.3B/seed_1/Ol4ANGCS5yg-Scene-0108.mp4,"The video shows a ferret playing with a piece of paper. The ferret is seen biting and pulling on the paper, while moving around on the floor. The ferret's fur is a mix of dark and light brown, and it has a long, slender body with a pointed snout. The paper appears to be a standard white sheet of printer paper. The floor is a light beige color, and there are no other objects or animals visible in the video.",Ol4ANGCS5yg-Scene-0108,5,4,1
/data/home/yuanhaoc/videophy/DPO_Data/deepseek_gemini_filter/no_prompt_extension/Wan1.3B/seed_1/OnZjnlrPxsc-Scene-0154.mp4,"In the video, a woman is seen swimming underwater while holding a surfboard. The woman is wearing a wetsuit and a snorkel mask. The water is clear and blue, and the ocean floor is visible. The woman is moving slowly and gracefully, using the surfboard to navigate through the water. The surfboard is white with a yellow stripe on the side. The woman appears to be enjoying her time in the water, and there are no other people or objects visible in the video.",OnZjnlrPxsc-Scene-0154,4,5,1
/data/home/yuanhaoc/videophy/DPO_Data/deepseek_gemini_filter/no_prompt_extension/Wan1.3B/seed_1/Oojgeb77msQ-Scene-0082.mp4,"The video shows a baseball game in progress. The pitcher throws the ball, and the batter hits it. The catcher catches the ball, and the umpire makes a call. The players are wearing their respective team uniforms, and the game is being played on a field with a crowd in the stands. The video captures the excitement and tension of the game as the players focus on the ball and the umpire's call.",Oojgeb77msQ-Scene-0082,1,3,0
/data/home/yuanhaoc/videophy/DPO_Data/deepseek_gemini_filter/no_prompt_extension/Wan1.3B/seed_1/OqdWsghVvoE-Scene-0014.mp4,"The video shows a man wearing a white shirt and glasses playing tennis. He is holding a tennis racket and hitting a tennis ball. The man is bald and appears to be focused on the game. The background is a green fence, and there are trees visible in the distance. The man is moving around the court, trying to hit the ball back to his opponent.",OqdWsghVvoE-Scene-0014,1,3,0
/data/home/yuanhaoc/videophy/DPO_Data/deepseek_gemini_filter/no_prompt_extension/Wan1.3B/seed_1/OyRLeVZy4zw-Scene-0016.mp4,"The video shows a metal rod being turned on a lathe machine. The rod is spinning at a high speed, and a cutting tool is being used to shape it. Metal shavings are flying off as the tool carves into the rod. The machine appears to be in a workshop setting, and the video is shot from a close-up angle, focusing on the action of the cutting tool.",OyRLeVZy4zw-Scene-0016,4,3,0
/data/home/yuanhaoc/videophy/DPO_Data/deepseek_gemini_filter/no_prompt_extension/Wan1.3B/seed_1/P7-WX-T0eDg-Scene-0025.mp4,"The video shows a person driving a car on a road. The driver's hand is visible on the steering wheel, and the car's dashboard is visible in the foreground. The road appears to be wet, and there are trees and grass on the sides. The sky is overcast, and the car is moving at a steady pace.",P7-WX-T0eDg-Scene-0025,0,5,0
/data/home/yuanhaoc/videophy/DPO_Data/deepseek_gemini_filter/no_prompt_extension/Wan1.3B/seed_1/P8SELuuPcnE-Scene-0011.mp4,"The video shows a football game in progress. The players are seen running on the field, with one player carrying the ball and running towards the end zone. The player is then tackled by an opposing team member. The video captures the action from different angles, highlighting the intensity and physicality of the game. The players are wearing their respective team uniforms, and the field is marked with white lines and numbers indicating yardage. The crowd can be heard cheering in the background, adding to the atmosphere of the game.",P8SELuuPcnE-Scene-0011,5,4,1
/data/home/yuanhaoc/videophy/DPO_Data/deepseek_gemini_filter/no_prompt_extension/Wan1.3B/seed_1/PA08p-n4BMM-Scene-0091.mp4,"The video shows a group of race cars driving on a track. The cars are moving at a high speed, and they are closely following each other. The track is made of asphalt and has white lines marking the lanes. The cars are colorful and have numbers on them. The video is shot from a distance, and it captures the entire length of the track. The cars are making sharp turns and accelerating on the straight parts of the track. The sound of the engines can be heard in the background.",PA08p-n4BMM-Scene-0091,0,5,0
/data/home/yuanhaoc/videophy/DPO_Data/deepseek_gemini_filter/no_prompt_extension/Wan1.3B/seed_1/Wa4x7RD1SGE-Scene-0007.mp4,"The video shows a group of people rowing in a boat race. The rowers are wearing life jackets and are using oars to move their boats through the water. The boats are long and narrow, and the rowers are sitting in pairs, facing each other. The water is calm, and there are several buoys floating on the surface. The rowers are competing against each other, and the crowd on the sidelines is cheering them on. The sky is cloudy, and there are trees and buildings in the background.",Wa4x7RD1SGE-Scene-0007,5,4,1
/data/home/yuanhaoc/videophy/DPO_Data/deepseek_gemini_filter/no_prompt_extension/Wan1.3B/seed_1/WaXSoE7-E0U-Scene-0028.mp4,"In the video, a large truck is parked on a dirt road, and a tractor is seen dumping dirt into the truck's bed. The sky is blue with some clouds, and there are trees in the background. The truck has a black bed and a white cab, and the tractor has a black bucket. The dirt being dumped is brown and appears to be freshly dug up. The video is shot from the perspective of someone standing behind the truck, looking towards the tractor.",WaXSoE7-E0U-Scene-0028,1,4,0
/data/home/yuanhaoc/videophy/DPO_Data/deepseek_gemini_filter/no_prompt_extension/Wan1.3B/seed_1/Wf3sEqAfsU0-Scene-0027.mp4,"The video shows a person's hand touching the hood of an orange car. The hood is open, and the person's hand is seen touching the engine. The car appears to be parked in a garage or showroom, with other cars visible in the background. The person's hand moves along the hood, touching different parts of the engine. The car has a shiny finish, and the engine looks well-maintained. The person's hand is visible throughout the video, and the camera angle is focused on the hood and engine area.",Wf3sEqAfsU0-Scene-0027,5,4,1
/data/home/yuanhaoc/videophy/DPO_Data/deepseek_gemini_filter/no_prompt_extension/Wan1.3B/seed_1/WfJtqnSexss-Scene-0070.mp4,"In the video, a man is seen working on a sewing machine. He is wearing a white shirt and glasses. The sewing machine is blue and is placed on a table. The man is using a piece of fabric to sew, and he is seen adjusting the fabric and the machine. The background of the video shows a wall with a picture of a person. The man appears to be focused on his work, and the video captures the process of sewing.",WfJtqnSexss-Scene-0070,1,4,0
/data/home/yuanhaoc/videophy/DPO_Data/deepseek_gemini_filter/no_prompt_extension/Wan1.3B/seed_1/Whq06StXsfo-Scene-0014.mp4,"The video shows a football game in progress. The players are wearing red and white uniforms, and the field is marked with white lines. The quarterback throws the ball to a player who catches it and runs towards the end zone. The player is tackled by the opposing team's players, and the ball is recovered by the defense. The video captures the intensity and physicality of the game, with players running, tackling, and competing for possession of the ball.",Whq06StXsfo-Scene-0014,3,4,0
/data/home/yuanhaoc/videophy/DPO_Data/deepseek_gemini_filter/no_prompt_extension/Wan1.3B/seed_1/WiE8NgRMk90-Scene-0358.mp4,"The video shows a shark swimming in the ocean. The shark is seen swimming underwater, with its body and fins visible. The water is clear, and the shark is moving smoothly through the water. The shark's movements are slow and steady, and it appears to be alone in the water. There are no other fish or objects visible in the video. The shark's skin is a dark gray color, and it has a streamlined shape that allows it to move efficiently through the water. The video is shot from a distance, allowing for a full view of the shark's body and movements.",WiE8NgRMk90-Scene-0358,0,5,0
/data/home/yuanhaoc/videophy/DPO_Data/deepseek_gemini_filter/no_prompt_extension/Wan1.3B/seed_1/WiaIPF6AWv4-Scene-0001.mp4,"The video shows a female gymnast preparing for her routine. She is wearing a black and red leotard and has her hair tied back in a ponytail. She is standing in front of a large bowl filled with chalk and is seen rubbing her hands together to create a powdery substance. The gymnast then proceeds to the balance beam, where she performs a series of flips and twists. The routine is executed with precision and grace, showcasing the gymnast's strength and agility. The audience can be heard cheering in the background, adding to the excitement of the performance.",WiaIPF6AWv4-Scene-0001,3,3,0
/data/home/yuanhaoc/videophy/DPO_Data/deepseek_gemini_filter/no_prompt_extension/Wan1.3B/seed_1/WqajPQwEalU-Scene-0012.mp4,"In the video, a person is seen planting a plant in the soil. The person is wearing yellow gloves and is using their hands to dig a hole in the soil. They then place the plant in the hole and cover it with soil. The person uses their hands to make sure the plant is securely in the soil and then pats the soil down around the plant to ensure it is stable. The video shows the process of planting a plant in detail, from digging the hole to covering the plant with soil.",WqajPQwEalU-Scene-0012,4,5,1
/data/home/yuanhaoc/videophy/DPO_Data/deepseek_gemini_filter/no_prompt_extension/Wan1.3B/seed_1/Wth1ktsZ6KQ-Scene-0075.mp4,"The video shows a group of people in a room wearing helmets and masks. They are holding paintball guns and appear to be playing a game of paintball. The room has a wooden desk and a doorway leading to another room. The players are taking cover behind the desk and moving around the room, aiming their guns at each other. The atmosphere is tense and competitive as they try to hit their opponents with paintballs.",Wth1ktsZ6KQ-Scene-0075,1,4,0
/data/home/yuanhaoc/videophy/DPO_Data/deepseek_gemini_filter/no_prompt_extension/Wan1.3B/seed_1/Ww75W47GGcs-Scene-0031.mp4,"The video shows a close-up of water being poured into a container. The water is clear and appears to be flowing smoothly. The container is not visible in the frame, but the water is splashing and creating ripples as it hits the bottom. The lighting is dim, and the background is not visible, focusing the viewer's attention on the water and its movement.",Ww75W47GGcs-Scene-0031,4,5,1
/data/home/yuanhaoc/videophy/DPO_Data/deepseek_gemini_filter/no_prompt_extension/Wan1.3B/seed_1/WwFs70wYqqU-Scene-0098.mp4,The video shows a man fishing on a boat. He is seen reeling in a fish and then lifting it up. The man is wearing a black shirt and shorts. The boat is black and white in color. The water is calm and there are trees visible in the background.,WwFs70wYqqU-Scene-0098,0,4,0
/data/home/yuanhaoc/videophy/DPO_Data/deepseek_gemini_filter/no_prompt_extension/Wan1.3B/seed_1/X45VihfG-QE-Scene-0157.mp4,The video shows a military helicopter flying in the sky. The helicopter is painted in a camouflage pattern and has two rotors on top. It is flying against a clear sky. The helicopter then releases a large blue balloon with a white target on it. The balloon floats away from the helicopter and drifts in the air.,X45VihfG-QE-Scene-0157,1,4,0
/data/home/yuanhaoc/videophy/DPO_Data/deepseek_gemini_filter/no_prompt_extension/Wan1.3B/seed_1/X5k4ipd0iwQ-Scene-0018.mp4,"The video shows a baseball player wearing a red jersey with the word ""Harvard"" on it, running towards home plate. He is wearing a black helmet and white pants. As he approaches home plate, he is greeted by a teammate wearing a red jacket. The player then proceeds to slide into home plate, where the catcher, wearing a blue jersey, is waiting to tag him out. The umpire, dressed in black, is also present and observing the play. The video captures the excitement and tension of the moment as the player attempts to score a run for his team.",X5k4ipd0iwQ-Scene-0018,3,4,0
/data/home/yuanhaoc/videophy/DPO_Data/deepseek_gemini_filter/no_prompt_extension/Wan1.3B/seed_1/X6U_Zu-5FCo-Scene-0077.mp4,"The video shows a man riding a mountain bike down a hill covered in leaves. He is wearing a red shirt and black pants. The bike has a red frame and black wheels. The man is seen riding down the hill, turning around, and then walking the bike up the hill. The surrounding area is filled with trees and foliage, indicating that the video was taken in a forest or wooded area.",X6U_Zu-5FCo-Scene-0077,1,4,0
/data/home/yuanhaoc/videophy/DPO_Data/deepseek_gemini_filter/no_prompt_extension/Wan1.3B/seed_1/X8gfZPY8GDI-Scene-0006.mp4,"In the video, a person is seen holding a small, clear, plastic bag. The person is using their hands to fold the bag in half, creating a seal. The bag appears to be filled with a small, unidentifiable object. The person's hands are visible, and they are wearing a ring on their left hand. The background is blurred, but it appears to be a table or countertop. The lighting is bright, and the plastic bag reflects light, making it shiny.",X8gfZPY8GDI-Scene-0006,4,4,1
/data/home/yuanhaoc/videophy/DPO_Data/deepseek_gemini_filter/no_prompt_extension/Wan1.3B/seed_1/X8oOA1a9eHg-Scene-0033.mp4,"The video shows a large military tank moving slowly across a grassy field. The tank is painted in a camouflage pattern with shades of green, brown, and black. It has a long barrel on top and several wheels on the sides. There are people standing nearby, watching the tank as it moves. The sky is overcast, and there are flags visible in the background.",X8oOA1a9eHg-Scene-0033,0,5,0
/data/home/yuanhaoc/videophy/DPO_Data/deepseek_gemini_filter/no_prompt_extension/Wan1.3B/seed_1/X8p--1PTCqs-Scene-0004.mp4,"In the video, a skier is seen skiing down a snowy mountain slope. The skier is wearing a blue jacket and black pants. The slope is covered in white snow, and there are rocks visible on the side of the slope. The skier is moving at a fast pace, and the snow is being kicked up behind them as they make their way down the slope. The skier is in a crouched position, leaning forward to maintain speed and control. The sky is clear and blue, indicating good weather conditions for skiing. The skier's movements are fluid and confident, suggesting that they are experienced and comfortable on the slope.",X8p--1PTCqs-Scene-0004,4,4,1
/data/home/yuanhaoc/videophy/DPO_Data/deepseek_gemini_filter/no_prompt_extension/Wan1.3B/seed_1/XBXqqzc8yMU-Scene-0042.mp4,"The video shows a person using a tool to cut a large block of ice. The person is wearing gloves and is carefully cutting the ice. The ice is thick and appears to be solid. The person is using a saw to cut through the ice, and the ice is falling off in large chunks. The background is not visible, but it appears to be a cold environment.",XBXqqzc8yMU-Scene-0042,3,3,0
/data/home/yuanhaoc/videophy/DPO_Data/deepseek_gemini_filter/no_prompt_extension/Wan1.3B/seed_1/XHR20lYAOwQ-Scene-0075.mp4,"The video shows a close-up of a bicycle's front wheel and suspension fork. The wheel is in motion, and the suspension fork is moving up and down. The background is blurred, but it appears to be a forest or wooded area. The bicycle is likely being ridden on a trail.",XHR20lYAOwQ-Scene-0075,0,5,0
/data/home/yuanhaoc/videophy/DPO_Data/deepseek_gemini_filter/no_prompt_extension/Wan1.3B/seed_1/XLc3pCmkBBY-Scene-0036.mp4,"The video shows a hockey game in progress. The players are wearing red and white uniforms. The goalie is wearing a white uniform with the number 32. The puck is being shot towards the goal, and the goalie makes a save. The video is shot from a top-down perspective, and the ice rink has red and blue lines.",XLc3pCmkBBY-Scene-0036,1,3,0
/data/home/yuanhaoc/videophy/DPO_Data/deepseek_gemini_filter/no_prompt_extension/Wan1.3B/seed_1/XR8LikkOHP4-Scene-0056.mp4,"The video features a person holding a small black device in their hand. The device appears to be a remote control with a rectangular shape and a square button on the front. The person is seen pressing the button, which causes a light to turn on and off. The background shows the interior of a car, with a blue dashboard and black seats. The person's hand is visible, and they are wearing a black glove.",XR8LikkOHP4-Scene-0056,4,4,1
/data/home/yuanhaoc/videophy/DPO_Data/deepseek_gemini_filter/no_prompt_extension/Wan1.3B/seed_1/XU8fIa0cQn4-Scene-0102.mp4,"The video shows a baseball game in progress. A player is seen running towards the outfield to catch a ball. The player dives and successfully catches the ball, preventing it from hitting the ground. The player is wearing a grey uniform with a cap. The field is surrounded by a green fence, and there are other players on the field. The sky is overcast, and the grass on the field is green.",XU8fIa0cQn4-Scene-0102,4,3,0
/data/home/yuanhaoc/videophy/DPO_Data/deepseek_gemini_filter/no_prompt_extension/Wan1.3B/seed_1/Xb4Az407j3A-Scene-0020.mp4,"In the video, a person is seen kneading dough in a bowl. The dough is yellow in color and the person is using their hands to knead it. The bowl is placed on a table and the person is continuously kneading the dough.",Xb4Az407j3A-Scene-0020,1,4,0
/data/home/yuanhaoc/videophy/DPO_Data/deepseek_gemini_filter/no_prompt_extension/Wan1.3B/seed_1/XbC6wuUH3ZA-Scene-0030.mp4,"In the video, a woman is seen holding a pair of pliers in her right hand and a wire in her left hand. She is using the pliers to bend the wire. The woman is wearing a blue shirt and has long brown hair. The background consists of a black leather couch and a glass table. The woman appears to be in a living room or a similar indoor setting.",XbC6wuUH3ZA-Scene-0030,1,3,0
/data/home/yuanhaoc/videophy/DPO_Data/deepseek_gemini_filter/no_prompt_extension/Wan1.3B/seed_1/XegFdK9UQN4-Scene-0022.mp4,"In the video, a man is seen standing on a grassy field with a soccer ball at his feet. He is wearing a black jacket, blue pants, and black shoes. The man is performing a soccer trick where he kicks the ball up into the air and then catches it with his foot. He repeats this action several times, showing off his soccer skills. The field is surrounded by trees with autumn leaves, and there are soccer goals in the background. The sky is clear and blue.",XegFdK9UQN4-Scene-0022,3,3,0
/data/home/yuanhaoc/videophy/DPO_Data/deepseek_gemini_filter/no_prompt_extension/Wan1.3B/seed_1/Xfb_LanTIlA-Scene-0041.mp4,The video shows a person using a knife to cut a piece of paper. The paper has a blue turtle design on it. The person is cutting the paper into a specific shape.,Xfb_LanTIlA-Scene-0041,1,3,0
/data/home/yuanhaoc/videophy/DPO_Data/deepseek_gemini_filter/no_prompt_extension/Wan1.3B/seed_1/Xmyo4jQMvdw-Scene-0062.mp4,"The video shows a close-up of a person's hands kneading dough on a surface. The dough is a light color and appears to be soft and pliable. The person's hands are moving in a circular motion, pressing and folding the dough over itself. The person's fingernails are painted with a light color, and there are some small white specks on their hands, possibly flour. The background is not visible, but the surface on which the dough is being kneaded appears to be a light color.",Xmyo4jQMvdw-Scene-0062,5,4,1
/data/home/yuanhaoc/videophy/DPO_Data/deepseek_gemini_filter/no_prompt_extension/Wan1.3B/seed_1/XpTHWjSI4cA-Scene-0005.mp4,"The video shows a hockey player in a white and black uniform skating on the ice. The player is holding a hockey stick and is seen moving towards the camera. The player then stops and turns around, facing the opposite direction. The background shows a crowd of spectators watching the game. The player is wearing a helmet and gloves, and the ice rink has advertisements on the boards.",XpTHWjSI4cA-Scene-0005,0,4,0
/data/home/yuanhaoc/videophy/DPO_Data/deepseek_gemini_filter/no_prompt_extension/Wan1.3B/seed_1/Xs-IMFGLWI8-Scene-0052.mp4,"The video shows a man water skiing on a lake. He is holding onto a rope that is attached to a boat, which is pulling him along the water. The man is wearing a red life jacket and green shorts. He is seen gliding on the water, creating splashes as he goes. At one point, he jumps into the air and performs a trick before landing back on the water. The background shows a clear blue sky and trees on the shore.",Xs-IMFGLWI8-Scene-0052,3,3,0
/data/home/yuanhaoc/videophy/DPO_Data/deepseek_gemini_filter/no_prompt_extension/Wan1.3B/seed_1/XvxSywtz7Ps-Scene-0027.mp4,The video shows a series of images of two football players in the middle of a game. The player in the white jersey is holding the football and is being tackled by the player in the blue jersey. The player in the blue jersey is grabbing the player in the white jersey's helmet and pushing him to the ground. The background is a blurred image of a football field.,XvxSywtz7Ps-Scene-0027,1,4,0
/data/home/yuanhaoc/videophy/DPO_Data/deepseek_gemini_filter/no_prompt_extension/Wan1.3B/seed_1/XxFWYOA3JV8-Scene-0170.mp4,"The video shows a group of people working together to move a large boat. They are pushing and pulling the boat from the side, trying to get it to move. The boat is white with yellow trim and has a large window on the side. The people are dressed in casual clothing and seem to be exerting a lot of effort to move the boat. The background shows a sandy beach and a body of water, indicating that the boat is being moved to or from the water.",XxFWYOA3JV8-Scene-0170,4,3,0
/data/home/yuanhaoc/videophy/DPO_Data/deepseek_gemini_filter/no_prompt_extension/Wan1.3B/seed_1/Y0eER5MOKBE-Scene-0236.mp4,"In the video, a person is seen kneading and stretching a piece of pink slime on a white table. The slime is bright pink in color and appears to be very stretchy and malleable. The person's hands are covered in the slime, and they are using their fingers to stretch and fold the slime in various ways. The background is mostly white, with a few objects visible on the table, including a green bottle and a red object. The person is wearing a white shirt with purple text on it.",Y0eER5MOKBE-Scene-0236,4,4,1
/data/home/yuanhaoc/videophy/DPO_Data/deepseek_gemini_filter/no_prompt_extension/Wan1.3B/seed_1/Y26CxKjUq5k-Scene-0044.mp4,"The video shows a football game in progress. The players are wearing green and yellow uniforms, and the opposing team is wearing white and red uniforms. The game is being played on a field with green grass and white markings. The players are seen running, tackling, and falling on the field. The video captures the intensity and physicality of the game.",Y26CxKjUq5k-Scene-0044,0,4,0
/data/home/yuanhaoc/videophy/DPO_Data/deepseek_gemini_filter/no_prompt_extension/Wan1.3B/seed_1/Y5YrTUd3h0c-Scene-0006.mp4,"The video shows a wrestling match between two wrestlers in a ring. One wrestler is wearing black shorts and the other is wearing white shorts. The wrestler in black shorts is holding the wrestler in white shorts from behind and lifting him up. The referee is standing nearby, watching the match. The wrestling ring is surrounded by a crowd of spectators. The wrestlers are both muscular and appear to be exerting a lot of effort in the match. The lighting in the arena is bright, and the colors are vivid.",Y5YrTUd3h0c-Scene-0006,4,3,0
/data/home/yuanhaoc/videophy/DPO_Data/deepseek_gemini_filter/no_prompt_extension/Wan1.3B/seed_1/Y6gdHtyxRp8-Scene-0057.mp4,"The video shows a person using a tool to remove a tire from a vehicle. The person is using a tool to pry the tire off the vehicle. The tire is black and has the word ""KLEIN"" written on it. The person is wearing a gray jacket and blue jeans. The vehicle is parked on the side of the road, and there is a red gas station in the background.",Y6gdHtyxRp8-Scene-0057,1,3,0
/data/home/yuanhaoc/videophy/DPO_Data/deepseek_gemini_filter/no_prompt_extension/Wan1.3B/seed_1/YCDbICN8obw-Scene-0041.mp4,"In the video, a person is seen riding a dirt bike on a dirt track. The rider is wearing a blue and white outfit and a helmet. The bike is red and white. The track is surrounded by trees and there are red and white flags on the side. The rider is seen making a turn on the track.",YCDbICN8obw-Scene-0041,0,4,0
/data/home/yuanhaoc/videophy/DPO_Data/deepseek_gemini_filter/no_prompt_extension/Wan1.3B/seed_1/YCjbGOPBQHw-Scene-0003.mp4,"In the video, a person is holding a green bottle of Palmolive dish soap. The person is unscrewing the white cap of the bottle. The background is blurred, but it appears to be a kitchen setting. The person's hand is visible, and they are wearing a ring on their ring finger. The Palmolive logo is clearly visible on the bottle. The person's movements are deliberate and careful as they unscrew the cap.",YCjbGOPBQHw-Scene-0003,4,4,1
/data/home/yuanhaoc/videophy/DPO_Data/deepseek_gemini_filter/no_prompt_extension/Wan1.3B/seed_1/YEBO7v1smBc-Scene-0042.mp4,"In the video, a man is seen working on a metal pipe in a workshop. He is wearing a black shirt and grey pants. The man is using a tape measure to measure the pipe, then he uses a saw to cut it. The workshop has a concrete floor and there are other tools and equipment visible in the background. The man appears to be focused on his task and is using the tools carefully.",YEBO7v1smBc-Scene-0042,0,3,0
/data/home/yuanhaoc/videophy/DPO_Data/deepseek_gemini_filter/no_prompt_extension/Wan1.3B/seed_1/YFztPdCbDVw-Scene-0023.mp4,"The video shows a surfer riding a wave in the ocean. The surfer is wearing a blue shirt and black shorts. The wave is large and white, and the surfer is riding it skillfully. The surfer is seen standing on the surfboard, crouching, and turning the board to ride the wave. The water is clear and blue, and the sky is cloudy. The surfer is the only person visible in the video.",YFztPdCbDVw-Scene-0023,5,4,1
/data/home/yuanhaoc/videophy/DPO_Data/deepseek_gemini_filter/no_prompt_extension/Wan1.3B/seed_1/YHHK_RRKQV8-Scene-0036.mp4,"The video shows a woman in a pink shirt putting fake plants into a fish tank. She is carefully arranging the plants to create a natural-looking environment for the fish. The plants are green and leafy, and the woman is using both hands to adjust them. The fish tank is already filled with water, and the background shows a room with various items.",YHHK_RRKQV8-Scene-0036,1,5,0
/data/home/yuanhaoc/videophy/DPO_Data/deepseek_gemini_filter/no_prompt_extension/Wan1.3B/seed_1/YLlXvfFiAdg-Scene-0009.mp4,"In the video, a person is seen holding a pot with several eggs inside. The pot is made of copper and has a golden handle. The eggs are white and appear to be boiling in water. The person is wearing a green shirt and is standing in a kitchen with a stove in the background. The pot is placed on the stove, and the person is seen stirring the eggs with a spoon. The video is shot from a close-up angle, focusing on the pot and the eggs.",YLlXvfFiAdg-Scene-0009,5,5,1
/data/home/yuanhaoc/videophy/DPO_Data/deepseek_gemini_filter/no_prompt_extension/Wan1.3B/seed_1/YM0xGzGzOCE-Scene-0004.mp4,"The video shows a group of people working together to build a wooden structure. They are using various tools such as a saw and a level to measure and cut the wood. The people are wearing casual clothing and some of them have hats on. The sky is clear and blue, indicating that the weather is sunny and warm. The wooden structure appears to be in the early stages of construction, with the foundation already laid and the walls being built up. The people are working efficiently and seem to be enjoying the process.",YM0xGzGzOCE-Scene-0004,1,4,0
/data/home/yuanhaoc/videophy/DPO_Data/deepseek_gemini_filter/no_prompt_extension/Wan1.3B/seed_1/YMAUGpf5YiI-Scene-0012.mp4,"The video shows a football game in progress. A player wearing a dark blue jersey with the number 14 is seen running with the ball. He is closely followed by a player in a yellow and white jersey. The player in the dark blue jersey leaps into the air and catches the ball, while the player in the yellow and white jersey falls to the ground. The crowd in the background is cheering and clapping. The player in the dark blue jersey then runs towards the end zone, where he is met by his teammates who are celebrating. The video also shows a text overlay at the bottom of the screen that reads ""2014 BIG TEN HEISMAN HOPEFULS"" and ""TROY SMITH (OSU) IN 2014"".",YMAUGpf5YiI-Scene-0012,3,3,0
/data/home/yuanhaoc/videophy/DPO_Data/deepseek_gemini_filter/no_prompt_extension/Wan1.3B/seed_1/YPdJ3gqUFw4-Scene-0107.mp4,"In the video, a woman is seen sitting on the floor with her legs crossed. She is wearing a white shirt and black pants. In front of her is a blue plastic train track on which several toy trains are placed. The trains are of different colors, including blue, green, and yellow, and they are modeled after classic train engines. The woman appears to be playing with the trains, moving them along the track. In the background, there is a white windmill toy and a wooden chair. The room appears to be a living room or playroom.",YPdJ3gqUFw4-Scene-0107,4,3,0
/data/home/yuanhaoc/videophy/DPO_Data/deepseek_gemini_filter/no_prompt_extension/Wan1.3B/seed_1/YQntp43Iwvw-Scene-0018.mp4,"The video depicts a large yacht sailing in the ocean. The yacht has a white sail and is moving at a high speed, creating a wake in the water. The ocean is a deep blue color, and the sky is clear. The yacht appears to be well-maintained and is likely used for leisure or luxury travel.",YQntp43Iwvw-Scene-0018,0,5,0
/data/home/yuanhaoc/videophy/DPO_Data/deepseek_gemini_filter/no_prompt_extension/Wan1.3B/seed_1/YSPqIq0uVUA-Scene-0247.mp4,"The video shows a close-up of a person's hands holding a small, white egg. The person is using a tool to crack the egg open, and the yolk and egg white are visible as the egg is being opened. The background is dark, and the focus is on the egg and the person's hands.",YSPqIq0uVUA-Scene-0247,1,3,0
/data/home/yuanhaoc/videophy/DPO_Data/deepseek_gemini_filter/no_prompt_extension/Wan1.3B/seed_1/YWnAAsm97q4-Scene-0063.mp4,"In the video, a person wearing blue gloves is seen working on a car's brake system. The person is holding a brake pad and appears to be either installing or adjusting it. The brake pad is black and appears to be made of rubber or a similar material. The person's movements are deliberate and careful, indicating that they are experienced in working with car brakes. The background is blurred, but it appears to be a garage or workshop setting.",YWnAAsm97q4-Scene-0063,5,4,1
/data/home/yuanhaoc/videophy/DPO_Data/deepseek_gemini_filter/no_prompt_extension/Wan1.3B/seed_1/YZ-i7-5s8tM-Scene-0021.mp4,"The video shows a man snowboarding down a snowy hill. He is wearing a black jacket and pants, and a white helmet. The man is seen carving through the snow, making turns and jumps. The hill is covered in snow, and there are trees in the background. The man appears to be skilled at snowboarding, and he is having fun while doing so.",YZ-i7-5s8tM-Scene-0021,4,3,0
/data/home/yuanhaoc/videophy/DPO_Data/deepseek_gemini_filter/no_prompt_extension/Wan1.3B/seed_1/YZ3gAhZZ3_Q-Scene-0011.mp4,"The video shows a close-up of a black ink bottle with a white label that reads ""PLATINUM CARBON INK"". A person's hand is holding a white pencil and is seen scratching the label on the bottle. The person continues to scratch the label with the pencil, and the video ends with the person stopping.",YZ3gAhZZ3_Q-Scene-0011,1,4,0
/data/home/yuanhaoc/videophy/DPO_Data/deepseek_gemini_filter/no_prompt_extension/Wan1.3B/seed_1/Y_42mwIUp5M-Scene-0082.mp4,"In the video, a person's hand is seen pushing a toy car across a lawn. The car is orange and black in color and appears to be a small, plastic toy. The lawn is green and well-maintained, with short grass. The person's hand is visible in the frame, and they seem to be pushing the car with their index finger. The toy car moves forward a few inches before the person stops pushing it. There are no other objects or people visible in the video.",Y_42mwIUp5M-Scene-0082,4,5,1
/data/home/yuanhaoc/videophy/DPO_Data/deepseek_gemini_filter/no_prompt_extension/Wan1.3B/seed_1/YlLbMe1OVKU-Scene-0056.mp4,"The video shows a close-up of a person's feet as they walk through a forest. The person is wearing green pants and brown boots. The ground is covered with brown leaves, and the person is stepping on them as they walk. The camera angle is low, focusing on the person's feet and the ground.",YlLbMe1OVKU-Scene-0056,0,5,0
/data/home/yuanhaoc/videophy/DPO_Data/deepseek_gemini_filter/no_prompt_extension/Wan1.3B/seed_1/YmyRtrz9FOE-Scene-0010.mp4,"In the video, a person is seen using a screwdriver to tighten a screw. The screwdriver has a black handle and a silver head. The person's hands are visible, and they are holding the screwdriver with one hand while using the other hand to turn the screw. The background is a dark color, and the focus is on the person's hands and the screwdriver.",YmyRtrz9FOE-Scene-0010,4,4,1
/data/home/yuanhaoc/videophy/DPO_Data/deepseek_gemini_filter/no_prompt_extension/Wan1.3B/seed_1/Yq640__c_1Q-Scene-0032.mp4,The video shows a person inserting a card into a machine and then pressing a button. The machine is yellow and has several buttons and instructions written in Japanese. The person's hand is visible as they interact with the machine.,Yq640__c_1Q-Scene-0032,1,4,0
/data/home/yuanhaoc/videophy/DPO_Data/deepseek_gemini_filter/no_prompt_extension/Wan1.3B/seed_1/YtLFeye4-18-Scene-0052.mp4,"The video begins with a view of a starry sky, and then zooms in on a yellow star. As the video progresses, the star is shown to have a planet orbiting around it. The planet is then shown to have a moon orbiting around it. The video continues to zoom in, showing the moon's orbit around the planet, and then the planet's orbit around the star. The video ends with a close-up of the planet and its moon.",YtLFeye4-18-Scene-0052,1,4,0
/data/home/yuanhaoc/videophy/DPO_Data/deepseek_gemini_filter/no_prompt_extension/Wan1.3B/seed_1/YvKP-D76r8g-Scene-0023.mp4,"The video shows a group of people pushing a large object. The object appears to be a missile or rocket, and it is being pushed by several individuals. The people are dressed in military uniforms and are working together to move the object. The background is not clearly visible, but it seems to be an open area with a clear sky. The individuals are using their strength and teamwork to move the object, and their actions suggest that they are part of a military operation or exercise. The missile or rocket is white with red stripes, and it is mounted on a trailer with wheels. The individuals are wearing helmets and protective gear, indicating that they are taking safety precautions while handling the object. The video does not provide any additional context or information about the location or purpose of the activity.",YvKP-D76r8g-Scene-0023,4,4,1
/data/home/yuanhaoc/videophy/DPO_Data/deepseek_gemini_filter/no_prompt_extension/Wan1.3B/seed_1/YzOD_RWOGeU-Scene-0008.mp4,"In the video, a young boy is seen driving a small red toy car that resembles a Tesla. The car has a black interior and a silver steering wheel. The boy is wearing a black jacket and is driving the car on a driveway. In the background, there is a real red Tesla parked in front of a garage. The video also includes text overlay that reads ""G3-8 WITH A CAPACITY OF 81 POUNDS"".",YzOD_RWOGeU-Scene-0008,3,4,0
/data/home/yuanhaoc/videophy/DPO_Data/deepseek_gemini_filter/no_prompt_extension/Wan1.3B/seed_1/Z7zYjfWC2Gs-Scene-0022.mp4,"The video shows a spacecraft in orbit around a planet. The spacecraft has a large circular platform on top, which is rotating. The platform is surrounded by solar panels and other equipment. The spacecraft is moving slowly in space, and the planet can be seen in the background.",Z7zYjfWC2Gs-Scene-0022,0,5,0
/data/home/yuanhaoc/videophy/DPO_Data/deepseek_gemini_filter/no_prompt_extension/Wan1.3B/seed_1/Z9P_Qvns8-Q-Scene-0080.mp4,"In the video, a person is seen pouring a yellow liquid into a pie crust that is filled with blueberries. The person is wearing a brown apron and is standing in front of a white table. The pie crust is round and has a fluted edge. The blueberries are dark blue and are scattered throughout the crust. The yellow liquid is being poured from a clear glass bowl. The person pours the liquid slowly and carefully, ensuring that it covers all of the blueberries.",Z9P_Qvns8-Q-Scene-0080,5,5,1
/data/home/yuanhaoc/videophy/DPO_Data/deepseek_gemini_filter/no_prompt_extension/Wan1.3B/seed_1/ZAZ5Ow-UNyQ-Scene-0037.mp4,The video shows a small airplane landing on a runway. The plane is black and white in color and has a propeller on the front. The runway is surrounded by grass and there are buildings in the background. The plane touches down on the runway and comes to a stop.,ZAZ5Ow-UNyQ-Scene-0037,1,5,0
/data/home/yuanhaoc/videophy/DPO_Data/deepseek_gemini_filter/no_prompt_extension/Wan1.3B/seed_1/ZE1RGs5OWrQ-Scene-0032.mp4,"The video shows a person holding a stick in their hand. The stick appears to be made of wood and has a small piece of wood on one end. The person is using their fingers to rub the stick against the wood, creating a small amount of smoke. The stick is held at an angle, and the person's fingers are moving back and forth along the length of the stick. The background is not clearly visible, but it appears to be an outdoor setting. The person's hand is visible, and they are wearing a gray shirt. The video is shot in close-up, focusing on the stick and the person's hand.",ZE1RGs5OWrQ-Scene-0032,4,4,1
/data/home/yuanhaoc/videophy/DPO_Data/deepseek_gemini_filter/no_prompt_extension/Wan1.3B/seed_1/ZFHTZcLGtJ0-Scene-0171.mp4,"The video shows a close-up of a person's hand moving through a body of water. The water is murky and brown in color, and the person's hand is visible from the wrist down. The hand moves slowly through the water, causing ripples and disturbances on the surface. The lighting is dim, and the water appears to be shallow. There are no other objects or people visible in the video.",ZFHTZcLGtJ0-Scene-0171,0,5,0
/data/home/yuanhaoc/videophy/DPO_Data/deepseek_gemini_filter/no_prompt_extension/Wan1.3B/seed_1/ZFftKqiXd3o-Scene-0075.mp4,"The video features a rider on a black horse with white bandages on its legs. The rider is wearing a black helmet, shirt, and pants, and is holding the reins. The horse is trotting and cantering in a sandy arena, surrounded by fences and trees. The focus is on the horse's movements and the rider's control.",ZFftKqiXd3o-Scene-0075,1,5,0
/data/home/yuanhaoc/videophy/DPO_Data/deepseek_gemini_filter/no_prompt_extension/Wan1.3B/seed_1/ZHlCp8dBPl0-Scene-0017.mp4,The video shows a person using a soldering iron to solder a piece of copper wire to a copper strip. The person is holding the copper strip with one hand and the soldering iron with the other hand. The soldering iron is being used to melt the solder and fuse the copper wire to the copper strip. The person is wearing a blue shirt and is working on a black surface. The soldering iron has a silver-colored tip and a black handle. The copper wire is thin and has a shiny surface. The copper strip is wider and has a matte finish. The solder is a silver-colored metal that melts and solidifies when heated. The person is using a steady hand to apply the solder to the copper wire and strip.,ZHlCp8dBPl0-Scene-0017,4,4,1
/data/home/yuanhaoc/videophy/DPO_Data/deepseek_gemini_filter/no_prompt_extension/Wan1.3B/seed_1/ZJdaaYxLq2s-Scene-0080.mp4,"The video shows a person playing hockey on an outdoor rink. The player is holding a hockey stick and is seen shooting a puck towards the goal. The goalie, wearing protective gear, is seen trying to block the puck. The video is shot from the perspective of the player, showing their shadow on the ice. The rink is surrounded by a brick wall and there are trees in the background. The player successfully scores a goal, and the video ends with the puck in the net.",ZJdaaYxLq2s-Scene-0080,0,3,0
/data/home/yuanhaoc/videophy/DPO_Data/deepseek_gemini_filter/no_prompt_extension/Wan1.3B/seed_1/ZJfuEnDxBWY-Scene-0037.mp4,"In the video, a man is seen standing next to a car with its trunk open. He is wearing a blue shirt and khaki pants. The car is parked on a road with trees in the background. The man is speaking to the camera and pointing towards the trunk. He then proceeds to demonstrate how to fold down the back seats of the car to create more space in the trunk. The car appears to be a modern SUV model. The man's actions are clear and deliberate, making it easy for viewers to follow along and understand the process.",ZJfuEnDxBWY-Scene-0037,3,4,0
/data/home/yuanhaoc/videophy/DPO_Data/deepseek_gemini_filter/no_prompt_extension/Wan1.3B/seed_1/ZL13ijHpZoc-Scene-0013.mp4,The video shows a woman in a blue shirt with red nails opening a refrigerator and placing a large container with a blue lid on the shelf. The container is then closed with the lid.,ZL13ijHpZoc-Scene-0013,1,4,0
/data/home/yuanhaoc/videophy/DPO_Data/deepseek_gemini_filter/no_prompt_extension/Wan1.3B/seed_1/ZLsXv3oxdzc-Scene-0006.mp4,"The video shows a group of people playing football on a field. They are wearing black uniforms and helmets. The players are seen running and tackling each other. The field is surrounded by a fence, and there are trees and hills visible in the background. The players seem to be engaged in a competitive game, with some players running towards the camera and others moving away from it. The video captures the intensity and physicality of the sport, with players displaying agility and strength as they move across the field.",ZLsXv3oxdzc-Scene-0006,4,3,0
/data/home/yuanhaoc/videophy/DPO_Data/deepseek_gemini_filter/no_prompt_extension/Wan1.3B/seed_1/ZNGvCOkPwLA-Scene-0053.mp4,"In the video, a young man is seen jumping on a trampoline. He starts by jumping on the trampoline and then proceeds to do a series of flips. The trampoline is surrounded by blue padding, and the walls are painted in bright colors. The man is wearing a white shirt and black pants. He appears to be skilled in his movements, executing the flips with ease. The video captures the man's movements in slow motion, allowing viewers to see the details of his actions. The lighting in the room is bright, and the camera angle is positioned to capture the man's movements from a side perspective.",ZNGvCOkPwLA-Scene-0053,4,4,1
/data/home/yuanhaoc/videophy/DPO_Data/deepseek_gemini_filter/no_prompt_extension/Wan1.3B/seed_1/ZV6A74qLiec-Scene-0023.mp4,The video shows a space shuttle launching from a launch pad. The shuttle is white with a red nose cone and is surrounded by a large amount of smoke and fire as it lifts off. The launch pad is made of metal and is located near a body of water. The sky is clear and blue.,ZV6A74qLiec-Scene-0023,0,4,0
/data/home/yuanhaoc/videophy/DPO_Data/deepseek_gemini_filter/no_prompt_extension/Wan1.3B/seed_1/ZVUZzM44lBg-Scene-0003.mp4,"This video shows a football game in progress. The players are seen lined up on the field, ready to start the play. As the ball is snapped, the players engage in a play, with one player running with the ball and being tackled by an opponent. The tackle is successful, and the player with the ball falls to the ground. The video captures the intensity and physicality of the sport, with players displaying their skills and athleticism. The colors of the uniforms, the movements of the players, and the sounds of the game add to the overall experience of watching a football game.",ZVUZzM44lBg-Scene-0003,4,3,0
/data/home/yuanhaoc/videophy/DPO_Data/deepseek_gemini_filter/no_prompt_extension/Wan1.3B/seed_1/ZVYohaSGJ3c-Scene-0104.mp4,"The video features a man with a muscular build, wearing a black tank top with a bull logo on it, and headphones around his neck. He is performing a weightlifting exercise using a barbell. The man's arms are heavily tattooed, and he appears to be exerting effort as he lifts the barbell. The background is a gym setting with various exercise equipment visible.",ZVYohaSGJ3c-Scene-0104,0,4,0
/data/home/yuanhaoc/videophy/DPO_Data/deepseek_gemini_filter/no_prompt_extension/Wan1.3B/seed_1/Z_nRJReIG6w-Scene-0008.mp4,"In the video, a man is seen riding a bike down a ramp. He then proceeds to perform a wheelie, balancing on the back wheel of the bike. The man continues to ride the bike, performing various tricks and stunts. The video captures the man's impressive bike skills as he navigates the ramp and performs the wheelie. The man is wearing casual clothing and the bike appears to be a BMX style bike. The video is shot in an outdoor setting with a clear sky and greenery in the background.",Z_nRJReIG6w-Scene-0008,4,3,0
/data/home/yuanhaoc/videophy/DPO_Data/deepseek_gemini_filter/no_prompt_extension/Wan1.3B/seed_1/Zewc2igjaQ0-Scene-0035.mp4,"In the video, a small dog with black and white fur is seen playing with a purple toy. The dog is biting and pulling on the toy while a person's hand is visible, holding the other end of the toy. The dog seems to be enjoying the game, as it continues to play with the toy. The background is a carpeted floor, and there is no other significant action or object in the video.",Zewc2igjaQ0-Scene-0035,1,4,0
/data/home/yuanhaoc/videophy/DPO_Data/deepseek_gemini_filter/no_prompt_extension/Wan1.3B/seed_1/ZgjWOo7IqQY-Scene-0073.mp4,"In the video, two men are seen working together to make cheese. They are wearing blue aprons and white caps. The man on the left is holding a large white cloth, while the man on the right is holding a large white bucket. They are both working together to squeeze the cheese out of the cloth into the bucket. The bucket is placed on a table, and there is a large white bowl on the floor next to it. The men seem to be in a kitchen or a factory, as there are other kitchen equipment visible in the background. The cheese is white and appears to be soft and fresh. The men are working quickly and efficiently, indicating that they are experienced in this task.",ZgjWOo7IqQY-Scene-0073,4,3,0
/data/home/yuanhaoc/videophy/DPO_Data/deepseek_gemini_filter/no_prompt_extension/Wan1.3B/seed_1/ZiVcFy5HT2w-Scene-0126.mp4,"In the video, a young boy is seen wearing a blue life jacket as he stands in a wave pool. The boy is smiling and appears to be enjoying himself as he rides the waves. The pool is surrounded by a fence, and there are other people visible in the background. The water is a clear blue color, and the waves are small and gentle. The boy is the main focus of the video, and his actions are the primary activity in the scene.",ZiVcFy5HT2w-Scene-0126,0,4,0
/data/home/yuanhaoc/videophy/DPO_Data/deepseek_gemini_filter/no_prompt_extension/Wan1.3B/seed_1/ZjJUVsmjIj4-Scene-0029.mp4,"The video shows a close-up of a computer motherboard with a CPU socket. A person's hands are seen placing a CPU into the socket and securing it with a metal arm. The person then adjusts the metal arm to ensure that the CPU is properly aligned and secured. The video provides a detailed view of the process, showing the person's fingers pressing down on the metal arm to ensure it is tightly secured. The motherboard has several capacitors and other components visible, but the focus is on the CPU and the metal arm.",ZjJUVsmjIj4-Scene-0029,4,4,1
/data/home/yuanhaoc/videophy/DPO_Data/deepseek_gemini_filter/no_prompt_extension/Wan1.3B/seed_1/ZofCcUucyHw-Scene-0049.mp4,"The video shows a person's hands using a large knife to chop onions and green onions on a wooden cutting board. The onions are cut into small pieces, and the green onions are sliced into thin strips. The person's hands are steady, and the knife moves quickly and efficiently. The cutting board is clean, and the vegetables are fresh and vibrant in color.",ZofCcUucyHw-Scene-0049,1,4,0
/data/home/yuanhaoc/videophy/DPO_Data/deepseek_gemini_filter/no_prompt_extension/Wan1.3B/seed_1/Zqp912GRW_s-Scene-0014.mp4,"In the video, a young man is seen juggling a soccer ball with his feet. He is wearing a blue sweatshirt, white shorts, and green soccer cleats. The field he is on is green and appears to be made of artificial turf. The background is a hill with some trees and shrubs. The man is focused on the ball and seems to be practicing his soccer skills.",Zqp912GRW_s-Scene-0014,0,3,0
/data/home/yuanhaoc/videophy/DPO_Data/deepseek_gemini_filter/no_prompt_extension/Wan1.3B/seed_1/ZrFZ2E4yBeI-Scene-0018.mp4,The video features a surfer riding a wave on a surfboard. The surfer is wearing a wetsuit and is seen riding the wave from different angles. The wave is large and the surfer is seen maneuvering the board skillfully. The water is a deep blue color and the wave is white and foamy. The surfer eventually falls off the board and disappears under the wave. The video ends with the wave crashing down on the water.,ZrFZ2E4yBeI-Scene-0018,3,4,0
/data/home/yuanhaoc/videophy/DPO_Data/deepseek_gemini_filter/no_prompt_extension/Wan1.3B/seed_1/ZsyaXO-HdAM-Scene-0022.mp4,"In the video, a person is seen stirring a pot of soup with a black spoon. The soup appears to be thick and creamy, with a white color. The person stirs the soup in a circular motion, creating ripples and waves in the liquid. The spoon is moved in a continuous motion, and the soup is being mixed thoroughly. The person's hand is visible, holding the spoon and moving it around the pot. The pot itself is not visible, but the soup is contained within it. The background is not shown, so the focus is solely on the stirring action.",ZsyaXO-HdAM-Scene-0022,5,5,1
/data/home/yuanhaoc/videophy/DPO_Data/deepseek_gemini_filter/no_prompt_extension/Wan1.3B/seed_1/ZugRmIbNTtI-Scene-0029.mp4,"The video shows a panda bear climbing a tree, eating an apple, and then climbing back down.",ZugRmIbNTtI-Scene-0029,1,4,0
/data/home/yuanhaoc/videophy/DPO_Data/deepseek_gemini_filter/no_prompt_extension/Wan1.3B/seed_1/ZwL9XkcPM_8-Scene-0029.mp4,"The video shows a basketball game in progress, with players on the court and spectators in the stands. The scoreboard indicates that the game is in the second half, with the white team leading by 10 points. A player from the white team is seen dribbling the ball and then taking a shot at the basket. The ball goes through the hoop, and the crowd cheers in response. The player who scored the basket is then seen walking back towards the other end of the court.",ZwL9XkcPM_8-Scene-0029,0,3,0
/data/home/yuanhaoc/videophy/DPO_Data/deepseek_gemini_filter/no_prompt_extension/Wan1.3B/seed_1/_1hDZ_SNZ6w-Scene-0056.mp4,"The video shows a person working on a guitar. The person is using a machine to shape the neck of the guitar. The machine is made of metal and has several knobs and levers. The person's hands are visible as they adjust the machine and work on the guitar neck. The guitar itself is not fully visible, but the neck of the guitar is being shaped and smoothed out by the machine. The person appears to be skilled and experienced in using the machine, as they make precise adjustments to the neck of the guitar. The video provides a close-up view of the process, allowing viewers to see the details of the machine and the work being done on the guitar.",_1hDZ_SNZ6w-Scene-0056,4,4,1
/data/home/yuanhaoc/videophy/DPO_Data/deepseek_gemini_filter/no_prompt_extension/Wan1.3B/seed_1/_4A3wXeXxPA-Scene-0003.mp4,"The video shows a person skateboarding in a parking lot. The skateboarder is seen riding on the edge of a concrete wall and performing a trick. The skateboarder is wearing a red shirt and white shorts. The parking lot is empty, and there are no other people or vehicles visible in the video. The skateboarder appears to be skilled and confident in their movements. The concrete wall is gray and has a smooth surface, which the skateboarder uses to perform their trick. The video is shot during the day, and the lighting is natural.",_4A3wXeXxPA-Scene-0003,0,3,0
/data/home/yuanhaoc/videophy/DPO_Data/deepseek_gemini_filter/no_prompt_extension/Wan1.3B/seed_1/_4RDvMplt94-Scene-0130.mp4,"In the video, a person is seen holding a small plastic bottle with a black cap. The person is using a dropper to add a few drops of a dark liquid into the bottle. The liquid appears to be a concentrated solution, and the person is careful to add only a small amount at a time. The bottle is transparent, allowing the viewer to see the liquid inside. The person's hands are steady as they hold the bottle and dropper, indicating that they are experienced in this task. The background is a plain white surface, which provides a clear contrast to the dark liquid and the black cap of the bottle. The video does not contain any text or subtitles.",_4RDvMplt94-Scene-0130,5,4,1
/data/home/yuanhaoc/videophy/DPO_Data/deepseek_gemini_filter/no_prompt_extension/Wan1.3B/seed_1/_7Xax4V18RY-Scene-0182.mp4,"In the video, a person is cooking ground beef in a pan on a stove. The person is using a black spatula to stir the meat, which is brown in color. The stove has a blue flame, indicating that it is turned on. The person's hand is visible in the frame, and they are stirring the meat continuously.",_7Xax4V18RY-Scene-0182,0,5,0
/data/home/yuanhaoc/videophy/DPO_Data/deepseek_gemini_filter/no_prompt_extension/Wan1.3B/seed_1/_9FBKTUCz94-Scene-0099.mp4,"In the video, a black jeep with a blue rim is seen driving up a steep rocky hill. The jeep is equipped with large tires and a roll cage. The driver is wearing a red shirt and is focused on maneuvering the vehicle up the hill. The jeep is surrounded by a group of people who are watching and cheering the driver on. The video captures the excitement of off-road driving and the challenges that come with it.",_9FBKTUCz94-Scene-0099,4,3,0
/data/home/yuanhaoc/videophy/DPO_Data/deepseek_gemini_filter/no_prompt_extension/Wan1.3B/seed_1/_AMlA3sblZg-Scene-0016.mp4,"The video shows a mountain with a volcano erupting. The volcano is spewing out lava and smoke, and there are small rocks and debris flying around. The sky is cloudy, and the mountain is rocky.",_AMlA3sblZg-Scene-0016,1,5,0
/data/home/yuanhaoc/videophy/DPO_Data/deepseek_gemini_filter/no_prompt_extension/Wan1.3B/seed_1/_C1FR3g2hcI-Scene-0003.mp4,"The video shows a person fishing from a boat. The person is holding a fishing rod and reeling it in. The water is calm and there are no other boats or people visible in the video. The sky is clear and the sun is shining. The person appears to be alone and is focused on fishing. The fishing rod is black and the reel is silver. The person's hands are visible, and they are wearing a watch on their left wrist. The boat appears to be moving slowly, as the water is not choppy.",_C1FR3g2hcI-Scene-0003,5,4,1
/data/home/yuanhaoc/videophy/DPO_Data/deepseek_gemini_filter/no_prompt_extension/Wan1.3B/seed_1/_DfekQReV7M-Scene-0048.mp4,"The video shows a person's hand with turquoise nail polish holding a white sponge over a pink bowl filled with water. The sponge is then placed into the water, and it begins to expand and change color. The person then presses on the sponge, causing it to change shape and color further. The sponge is then removed from the water, and it has turned into a pink and blue color.",_DfekQReV7M-Scene-0048,0,3,0
/data/home/yuanhaoc/videophy/DPO_Data/deepseek_gemini_filter/no_prompt_extension/Wan1.3B/seed_1/_G5r9C5tG_w-Scene-0067.mp4,"The video shows a judo match between two female athletes on a blue mat. One athlete is wearing a white gi, while the other is wearing a blue gi. They are seen grappling with each other, attempting to gain control. The athlete in the white gi successfully executes a throw, bringing the athlete in the blue gi to the ground. The referee, dressed in a black suit, steps in to stop the match. The scoreboard is visible in the background, indicating the progress of the match.",_G5r9C5tG_w-Scene-0067,3,4,0
/data/home/yuanhaoc/videophy/DPO_Data/deepseek_gemini_filter/no_prompt_extension/Wan1.3B/seed_1/_GzZ2KGli6Y-Scene-0004.mp4,"In the video, a man is standing in a living room holding a white bucket filled with popcorn. He is wearing a plaid shirt and jeans. Another man is sitting on a couch in front of him, wearing a gray t-shirt. The man with the bucket lifts it over his head and then tips it forward, causing the popcorn to fall onto the man sitting on the couch. The man sitting on the couch reacts with surprise and laughter.",_GzZ2KGli6Y-Scene-0004,0,3,0
/data/home/yuanhaoc/videophy/DPO_Data/deepseek_gemini_filter/no_prompt_extension/Wan1.3B/seed_1/_JAOqzD7McQ-Scene-0022.mp4,"In this video, we see a close-up of a person's hand using a wrench to tighten a bolt on a piece of machinery. The person is wearing a black glove on their hand, and the machinery appears to be made of metal. The bolt is silver and has a hexagonal shape. The person is turning the wrench clockwise, which is indicated by the direction of the bolt's rotation. The background is blurred, but it seems to be a workshop or industrial setting.",_JAOqzD7McQ-Scene-0022,4,4,1
/data/home/yuanhaoc/videophy/DPO_Data/deepseek_gemini_filter/no_prompt_extension/Wan1.3B/seed_1/_NcXtmSJ5rE-Scene-0030.mp4,"In the video, a person is seen holding a fishing rod and reel, and casting the line into a body of water. The person then waits patiently for a fish to bite the bait. When a fish does bite, the person reels in the line, and the fish can be seen struggling on the end of the line. The person then pulls the fish out of the water and holds it up for the camera to see. The fish appears to be a small bass or similar species. The person then releases the fish back into the water, and it swims away. The video captures the peaceful and satisfying experience of fishing.",_NcXtmSJ5rE-Scene-0030,1,4,0
/data/home/yuanhaoc/videophy/DPO_Data/deepseek_gemini_filter/no_prompt_extension/Wan1.3B/seed_1/_PNsvyqIpoo-Scene-0005.mp4,"This video shows a hockey game in progress. The players are wearing their respective team uniforms and are seen skating across the ice rink. The game is being played in a large arena with spectators watching from the stands. The players are seen passing the puck to each other, trying to score a goal. The video captures the fast-paced nature of the game and the skillful maneuvers of the players. The ice rink is surrounded by boards and glass, and there are advertisements visible on the boards. The players are wearing helmets and protective gear, and the game is being played under bright lights.",_PNsvyqIpoo-Scene-0005,5,4,1
/data/home/yuanhaoc/videophy/DPO_Data/deepseek_gemini_filter/no_prompt_extension/Wan1.3B/seed_1/_QXUrDiijII-Scene-0061.mp4,"The video features a man performing skateboard tricks in a skate park. He is seen wearing a white t-shirt, blue jeans, and a black cap. The skateboard has a colorful design on the bottom. The man starts by crouching down on the skateboard, then stands up and jumps onto the board, flipping it in the air. He then lands back on the skateboard and continues to ride it. The background shows a wall with various skateboards hanging on it and a sign that reads ""LEARN TO SKATEBOARD"".",_QXUrDiijII-Scene-0061,3,3,0
/data/home/yuanhaoc/videophy/DPO_Data/deepseek_gemini_filter/no_prompt_extension/Wan1.3B/seed_1/_Q_XAroZoRs-Scene-0043.mp4,"The video opens with a view of a beach at sunset, with palm trees and a large mountain in the background. The camera then pans to show a group of people running away from a large dinosaur. The dinosaur is chasing them, and the people are running in different directions to avoid being caught. The beach is sandy with footprints, and the sky is a mix of orange and blue hues. The dinosaur is brown and appears to be a Tyrannosaurus Rex. The people are wearing casual clothing and are running in a panicked manner.",_Q_XAroZoRs-Scene-0043,4,4,1
/data/home/yuanhaoc/videophy/DPO_Data/deepseek_gemini_filter/no_prompt_extension/Wan1.3B/seed_1/_WRKAndmjYw-Scene-0054.mp4,"In the video, a baseball player is seen swinging a bat. He is wearing a black jersey with the number 27 and the name ""STANTON"" on the back. The player is also wearing a black helmet and has a red and black glove on his left hand. The background is a baseball field with green grass and a brown dirt infield. The player swings the bat with great force, and the bat is seen flying out of his hands. The video is shot from the side, and the player is facing towards the right side of the frame.",_WRKAndmjYw-Scene-0054,1,4,0
/data/home/yuanhaoc/videophy/DPO_Data/deepseek_gemini_filter/no_prompt_extension/Wan1.3B/seed_1/_YBDzOJqKX0-Scene-0066.mp4,"The video shows a child playing with a toy car set on a wooden floor. The child is sitting on the floor and has a green toy car in hand. The toy car set includes a blue track and a green ramp. The child places the green toy car on the track and then pushes it down the track. The child then picks up the green toy car and places it on the ramp. The child then pushes the green toy car down the ramp and onto the track again. The child repeats this process several times, pushing the green toy car down the track and ramp.",_YBDzOJqKX0-Scene-0066,3,4,0
/data/home/yuanhaoc/videophy/DPO_Data/deepseek_gemini_filter/no_prompt_extension/Wan1.3B/seed_1/_YsPDLJjgq0-Scene-0016.mp4,"In the video, a man is seen holding a piece of wood in his hands. He is wearing a black jacket and yellow gloves. The man is using a tool to carve the wood, and he is moving the tool back and forth along the length of the wood. The background is blurry, but it appears to be a snowy landscape. The man's movements are deliberate and focused as he works on the wood.",_YsPDLJjgq0-Scene-0016,1,3,0
/data/home/yuanhaoc/videophy/DPO_Data/deepseek_gemini_filter/no_prompt_extension/Wan1.3B/seed_1/__Jz0iTu5SI-Scene-0090.mp4,"The video shows a man in a garage working on a car's brake system. He is wearing a black cap and gloves and is using a wrench to remove the brake rotor from the wheel hub. The man is focused on his task and appears to be experienced in this type of work. The garage is well-lit, and the car is elevated on a lift, making it easier for the man to access the brake system. The brake rotor is dirty and appears to be worn out, indicating that the car may have been driven with worn-out brakes for some time. The man's movements are deliberate and precise, suggesting that he is familiar with the process of removing and replacing brake rotors.",__Jz0iTu5SI-Scene-0090,4,4,1
/data/home/yuanhaoc/videophy/DPO_Data/deepseek_gemini_filter/no_prompt_extension/Wan1.3B/seed_1/__aSS5x1MHk-Scene-0022.mp4,"The video shows a close-up of a blender with a mixture of ingredients inside. The blender is on a counter, and a person's hand is seen adding ingredients to it. The ingredients include eggs, milk, and other components that are not clearly visible. The blender is turned on, and the contents are blended together. The video is shot in a kitchen setting, and the focus is on the blending process.",__aSS5x1MHk-Scene-0022,0,4,0
/data/home/yuanhaoc/videophy/DPO_Data/deepseek_gemini_filter/no_prompt_extension/Wan1.3B/seed_1/_bQDauhq_zs-Scene-0019.mp4,"In the video, a young girl is seen sitting on a skateboard ramp. She is wearing a brown dress and black shoes. The ramp is made of wood and has a curved shape. The girl is holding onto the sides of the ramp and appears to be preparing to slide down it. As she starts to slide down, she loses her balance and falls off the ramp onto the ground. The ramp is located in an indoor skate park, and there are other people visible in the background. The girl seems to be unharmed and is smiling as she sits on the ground.",_bQDauhq_zs-Scene-0019,3,3,0
/data/home/yuanhaoc/videophy/DPO_Data/deepseek_gemini_filter/no_prompt_extension/Wan1.3B/seed_1/_fpkPO5AKG4-Scene-0119.mp4,"In the video, a person is seen pouring a yellowish liquid from a pot into a metal strainer. The liquid is poured in a steady stream, and the strainer is placed over a pot. The person then lifts the strainer, allowing the liquid to drip through the holes and into the pot below. The liquid appears to be a thick soup or sauce, and the strainer is made of metal with small holes. The person's hand is visible as they hold the pot and strainer, and the background is a plain white wall.",_fpkPO5AKG4-Scene-0119,4,4,1
/data/home/yuanhaoc/videophy/DPO_Data/deepseek_gemini_filter/no_prompt_extension/Wan1.3B/seed_1/_jcaXp6EHPk-Scene-0082.mp4,"In the video, a person is seen making a handprint on a white canvas. The person's hand is smeared with orange paint, and they press their hand onto the canvas, leaving a handprint. The canvas is placed on a wooden table, and the person's hand is shown in various positions as they make the handprint. The video is shot in close-up, focusing on the handprinting process.",_jcaXp6EHPk-Scene-0082,1,4,0
/data/home/yuanhaoc/videophy/DPO_Data/deepseek_gemini_filter/no_prompt_extension/Wan1.3B/seed_1/_lZ8gpqhFy0-Scene-0051.mp4,"The video shows a close-up of a mixing bowl with a mixer attachment inside it. The mixer is blending the contents of the bowl, which appears to be a yellowish mixture with chunks of darker ingredients. The mixer attachment is white and is moving rapidly, causing the mixture to swirl around the bowl. The bowl itself is silver and has a reflective surface. The background is blurred, but it seems to be a kitchen setting.",_lZ8gpqhFy0-Scene-0051,5,4,1
/data/home/yuanhaoc/videophy/DPO_Data/deepseek_gemini_filter/no_prompt_extension/Wan1.3B/seed_1/_lfLQ82ZVPs-Scene-0010.mp4,"The video shows a soccer game in progress. A player in a white jersey is seen kicking the ball towards the goal. The goalkeeper, wearing a red jersey, dives to his right and successfully blocks the ball from entering the goal. The players are on a green field with white markings, and the goal is a standard white net. The action is fast-paced, and the players are moving quickly.",_lfLQ82ZVPs-Scene-0010,1,3,0
/data/home/yuanhaoc/videophy/DPO_Data/deepseek_gemini_filter/no_prompt_extension/Wan1.3B/seed_1/_lgjnL34lkY-Scene-0027.mp4,"The video shows a person skiing down a snowy mountain. The skier is wearing a red helmet, a grey jacket, and red pants. The skier is seen skiing down the mountain and performing a backflip. The skier's movements are smooth and controlled as they navigate the snowy terrain. The mountain is covered in snow, and the sky is clear and blue. The skier's shadow is visible on the snow, indicating that the sun is shining. The video captures the thrill and excitement of skiing down a mountain.",_lgjnL34lkY-Scene-0027,4,4,1
/data/home/yuanhaoc/videophy/DPO_Data/deepseek_gemini_filter/no_prompt_extension/Wan1.3B/seed_1/_vw9JbBh9H0-Scene-0084.mp4,"The video shows a group of men playing basketball in a gymnasium. The men are wearing different colored shirts, with some in blue and others in red. They are actively moving around the court, passing the ball to each other and attempting to score points by shooting the ball into the basket. The gymnasium has a blue wall with the word ""Rangers"" written on it, and there is a basketball hoop at the end of the court. The players are focused and seem to be enjoying the game.",_vw9JbBh9H0-Scene-0084,0,4,0
/data/home/yuanhaoc/videophy/DPO_Data/deepseek_gemini_filter/no_prompt_extension/Wan1.3B/seed_1/_wPSiTxlEbY-Scene-0016.mp4,"The video shows a baseball player in a grey uniform with the number 24 on his back, hitting a baseball with his bat. The player then drops the bat and starts running towards first base. The video is shot from different angles, showing the player's movements and the crowd in the background.",_wPSiTxlEbY-Scene-0016,0,4,0
/data/home/yuanhaoc/videophy/DPO_Data/deepseek_gemini_filter/no_prompt_extension/Wan1.3B/seed_1/_wUlJwJnp7A-Scene-0278.mp4,"The video shows a person using a sewing machine to stitch a black piece of fabric. The person's hands are visible, and they are guiding the fabric through the machine. The sewing machine appears to be industrial-sized, and the person is using a zipper foot to sew the zipper onto the fabric. The fabric is being fed through the machine, and the person is carefully guiding the zipper to ensure it is sewn on straight. The video is shot in close-up, focusing on the sewing process.",_wUlJwJnp7A-Scene-0278,4,4,1
/data/home/yuanhaoc/videophy/DPO_Data/deepseek_gemini_filter/no_prompt_extension/Wan1.3B/seed_1/_y64749FRbc-Scene-0045.mp4,"The video shows a close-up of a person's hand holding a balloon. The balloon is shaped like a woman's body, with a yellow head, blonde hair, and a pink bikini top. The person's hand is seen pushing down on the balloon, causing it to deflate. The balloon's shape changes as it loses air, and it eventually collapses completely.",_y64749FRbc-Scene-0045,1,3,0
/data/home/yuanhaoc/videophy/DPO_Data/deepseek_gemini_filter/no_prompt_extension/Wan1.3B/seed_1/_yeOinVAKQg-Scene-0080.mp4,"The video shows a person skiing down a snowy mountain slope. The skier is wearing a black jacket and pants, and is seen skiing down the slope with ease. The slope is surrounded by tall trees, and the sky is clear and blue. The skier is moving at a fast pace, and the snow is flying up behind them as they make their way down the slope. The skier's movements are smooth and controlled, and they appear to be enjoying the thrill of skiing down the mountain.",_yeOinVAKQg-Scene-0080,4,4,1
/data/home/yuanhaoc/videophy/DPO_Data/deepseek_gemini_filter/no_prompt_extension/Wan1.3B/seed_1/_z1YIqybrv4-Scene-0031.mp4,"The video shows a toy car track with a red and orange color scheme. The track is designed with several curves and loops, and there are two toy cars visible on the track. One car is black, and the other is red. The track is set up on a colorful rug with a geometric pattern. The video captures the movement of the cars as they navigate the track, going over the curves and through the loops. The sound of the cars moving can be heard in the background.",_z1YIqybrv4-Scene-0031,0,4,0
/data/home/yuanhaoc/videophy/DPO_Data/deepseek_gemini_filter/no_prompt_extension/Wan1.3B/seed_1/a5MmczBUHCo-Scene-0054.mp4,"In the video, a person is seen wearing a gray glove on their left hand and a red bracelet on their right wrist. They are using a knife to cut a large piece of meat that is red and white in color. The meat is placed on a white cutting board, and the person is making precise cuts to separate the meat into smaller pieces. The knife is silver and appears to be sharp as it easily cuts through the meat. The person's movements are deliberate and careful, indicating that they are experienced in handling meat.",a5MmczBUHCo-Scene-0054,4,4,1
/data/home/yuanhaoc/videophy/DPO_Data/deepseek_gemini_filter/no_prompt_extension/Wan1.3B/seed_1/aCTgHeY5-8Y-Scene-0055.mp4,"The video shows a person cooking food on a rock. The person is using a pot to cook the food, and there is a fire burning underneath the pot. The person is stirring the food with a spoon. The video is shot in a dark environment, and the only light source is the fire. The person appears to be cooking alone, and there are no other people or objects visible in the video. The video does not provide any information about the type of food being cooked or the location of the cooking.",aCTgHeY5-8Y-Scene-0055,1,4,0
/data/home/yuanhaoc/videophy/DPO_Data/deepseek_gemini_filter/no_prompt_extension/Wan1.3B/seed_1/aDX539T-n5g-Scene-0064.mp4,"In the video, there is a man standing on a stack of pool balls on a pool table. He is wearing a black shirt and gray pants. Another man is kneeling on the floor next to the pool table, holding a pool cue. The man on the pool balls is balancing himself while the other man is aiming the cue at the balls. The room has gray walls and black blinds on the windows. The pool table is green with a white border. The pool balls are multicolored and there are several of them stacked on top of each other. The man on the balls appears to be concentrating on maintaining his balance while the other man is focused on his aim.",aDX539T-n5g-Scene-0064,4,3,0
/data/home/yuanhaoc/videophy/DPO_Data/deepseek_gemini_filter/no_prompt_extension/Wan1.3B/seed_1/aEv3n44vPVQ-Scene-0005.mp4,"The video shows a mixed martial arts fight between two women in a ring. One woman is wearing a black outfit, while the other is wearing a blue outfit. They are both on the ground, with the woman in black on top of the woman in blue. The woman in black is trying to pin the woman in blue to the ground, while the woman in blue is trying to escape. The crowd is cheering in the background.",aEv3n44vPVQ-Scene-0005,1,4,0
/data/home/yuanhaoc/videophy/DPO_Data/deepseek_gemini_filter/no_prompt_extension/Wan1.3B/seed_1/aIPu1xGNbhc-Scene-0118.mp4,"The video shows a lion running through a river and attacking a buffalo. The buffalo tries to defend itself but is ultimately overpowered by the lion. The scene is set in a natural environment, possibly a wildlife reserve or national park. The lion is tawny in color, while the buffalo is dark brown. The river is wide and appears to be shallow, with a sandy bottom. The surrounding landscape includes greenery and trees, indicating a lush environment. The video captures the raw and intense interaction between the two animals, highlighting the struggle for survival in the wild.",aIPu1xGNbhc-Scene-0118,4,4,1
/data/home/yuanhaoc/videophy/DPO_Data/deepseek_gemini_filter/no_prompt_extension/Wan1.3B/seed_1/aJ1SYC9aLPY-Scene-0012.mp4,"The video shows a close-up of a person's hand using a wrench to turn a bolt on a machine. The person's hand is visible in the frame, and the wrench is being used to turn the bolt in a clockwise direction. The machine appears to be made of metal and has several gears and other mechanical components. The person's hand is steady, and the wrench is being used with precision. The background is blurred, but it seems to be an industrial or workshop setting.",aJ1SYC9aLPY-Scene-0012,4,4,1
/data/home/yuanhaoc/videophy/DPO_Data/deepseek_gemini_filter/no_prompt_extension/Wan1.3B/seed_1/aNbLSQVOwco-Scene-0076.mp4,"This video shows a close-up of a machine pouring a yellow liquid into a clear plastic cup. The machine has a metal tube attached to it, and the liquid is flowing smoothly into the cup. The background is blurred, but it appears to be a kitchen or bar setting with white and silver tones. The machine and the cup are the main focus of the video, and there is no visible text or subtitles.",aNbLSQVOwco-Scene-0076,1,5,0
/data/home/yuanhaoc/videophy/DPO_Data/deepseek_gemini_filter/no_prompt_extension/Wan1.3B/seed_1/aOcQyrZTTQ8-Scene-0025.mp4,"In the video, a person is seen cutting a piece of meat with a knife. The meat is pink in color and appears to be raw. The person is using a silver knife to cut the meat into smaller pieces. The background is blurred, but it appears to be a kitchen setting. The person's hands are visible, and they are wearing a white shirt. The video is shot from a close-up angle, focusing on the meat and the person's hands.",aOcQyrZTTQ8-Scene-0025,1,4,0
/data/home/yuanhaoc/videophy/DPO_Data/deepseek_gemini_filter/no_prompt_extension/Wan1.3B/seed_1/aSNZoKLFdio-Scene-0021.mp4,"In the video, a person is seen holding a knife in their hand. The knife has a black handle and a silver blade. The person's thumb is visible, and they are using it to push the blade out of the handle. The blade is sharp and gleaming, and the person's hand is steady as they demonstrate how to open the knife. The background is blurred, but it appears to be a table or countertop. The person's movements are deliberate and controlled, indicating that they are experienced with using the knife.",aSNZoKLFdio-Scene-0021,3,4,0
/data/home/yuanhaoc/videophy/DPO_Data/deepseek_gemini_filter/no_prompt_extension/Wan1.3B/seed_1/aV2_zUbj31w-Scene-0185.mp4,"In the video, two young girls are sitting at a table with a large piece of slime in front of them. The girl on the left is wearing a pink shirt, while the girl on the right is wearing a green shirt. Both of them have paint splatters on their clothes and hands. The girl on the right is stretching the slime with her hands, and the girl on the left is holding a piece of plastic wrap. The slime is purple and appears to be very stretchy. The girls seem to be having fun playing with the slime and each other.",aV2_zUbj31w-Scene-0185,5,4,1
/data/home/yuanhaoc/videophy/DPO_Data/deepseek_gemini_filter/no_prompt_extension/Wan1.3B/seed_1/aYdLwjqejSs-Scene-0084.mp4,"The video shows a close-up of a car's headlight. The headlight is clear and has water droplets on it. The person filming touches the headlight and moves it around to show different angles. The headlight is attached to a car, and the background shows rocks and grass.",aYdLwjqejSs-Scene-0084,1,5,0
/data/home/yuanhaoc/videophy/DPO_Data/deepseek_gemini_filter/no_prompt_extension/Wan1.3B/seed_1/aggi3EggKxA-Scene-0082.mp4,"In the video, a person is seen holding a fish in their hands. The fish has been cut in half and is lying on a rock. The person is using a knife to cut the fish further. The fish appears to be fresh, with a silver color and a shiny texture. The person's hands are visible, and they are wearing a black jacket. The background is blurred, but it seems to be an outdoor setting with rocks and possibly a body of water.",aggi3EggKxA-Scene-0082,1,4,0
/data/home/yuanhaoc/videophy/DPO_Data/deepseek_gemini_filter/no_prompt_extension/Wan1.3B/seed_1/ai6s1EcNClY-Scene-0051.mp4,"The video shows a person using a knife to cut a piece of paper. The knife is held in the person's right hand, and the paper is placed on a wooden surface. The person cuts the paper with the knife, and the paper is cut into two pieces. The knife is then shown in close-up, revealing its sharp blade and black handle. The person then uses the knife to cut the paper again, this time into smaller pieces. The video ends with the person holding the knife and the cut pieces of paper.",ai6s1EcNClY-Scene-0051,3,3,0
/data/home/yuanhaoc/videophy/DPO_Data/deepseek_gemini_filter/no_prompt_extension/Wan1.3B/seed_1/amTnNkAhWgQ-Scene-0016.mp4,"In the video, a person is seen working on a mechanical device. The device appears to be made of metal and has various components attached to it. The person is holding a black rubber hose and is unscrewing it from the device. They then proceed to unscrew a metal piece from the device as well. The person's hands are visible in the frame, and they seem to be wearing a ring on their left hand. The background is not clearly visible, but it appears to be a workshop or garage setting. The person's actions suggest that they are either repairing or assembling the device.",amTnNkAhWgQ-Scene-0016,3,4,0
/data/home/yuanhaoc/videophy/DPO_Data/deepseek_gemini_filter/no_prompt_extension/Wan1.3B/seed_1/at5QiYfIa8k-Scene-0040.mp4,"The video shows a person using a vacuum cleaner to clean a pile of dust on a beige surface. The vacuum cleaner has a black handle and a transparent dust container. The person moves the vacuum cleaner back and forth over the dust pile, which appears to be made up of fine particles. The dust is being sucked into the vacuum cleaner, and the pile gradually diminishes in size. The person's hand is visible as they hold the vacuum cleaner.",at5QiYfIa8k-Scene-0040,1,4,0
/data/home/yuanhaoc/videophy/DPO_Data/deepseek_gemini_filter/no_prompt_extension/Wan1.3B/seed_1/atank4-Q-HI-Scene-0097.mp4,"In the video, a person is seen holding a small fish in their hand. The fish appears to be lifeless and is being held over a body of water. The person then proceeds to throw the fish into the water. The video is shot in a close-up shot, focusing on the person's hand and the fish. The water is clear, and the fish is a light color with dark spots. The person's hand is visible throughout the video, and the fish is the main object of focus.",atank4-Q-HI-Scene-0097,5,5,1
/data/home/yuanhaoc/videophy/DPO_Data/deepseek_gemini_filter/no_prompt_extension/Wan1.3B/seed_1/auL1dayRhoo-Scene-0045.mp4,"The video shows a football game in progress. The players are wearing red and yellow uniforms. The quarterback throws the ball to a player who catches it and runs towards the end zone. The player is tackled by an opponent, but manages to hold onto the ball and score a touchdown. The crowd cheers as the player celebrates his successful play.",auL1dayRhoo-Scene-0045,0,4,0
/data/home/yuanhaoc/videophy/DPO_Data/deepseek_gemini_filter/no_prompt_extension/Wan1.3B/seed_1/awItNKeel-E-Scene-0062.mp4,"In the video, we see a person fishing on a boat. The person is holding a fishing rod and reel, and we can see the water in the background. The person appears to be struggling to reel in the fish, as they are pulling on the rod with both hands. The fish seems to be quite large, and the person is exerting a lot of effort to bring it in. The sky is clear, and the water is calm, indicating good weather for fishing. The person is wearing a black jacket, and we can see their feet on the boat, which are bare. The video captures the excitement and challenge of fishing, as well as the beauty of the natural surroundings.",awItNKeel-E-Scene-0062,4,4,1
/data/home/yuanhaoc/videophy/DPO_Data/deepseek_gemini_filter/no_prompt_extension/Wan1.3B/seed_1/b0KwUfKUISw-Scene-0049.mp4,"In the video, a man is seen kneeling down on the ground next to a red pole. He is wearing a blue shirt and brown pants. The man is holding a white pipe in his hands and appears to be cutting it with a tool. The ground is covered in dirt and small rocks, and there is a black boot visible in the frame. The man seems to be focused on his task, and there is no one else visible in the video.",b0KwUfKUISw-Scene-0049,1,3,0
/data/home/yuanhaoc/videophy/DPO_Data/deepseek_gemini_filter/no_prompt_extension/Wan1.3B/seed_1/b3AZlH8_8UU-Scene-0024.mp4,"In the video, a man is sitting in the driver's seat of a car, wearing an orange shirt and a helmet. He is holding a steering wheel and driving the car. There are two large white pillows on either side of him, and he is driving the car into a wall. The car is moving at a moderate speed, and the man appears to be focused on the road. The video is shot from the perspective of the back seat, and the sound of the car's engine can be heard. The man continues to drive the car into the wall, and the video ends.",b3AZlH8_8UU-Scene-0024,2,4,0
/data/home/yuanhaoc/videophy/DPO_Data/deepseek_gemini_filter/no_prompt_extension/Wan1.3B/seed_1/b6p_2sHj-oM-Scene-0016.mp4,"The video shows a baseball game in progress. The pitcher throws the ball, and the batter hits it. The ball is then caught by the first baseman, who throws it to the second baseman to get the runner out. The runner is seen running towards the base, but the second baseman catches the ball and throws it to the first baseman to get the runner out. The runner is seen walking away from the base. The video ends with the batter walking away from the plate.",b6p_2sHj-oM-Scene-0016,0,3,0
/data/home/yuanhaoc/videophy/DPO_Data/deepseek_gemini_filter/no_prompt_extension/Wan1.3B/seed_1/b7O97yuWikc-Scene-0009.mp4,"In the video, a person is seen mixing cement in a wheelbarrow. The individual is using a shovel to stir the cement, ensuring that it is well-mixed. The wheelbarrow is placed on a grassy surface, and the person is wearing a blue shirt. The cement appears to be of a thick consistency, and the person is making sure that it is evenly mixed. The video provides a close-up view of the mixing process, allowing viewers to see the texture of the cement and the movement of the shovel as it stirs the mixture.",b7O97yuWikc-Scene-0009,4,4,1
/data/home/yuanhaoc/videophy/DPO_Data/deepseek_gemini_filter/no_prompt_extension/Wan1.3B/seed_1/b8UAZz-x55U-Scene-0067.mp4,"The video shows a person's hands as they work with dough on a countertop. The person uses their fingers to pinch and fold the dough, then uses their hands to knead it. The countertop is clean and there is a rolling pin visible in the background. The person's hands are the main focus of the video, and they are shown in close-up shots. The dough is light in color and appears to be soft and pliable. The person's movements are deliberate and careful, indicating that they are experienced in working with dough.",b8UAZz-x55U-Scene-0067,1,4,0
/data/home/yuanhaoc/videophy/DPO_Data/deepseek_gemini_filter/no_prompt_extension/Wan1.3B/seed_1/bACSQElWju8-Scene-0132.mp4,"The video shows a person scuba diving underwater. The person is wearing a red shirt and black pants, and is holding a green and white object in their hand. The water is clear and blue, and there are rocks and coral visible in the background. The person is swimming near the bottom of the water, and the camera follows them as they move.",bACSQElWju8-Scene-0132,0,4,0
/data/home/yuanhaoc/videophy/DPO_Data/deepseek_gemini_filter/no_prompt_extension/Wan1.3B/seed_1/bAUrAv5ktwk-Scene-0008.mp4,"The video shows a close-up of a mixer in action, mixing a white creamy substance. The mixer has a metal bowl and a whisk attachment that is spinning rapidly, causing the substance to swirl around the bowl. The substance appears to be thick and creamy, and the mixer is creating a peak in the center of the bowl. The mixer is set on a kitchen counter, and the background is blurred, but it appears to be a typical kitchen setting.",bAUrAv5ktwk-Scene-0008,5,5,1
/data/home/yuanhaoc/videophy/DPO_Data/deepseek_gemini_filter/no_prompt_extension/Wan1.3B/seed_1/bBAuVtLzf_I-Scene-0007.mp4,"The video shows a person riding a dirt bike on a dirt track. The rider is wearing a green and white outfit and is seen riding the bike around the track, making turns and kicking up dirt. The track is surrounded by trees and there are orange ropes marking the boundaries of the track. The rider appears to be skilled and is navigating the track with ease.",bBAuVtLzf_I-Scene-0007,0,4,0
/data/home/yuanhaoc/videophy/DPO_Data/deepseek_gemini_filter/no_prompt_extension/Wan1.3B/seed_1/bDc-7iAF354-Scene-0062.mp4,"In the video, a person is seen working on a car's engine. The person is wearing black gloves and is using a tool to remove a bolt from the engine. The engine is blue and white in color, and the person is using a wrench to loosen the bolt. The person's hands are visible in the video, and they appear to be skilled at working on engines. The video provides a close-up view of the engine, allowing the viewer to see the details of the work being done.",bDc-7iAF354-Scene-0062,4,4,1
/data/home/yuanhaoc/videophy/DPO_Data/deepseek_gemini_filter/no_prompt_extension/Wan1.3B/seed_1/bHc_dG5duWs-Scene-0075.mp4,"The video shows a person driving a car down a street. The driver's hand is visible on the steering wheel, and the dashboard is lit up with various indicators. The car is moving at a moderate speed, and the driver is navigating through traffic. The surroundings include buildings, trees, and other vehicles on the road. The video captures the experience of driving in an urban environment.",bHc_dG5duWs-Scene-0075,5,4,1
/data/home/yuanhaoc/videophy/DPO_Data/deepseek_gemini_filter/no_prompt_extension/Wan1.3B/seed_1/bN_QzBh0mUY-Scene-0016.mp4,"In the video, a person is holding a white bowl in their hand. They are using a ladle to pour a yellow liquid from a pot into the bowl. The liquid appears to be a smooth, creamy consistency, and it fills the bowl gradually. The background is a kitchen counter with a stove and other kitchen items visible.",bN_QzBh0mUY-Scene-0016,1,4,0
/data/home/yuanhaoc/videophy/DPO_Data/deepseek_gemini_filter/no_prompt_extension/Wan1.3B/seed_1/bONztJCM0sc-Scene-0010.mp4,The video shows a group of girls playing lacrosse on a field. They are running around and trying to score goals. One of the girls is wearing a green uniform and is seen running with the ball. The other girls are wearing white uniforms and are trying to block her. The field is green with white lines marking the boundaries and the goals are orange. The girls are using their lacrosse sticks to catch and pass the ball.,bONztJCM0sc-Scene-0010,3,3,0
/data/home/yuanhaoc/videophy/DPO_Data/deepseek_gemini_filter/no_prompt_extension/Wan1.3B/seed_1/bOV3ZtM3T08-Scene-0018.mp4,"The video shows a football game being played on a field with a large crowd in the stands. The players are wearing helmets and uniforms, and the field is marked with white lines. The quarterback throws the ball to a receiver who catches it and runs into the end zone for a touchdown. The crowd cheers as the touchdown is scored.",bOV3ZtM3T08-Scene-0018,0,3,0
/data/home/yuanhaoc/videophy/DPO_Data/deepseek_gemini_filter/no_prompt_extension/Wan1.3B/seed_1/bPBlwa36LpQ-Scene-0016.mp4,"The video shows a soccer game in progress. The players are wearing green and white uniforms, while the opposing team is wearing red and white uniforms. The game is being played on a green field with white boundary lines. The players are running, kicking, and passing the ball to each other. The goalkeeper is wearing a red uniform and is guarding the goal. The spectators can be seen in the background, watching the game. The video captures the excitement and energy of the game, with players moving quickly and strategically to score goals.",bPBlwa36LpQ-Scene-0016,0,4,0
/data/home/yuanhaoc/videophy/DPO_Data/deepseek_gemini_filter/no_prompt_extension/Wan1.3B/seed_1/bTqkjXaaNF4-Scene-0006.mp4,"In this video, a person is seen holding a red bowl with a blue interior. The person then proceeds to shake the bowl, causing the contents to move around inside. The person then taps the bowl on the table, causing the contents to settle. The person repeats this process several times, shaking the bowl and then tapping it on the table. The video is shot from a close-up angle, focusing on the bowl and the person's hands. The person's actions are deliberate and controlled, suggesting that they are trying to mix or settle the contents of the bowl. The red color of the bowl contrasts with the blue interior, making the contents of the bowl visible. The video does not provide any context or information about what the contents of the bowl are or what the person is trying to achieve.",bTqkjXaaNF4-Scene-0006,5,4,1
/data/home/yuanhaoc/videophy/DPO_Data/deepseek_gemini_filter/no_prompt_extension/Wan1.3B/seed_1/bVU6Mms8pqc-Scene-0049.mp4,"In the video, two wrestlers are seen in a wrestling ring. One wrestler is holding the other upside down and then slams him down onto the mat. The wrestler who was slammed down is wearing black boots and the other wrestler is wearing brown boots. The wrestling ring has a black mat and there are ropes surrounding it. The background shows a crowd of people watching the match.",bVU6Mms8pqc-Scene-0049,4,3,0
/data/home/yuanhaoc/videophy/DPO_Data/deepseek_gemini_filter/no_prompt_extension/Wan1.3B/seed_1/bYmggEXG73E-Scene-0001.mp4,The video shows a white goat with brown spots on its back and head. The goat is standing on a wooden deck next to a wooden fence. It then jumps off the deck and lands on its back in the grass. The goat rolls around on its back and appears to be enjoying itself. The grass is green and the sky is blue.,bYmggEXG73E-Scene-0001,1,4,0
/data/home/yuanhaoc/videophy/DPO_Data/deepseek_gemini_filter/no_prompt_extension/Wan1.3B/seed_1/baiHe9kSa4M-Scene-0044.mp4,"In the video, there are two dogs playing with a person wearing a carrot costume. The dogs are white and brown in color and are of medium size. The person in the carrot costume is lying on the floor and the dogs are jumping on and off of them. The carrot costume is bright orange with a green stem on top. The dogs seem to be having fun and are wagging their tails. The person in the costume is also moving around, making the dogs jump and play. The background is a plain white wall and the floor is a light brown color.",baiHe9kSa4M-Scene-0044,4,3,0
/data/home/yuanhaoc/videophy/DPO_Data/deepseek_gemini_filter/no_prompt_extension/Wan1.3B/seed_1/bccEqCyT1h4-Scene-0005.mp4,"The video shows a close-up of a pot of boiling water. A person's hand is seen holding an egg above the pot and then dropping it into the water. The egg sinks to the bottom of the pot and begins to cook. The water is bubbling around the egg, indicating that it is being cooked. The person's hand is visible in the frame, and the pot appears to be on a stove. The video does not show any other objects or people.",bccEqCyT1h4-Scene-0005,1,5,0
/data/home/yuanhaoc/videophy/DPO_Data/deepseek_gemini_filter/no_prompt_extension/Wan1.3B/seed_1/bdWCnrIoJAE-Scene-0085.mp4,"The video shows a first-person view of a person using a sniper rifle to aim at a target. The target is a small object on the ground, and the person is using a scope to zoom in on it. The scope has a green circle in the center, and there are markings on the sides of the scope. The person takes a shot, and the target is hit. The video is shot in a desert-like environment with sand and rocks.",bdWCnrIoJAE-Scene-0085,3,4,0
/data/home/yuanhaoc/videophy/DPO_Data/deepseek_gemini_filter/no_prompt_extension/Wan1.3B/seed_1/bfigQ3DvIsY-Scene-0265.mp4,"The video shows a group of people having fun in a trampoline. One of the men jumps on the trampoline and does a flip, landing in a pool of water. The other people in the video are also jumping and having fun.",bfigQ3DvIsY-Scene-0265,1,3,0
/data/home/yuanhaoc/videophy/DPO_Data/deepseek_gemini_filter/no_prompt_extension/Wan1.3B/seed_1/bgqYpZtpUcc-Scene-0017.mp4,"The video shows a person mixing a bowl of food with a wooden spoon. The bowl contains shredded cheese, bacon, and chopped green onions. The person is adding more cheese to the mixture and stirring it. The mixture appears to be a creamy yellow color, and the person is wearing a white shirt.",bgqYpZtpUcc-Scene-0017,1,4,0
/data/home/yuanhaoc/videophy/DPO_Data/deepseek_gemini_filter/no_prompt_extension/Wan1.3B/seed_1/bkr-LZmp7M0-Scene-0018.mp4,"The video shows a soccer game in progress with players from two teams, one in white and the other in blue and red stripes. The players are seen running and kicking the ball on a green field with a crowd in the background. The focus is on a player in a white uniform who is dribbling the ball and evading the opposing team's players. The player in white successfully manages to get past the defenders and scores a goal. The crowd in the background can be heard cheering and applauding the goal.",bkr-LZmp7M0-Scene-0018,3,4,0
/data/home/yuanhaoc/videophy/DPO_Data/deepseek_gemini_filter/no_prompt_extension/Wan1.3B/seed_1/buzAqj6zRlM-Scene-0020.mp4,"The video begins with a view of a road from the perspective of a motorcycle rider. The sky is a beautiful orange and blue, indicating that it is either sunrise or sunset. The rider is following a black car, which is driving in the same direction. As the video progresses, the car suddenly swerves to the right, narrowly avoiding a collision with a red and yellow construction sign. The rider also swerves to avoid the sign, and the video ends with the rider continuing down the road.",buzAqj6zRlM-Scene-0020,1,4,0
/data/home/yuanhaoc/videophy/DPO_Data/deepseek_gemini_filter/no_prompt_extension/Wan1.3B/seed_1/bwb_y6dff4A-Scene-0057.mp4,"In the video, we see a man wearing a black shirt and shorts, and a woman wearing a camouflage shirt and shorts, both wearing boots, walking through a muddy area. The man is leading the way, and the woman is following him. They are both trying to navigate through the mud, which is very thick and sticky. The mud is covering their boots, and they are both struggling to move forward. The man is using his hands to push through the mud, while the woman is trying to follow his lead. The mud is a dark brown color, and there are some leaves and debris scattered around the area. The video captures the challenging and messy nature of walking through such an environment.",bwb_y6dff4A-Scene-0057,5,4,1
/data/home/yuanhaoc/videophy/DPO_Data/deepseek_gemini_filter/no_prompt_extension/Wan1.3B/seed_1/bzoDniDnTgo-Scene-0188.mp4,"The video shows a man on a sled being pulled by a team of dogs across a frozen lake. The man is wearing a hat and a coat, and the dogs are in harnesses. The background is a beautiful mountain range covered in snow. The sky is clear and blue. The sled is moving at a steady pace, and the dogs appear to be working hard.",bzoDniDnTgo-Scene-0188,0,4,0
/data/home/yuanhaoc/videophy/DPO_Data/deepseek_gemini_filter/no_prompt_extension/Wan1.3B/seed_1/c-8zl1QcryY-Scene-0012.mp4,"The video shows a person wearing gloves cutting open a durian fruit with a knife. The person is seen cutting the fruit in half and then removing the flesh from the shell. The durian is a large fruit with a spiky exterior and a creamy flesh inside. The person is carefully cutting the fruit to remove the flesh, which is a common practice when preparing durian for consumption. The video is shot in a close-up view, focusing on the person's hands and the durian fruit. The person's movements are deliberate and precise, indicating that they are experienced in handling durian. The background is not visible, but the focus is on the durian and the person's hands. The video does not contain any dialogue or sound, and there are no other objects or people visible in the frame. The lighting is bright, and the colors are natural, with the green durian contrasting against the person's gloves.",c-8zl1QcryY-Scene-0012,4,4,1
/data/home/yuanhaoc/videophy/DPO_Data/deepseek_gemini_filter/no_prompt_extension/Wan1.3B/seed_1/c04pwbo8CnI-Scene-0008.mp4,"The video shows a man driving a green tractor with a plow attachment in a field. The tractor is moving forward, and the plow is digging into the soil, turning it over. The man is wearing a white shirt and blue jeans, and he is holding onto the steering wheel of the tractor. The field appears to be vast, with trees in the background. The sky is overcast, and there is no visible sun. The tractor is the main focus of the video, and it is in the center of the frame throughout the video.",c04pwbo8CnI-Scene-0008,5,4,1
/data/home/yuanhaoc/videophy/DPO_Data/deepseek_gemini_filter/no_prompt_extension/Wan1.3B/seed_1/c1-SsQ49cRE-Scene-0370.mp4,"The video shows a brown van driving through a river. The water is moving quickly and splashing around the van. The van appears to be struggling to stay afloat, but it continues to move forward. The surroundings are not visible, but the focus is on the van and the water.",c1-SsQ49cRE-Scene-0370,0,4,0
/data/home/yuanhaoc/videophy/DPO_Data/deepseek_gemini_filter/no_prompt_extension/Wan1.3B/seed_1/cAY_EiN5hcg-Scene-0025.mp4,"The video shows a woman in a blue shirt and a man in a pink shirt in the ocean. The woman is sitting on a surfboard, while the man is standing on his. They are both waiting for a wave to ride. The water is calm, and the sky is overcast.",cAY_EiN5hcg-Scene-0025,1,5,0
/data/home/yuanhaoc/videophy/DPO_Data/deepseek_gemini_filter/no_prompt_extension/Wan1.3B/seed_1/cBvYbGiYtU0-Scene-0101.mp4,The video shows a football player throwing a ball to another player on a football field. The player who catches the ball runs forward and then throws the ball back to the other player. The other player then catches the ball and runs forward. The video captures the action of the players practicing their skills on the field.,cBvYbGiYtU0-Scene-0101,3,3,0
/data/home/yuanhaoc/videophy/DPO_Data/deepseek_gemini_filter/no_prompt_extension/Wan1.3B/seed_1/cG3n3KE7-9w-Scene-0015.mp4,The video shows a baseball player in a gray uniform running on a green field. He is wearing a black glove on his left hand and is seen diving to catch a ball. The player falls on the ground while trying to catch the ball.,cG3n3KE7-9w-Scene-0015,1,3,0
/data/home/yuanhaoc/videophy/DPO_Data/deepseek_gemini_filter/no_prompt_extension/Wan1.3B/seed_1/cJB-878J_M8-Scene-0002.mp4,"The video shows a baseball game in progress. The camera is positioned from a high angle, looking down on the field. The players are wearing baseball uniforms and are seen running around the bases. The field has a well-maintained green grass and a brown dirt infield. The players are seen throwing and catching the ball, and one player is seen sliding into a base. The video captures the excitement and energy of the game.",cJB-878J_M8-Scene-0002,4,3,0
/data/home/yuanhaoc/videophy/DPO_Data/deepseek_gemini_filter/no_prompt_extension/Wan1.3B/seed_1/cOkFm10WuL4-Scene-0022.mp4,"The video shows a soccer game being played on a field. The players are wearing different colored uniforms, and the ball is being kicked around the field. The goalie is standing in front of the goal, and the players are running around trying to score. The field is surrounded by a fence, and there are trees in the background. The players are moving quickly, and the ball is being passed between them. The goalie is trying to block the ball, but the players are trying to get past him. The video is shot from a distance, so the players are small in the frame.",cOkFm10WuL4-Scene-0022,4,3,0
/data/home/yuanhaoc/videophy/DPO_Data/deepseek_gemini_filter/no_prompt_extension/Wan1.3B/seed_1/c_avpexAI4Y-Scene-0051.mp4,"In the video, a man is standing on a golf course holding a golf club. He is wearing a white shirt, blue pants, and a white cap. He is standing next to a golf bag that has several clubs in it. The man is talking to the camera and demonstrating how to hit a golf ball. He takes a swing at the ball and hits it. The background shows a green golf course with trees and a building in the distance.",c_avpexAI4Y-Scene-0051,0,3,0
/data/home/yuanhaoc/videophy/DPO_Data/deepseek_gemini_filter/no_prompt_extension/Wan1.3B/seed_1/cdMKQBrHKdc-Scene-0082.mp4,The video shows a person swimming underwater in a coral reef. The person is holding a fish in their hand and then releases it back into the water. The fish swims away and the person continues to swim around the reef.,cdMKQBrHKdc-Scene-0082,1,4,0
/data/home/yuanhaoc/videophy/DPO_Data/deepseek_gemini_filter/no_prompt_extension/Wan1.3B/seed_1/cdO-hdTOX8c-Scene-0029.mp4,"The video shows a person climbing up a rocky mountain. The person is wearing a blue jacket and is seen climbing up the side of the mountain. The mountain is covered in rocks and has patches of green moss. The person is using their hands and feet to climb up the mountain. The video is shot from a distance, so the person appears small in the frame. The person is moving slowly and carefully as they climb up the mountain.",cdO-hdTOX8c-Scene-0029,4,4,1
/data/home/yuanhaoc/videophy/DPO_Data/deepseek_gemini_filter/no_prompt_extension/Wan1.3B/seed_1/cffx_seT3Xc-Scene-0054.mp4,"The video shows a river with white water rapids flowing through a narrow canyon. The water is a deep blue color and is moving at a high speed, creating white foam as it crashes against the rocks. The canyon walls are steep and covered with green vegetation. There are large rocks in the river, some partially submerged, creating small waterfalls and rapids. The sun is shining, and the water glistens as it moves.",cffx_seT3Xc-Scene-0054,5,5,1
/data/home/yuanhaoc/videophy/DPO_Data/deepseek_gemini_filter/no_prompt_extension/Wan1.3B/seed_1/chAmh-1NUXY-Scene-0029.mp4,"In the video, a man is seen standing in a room with a skateboard. He is wearing a black shirt and black pants. The man is holding the skateboard with his left hand and is looking down at it. He then proceeds to step onto the skateboard with his right foot and begins to ride it. The room has white walls and a wooden floor. There are no other people or objects visible in the video.",chAmh-1NUXY-Scene-0029,1,3,0
/data/home/yuanhaoc/videophy/DPO_Data/deepseek_gemini_filter/no_prompt_extension/Wan1.3B/seed_1/cjt0k1ptBoc-Scene-0037.mp4,"In the video, a man is seen holding a tire and a tire tool. He is using the tool to remove the rubber from the rim of the tire. The man is wearing a blue shirt and jeans, and he is standing on a concrete floor. The tire is black and appears to be a standard car tire. The tire tool is silver and has a handle that the man is using to pry the rubber off the rim. The video is shot in close-up, focusing on the man's hands and the tire.",cjt0k1ptBoc-Scene-0037,1,4,0
/data/home/yuanhaoc/videophy/DPO_Data/deepseek_gemini_filter/no_prompt_extension/Wan1.3B/seed_1/cnF3p-LT2sw-Scene-0044.mp4,"In the video, a man is standing behind a bar. He is wearing a hat and a red shirt. The bar has several beer taps, and the man is holding a glass in his hand. He is pouring beer from one of the taps into the glass. The man seems to be focused on his task, and the bar appears to be well-stocked with various types of beer. The lighting in the bar is dim, and there are no other people visible in the frame. The man's movements are smooth and practiced, suggesting that he is experienced in pouring beer. The glass he is using is clear, allowing the viewer to see the beer as it is being poured. The beer itself is a golden color, and it appears to be a lager or ale. Overall, the video captures a moment of everyday life at a bar, with the bartender performing his duties with skill and precision.",cnF3p-LT2sw-Scene-0044,4,4,1
/data/home/yuanhaoc/videophy/DPO_Data/deepseek_gemini_filter/no_prompt_extension/Wan1.3B/seed_1/cnz4vPsP7fU-Scene-0021.mp4,"The video shows a football game in progress. The players are wearing blue and white uniforms. The quarterback throws the ball to a player who catches it and runs towards the end zone. The player is then tackled by an opposing player. The video is shot from a distance, and the players are seen running on the field. The colors of the uniforms are vibrant, and the players are moving quickly. The video captures the excitement and intensity of the game.",cnz4vPsP7fU-Scene-0021,4,4,1
/data/home/yuanhaoc/videophy/DPO_Data/deepseek_gemini_filter/no_prompt_extension/Wan1.3B/seed_1/cyQ2arQxzkU-Scene-0031.mp4,"The video shows a soccer match in progress. The players are wearing white and blue uniforms. The ball is being passed around the field, and the players are running and trying to score a goal. The stadium is filled with spectators. The video is shot from a distance, capturing the entire field and the crowd.",cyQ2arQxzkU-Scene-0031,0,4,0
/data/home/yuanhaoc/videophy/DPO_Data/deepseek_gemini_filter/no_prompt_extension/Wan1.3B/seed_1/d1l2R1YSfvo-Scene-0048.mp4,The video shows a person riding a motorcycle on a road. The person is wearing a helmet and is riding a blue motorcycle. The road is surrounded by mountains and there are patches of snow on the ground. The person is riding at a high speed and overtakes a car. The person then loses control of the motorcycle and crashes. The video is shot from the rider's point of view.,d1l2R1YSfvo-Scene-0048,0,4,0
/data/home/yuanhaoc/videophy/DPO_Data/deepseek_gemini_filter/no_prompt_extension/Wan1.3B/seed_1/d6u0HKvr_cw-Scene-0146.mp4,The video shows a cheetah walking around in an enclosure. The cheetah is spotted and has a long tail. It is walking on a dirt ground with some grass patches. The enclosure is surrounded by a fence made of metal bars. The cheetah then picks up a ball and starts playing with it. It rolls the ball around with its paws and bites it. The cheetah is alone in the enclosure and seems to be enjoying its time playing with the ball.,d6u0HKvr_cw-Scene-0146,4,4,1
/data/home/yuanhaoc/videophy/DPO_Data/deepseek_gemini_filter/no_prompt_extension/Wan1.3B/seed_1/d6zfKzzQUh8-Scene-0036.mp4,"In the video, a person is seen playing with a piece of purple slime. The person's hands are visible, and they are using their fingers to stretch and fold the slime. The slime appears to be sticky and stretchy, and it changes shape as the person manipulates it. The background is a plain white surface, and there are no other objects or people visible in the video. The person's nails are painted green, and they seem to be enjoying playing with the slime.",d6zfKzzQUh8-Scene-0036,1,5,0
/data/home/yuanhaoc/videophy/DPO_Data/deepseek_gemini_filter/no_prompt_extension/Wan1.3B/seed_1/dAt85vf-1vc-Scene-0061.mp4,"In the video, a person is seen holding a piece of purple slime in their hands. The slime is glittery and has a shiny appearance. The person is stretching and pulling the slime, demonstrating its elasticity and texture. The background is plain and white, which contrasts with the vibrant color of the slime. The person's hands are visible, and they are wearing a yellow shirt. The slime appears to be soft and malleable, and the person is manipulating it with ease.",dAt85vf-1vc-Scene-0061,5,4,1
/data/home/yuanhaoc/videophy/DPO_Data/deepseek_gemini_filter/no_prompt_extension/Wan1.3B/seed_1/dEtEuwkO9ek-Scene-0060.mp4,"The video shows a person's hands tying a knot with a piece of rope. The rope is a light brown color, and the person is using a pair of pliers to assist in the knot-tying process. The background is a bamboo mat, which provides a contrasting texture to the smoothness of the rope. The person's hands are steady and precise as they manipulate the rope and pliers to create a secure knot. The lighting is bright, highlighting the details of the knot-tying process.",dEtEuwkO9ek-Scene-0060,1,3,0
/data/home/yuanhaoc/videophy/DPO_Data/deepseek_gemini_filter/no_prompt_extension/Wan1.3B/seed_1/dHjZ61Gu_UY-Scene-0041.mp4,"The video shows a football game in progress. A player in a red jersey is running with the ball, and a player in a white jersey is chasing him. The player in the red jersey is wearing a helmet and carrying a football. The player in the white jersey is also wearing a helmet and is attempting to tackle the player in the red jersey. The field is marked with white lines, and there are other players visible in the background. The player in the red jersey is eventually tackled by the player in the white jersey.",dHjZ61Gu_UY-Scene-0041,3,4,0
/data/home/yuanhaoc/videophy/DPO_Data/deepseek_gemini_filter/no_prompt_extension/Wan1.3B/seed_1/dIcwjfmUdLw-Scene-0008.mp4,"In the video, a person is seen mixing a white substance in a bowl. The person is using their hands to mix the substance, and then they pour water into the bowl. The person then continues to mix the substance with their hands. The video does not provide any information about the identity of the person or the purpose of the substance. The setting of the video is not clear, but it appears to be a kitchen or a similar environment. The video is shot in a close-up view, focusing on the person's hands and the bowl. The lighting is bright, and the colors in the video are predominantly white due to the substance in the bowl. There is no audio in the video, so the viewer cannot hear any sounds or conversations. The video does not contain any text or subtitles.",dIcwjfmUdLw-Scene-0008,5,4,1
/data/home/yuanhaoc/videophy/DPO_Data/deepseek_gemini_filter/no_prompt_extension/Wan1.3B/seed_1/dJR_wPirr-o-Scene-0003.mp4,"In the video, a person is seen holding a glass jar filled with red candies. The person then proceeds to pour the candies into a glass bowl that is placed on a table. The table has several other glass jars filled with candies of different colors. The candies are poured from the jar into the bowl, and the person continues to pour until the bowl is full. The candies are small and round, and they have a shiny appearance. The person's hands are visible as they hold the jar and pour the candies. The background is a plain surface, and there are no other objects or people visible in the video.",dJR_wPirr-o-Scene-0003,1,4,0
/data/home/yuanhaoc/videophy/DPO_Data/deepseek_gemini_filter/no_prompt_extension/Wan1.3B/seed_1/dJpIBEx1xFs-Scene-0020.mp4,"The video shows a close-up of a fried egg on top of a piece of toast. The egg is sunny side up with a runny yolk. A fork is used to pierce the yolk, causing it to spill out onto the toast. The toast appears to be seasoned with black pepper. The video also displays nutritional information, including 50g carbs, 27g protein, and 18g fat.",dJpIBEx1xFs-Scene-0020,4,4,1
/data/home/yuanhaoc/videophy/DPO_Data/deepseek_gemini_filter/no_prompt_extension/Wan1.3B/seed_1/dMCJ0hCB9mM-Scene-0024.mp4,"The video shows a woman wearing a blue shirt and pink shorts playing tennis. She is holding a tennis racket and is seen hitting a ball. The woman is standing on a tennis court, and there are bicycles parked in the background. She is smiling and appears to be enjoying the game.",dMCJ0hCB9mM-Scene-0024,1,2,0
/data/home/yuanhaoc/videophy/DPO_Data/deepseek_gemini_filter/no_prompt_extension/Wan1.3B/seed_1/dU4whGiVLLk-Scene-0013.mp4,"In the video, a person is seen holding a smartphone in their hands. The person is using a black cloth to clean the screen of the phone. The phone has a white front with an orange border. The person's hands are visible, and they are using their thumbs to clean the screen. The background is not clearly visible, but it appears to be a plain surface.",dU4whGiVLLk-Scene-0013,1,4,0
/data/home/yuanhaoc/videophy/DPO_Data/deepseek_gemini_filter/no_prompt_extension/Wan1.3B/seed_1/dVJe_CrvLvY-Scene-0045.mp4,"In the video, there is a man who appears to be in his 60s with a bald head and a beard. He is shirtless and is lifting a dumbbell with both hands. The man is sweating and appears to be exerting effort as he lifts the weight. The background is a plain white wall, and there are no other objects or people visible in the frame. The man's facial expression is focused and determined, and he seems to be concentrating on his form as he lifts the weight. The dumbbell is black and appears to be of moderate weight. The man's muscles are well-defined, indicating that he is likely an experienced weightlifter.",dVJe_CrvLvY-Scene-0045,5,4,1
/data/home/yuanhaoc/videophy/DPO_Data/deepseek_gemini_filter/no_prompt_extension/Wan1.3B/seed_1/dXWYv49JrrE-Scene-0036.mp4,"In the video, a large crane is seen using a metal claw to tear down a tree. The claw is attached to a hydraulic arm, and it grabs onto the tree, pulling it down with force. As the tree falls, it creates a cloud of dust and debris, which fills the air around it. The crane is positioned in a clearing, with no other trees nearby. The sky is clear, and there are no people visible in the video. The crane appears to be operated by a remote control, as there is no one visible in the video. The tree falls with a loud crash, and the dust cloud lingers for a few seconds before settling.",dXWYv49JrrE-Scene-0036,1,3,0
/data/home/yuanhaoc/videophy/DPO_Data/deepseek_gemini_filter/no_prompt_extension/Wan1.3B/seed_1/dXwlkMgSgxc-Scene-0017.mp4,"In the video, a young boy is seen working on a car that has been damaged. He is using a tool to pry open the front bumper of the car. The boy is wearing a blue shirt and shorts, and he is focused on his task. The car is blue and appears to be in a junkyard or a similar setting. There are other cars and objects visible in the background, but the boy is the main focus of the video. The tool he is using is metallic and appears to be heavy-duty, suitable for the task at hand. The boy's actions suggest that he is either repairing or salvaging parts from the car. The video does not contain any dialogue or sound, so the viewer is left to interpret the scene based on the visuals alone.",dXwlkMgSgxc-Scene-0017,4,4,1
/data/home/yuanhaoc/videophy/DPO_Data/deepseek_gemini_filter/no_prompt_extension/Wan1.3B/seed_1/d_HQ8bHtPw4-Scene-0011.mp4,"The video shows a soccer game in progress. The players are wearing white and red uniforms. The ball is being passed around the field, and the players are running and kicking the ball. The field is green with white lines marking the boundaries and center of the field. The players are actively engaged in the game, trying to score a goal.",d_HQ8bHtPw4-Scene-0011,0,3,0
/data/home/yuanhaoc/videophy/DPO_Data/deepseek_gemini_filter/no_prompt_extension/Wan1.3B/seed_1/dep7JrtCt0A-Scene-0028.mp4,"In the video, a man is standing in front of a surfboard that is propped up on a wooden stand. He is wearing a black t-shirt and is holding a level tool in his hand. The surfboard is white with a red stripe on the side. The man is using the level tool to check the balance of the surfboard. He places the tool on the board and looks at it to make sure it is level. He then adjusts the board to make sure it is perfectly balanced. The background is a plain wall with a sign that says ""SUPBOARD"" on it.",dep7JrtCt0A-Scene-0028,4,3,0
/data/home/yuanhaoc/videophy/DPO_Data/deepseek_gemini_filter/no_prompt_extension/Wan1.3B/seed_1/dfqxpxJi5Js-Scene-0012.mp4,"In the video, a person is holding a polishing machine in his hand. He is using a yellow and black polishing pad to clean a black object. The object appears to be a car wheel. The person is moving the polishing pad in circular motions to remove any dirt or scratches from the wheel. The background is blurry, but it seems to be a garage or workshop. The person's hand is steady, and he is applying even pressure to ensure a thorough cleaning. The polishing machine is making a humming sound, indicating that it is turned on and functioning properly. The video ends with the person stopping the polishing machine and holding the cleaned wheel up to the camera to show the results.",dfqxpxJi5Js-Scene-0012,4,4,1
/data/home/yuanhaoc/videophy/DPO_Data/deepseek_gemini_filter/no_prompt_extension/Wan1.3B/seed_1/dijXaqOhweI-Scene-0013.mp4,"The video shows a person holding a small, circular, metallic object with a cylindrical protrusion in the center. The person is spinning the object with their fingers, causing it to rotate. The object appears to be made of a shiny, silver-colored metal and has a smooth surface. The person's fingers are visible as they manipulate the object, and the background is blurred, making it difficult to discern any additional details.",dijXaqOhweI-Scene-0013,1,4,0
/data/home/yuanhaoc/videophy/DPO_Data/deepseek_gemini_filter/no_prompt_extension/Wan1.3B/seed_1/dkVML1s2O1M-Scene-0009.mp4,"The video shows a soccer game being played on a field. The players are wearing white and blue uniforms. One player in a white uniform is seen kicking the ball towards the goal. The goalkeeper, wearing a yellow uniform, tries to block the ball but fails. The ball goes into the goal, and the player who scored the goal is seen running towards the camera with her arms raised in celebration.",dkVML1s2O1M-Scene-0009,0,3,0
/data/home/yuanhaoc/videophy/DPO_Data/deepseek_gemini_filter/no_prompt_extension/Wan1.3B/seed_1/dnoFjf8_Sqo-Scene-0008.mp4,"In the video, a man is standing on the back of a red truck, holding onto the side of it. He is wearing a blue tank top and a white hat. The truck is parked on a dirt road, and there are several buildings and trees in the background. The man is pouring a large amount of grain from a yellow chute into the back of the truck. The grain is flowing down in a steady stream, and the truck is slowly filling up. The man appears to be focused on his task, and there is no one else visible in the video.",dnoFjf8_Sqo-Scene-0008,4,4,1
/data/home/yuanhaoc/videophy/DPO_Data/deepseek_gemini_filter/no_prompt_extension/Wan1.3B/seed_1/docSHTCasvQ-Scene-0044.mp4,"In the video, a green tractor is seen moving through a field of tall green grass. The tractor is equipped with a large cutting mechanism at the front, which is actively cutting down the grass as the tractor moves forward. The sky is clear and blue, indicating a sunny day. The field appears to be vast and open, with no other objects or people visible in the frame. The tractor is moving at a steady pace, and the grass is being cut evenly as the tractor progresses.",docSHTCasvQ-Scene-0044,4,5,1
/data/home/yuanhaoc/videophy/DPO_Data/deepseek_gemini_filter/no_prompt_extension/Wan1.3B/seed_1/dpyAFyRQwB8-Scene-0008.mp4,"In the video, a person is seen using a shovel to dig a hole in the ground. The person is wearing a black hat and a black jacket, and is also wearing brown pants and blue shoes with yellow laces. The ground is covered in grass and leaves, and there is a black object lying on the ground next to the hole. The person is using the shovel to remove the dirt from the hole, and the action is repeated several times throughout the video.",dpyAFyRQwB8-Scene-0008,1,4,0
/data/home/yuanhaoc/videophy/DPO_Data/deepseek_gemini_filter/no_prompt_extension/Wan1.3B/seed_1/dpzBJVziUiU-Scene-0113.mp4,"In the video, a person is seen holding a fishing rod and reel while sitting in a boat on a lake. The person is wearing a gray sweater and is holding the fishing rod in their left hand and the reel in their right hand. The fishing rod is bent, indicating that a fish has been caught. The person is reeling in the fish, and the fish can be seen struggling on the line. The boat is pink and white, and the water is calm. The sky is overcast, and there are trees visible in the background.",dpzBJVziUiU-Scene-0113,5,4,1
/data/home/yuanhaoc/videophy/DPO_Data/deepseek_gemini_filter/no_prompt_extension/Wan1.3B/seed_1/drvTVbfaSvA-Scene-0051.mp4,"The video shows a person surfing on a large wave in the ocean. The surfer is wearing a black wetsuit and is riding a yellow surfboard. The wave is very large and the surfer is seen riding along the face of the wave, moving back and forth to maintain balance. The water is a deep blue color and the sky is overcast. There are no other surfers or objects in the water visible in the video.",drvTVbfaSvA-Scene-0051,0,4,0
/data/home/yuanhaoc/videophy/DPO_Data/deepseek_gemini_filter/no_prompt_extension/Wan1.3B/seed_1/dsapP89l3gY-Scene-0061.mp4,The video shows a horse running in a field and then jumping into a barn.,dsapP89l3gY-Scene-0061,1,4,0
/data/home/yuanhaoc/videophy/DPO_Data/deepseek_gemini_filter/no_prompt_extension/Wan1.3B/seed_1/dt8dMvmkLEU-Scene-0042.mp4,"In the video, a person is seen cooking a dish in a pot on a stove. The pot contains a mixture of vegetables and other ingredients, and the person is adding rice to the pot. The person uses a spoon to stir the mixture in the pot, ensuring that the rice is evenly distributed throughout the dish. The colors of the vegetables are vibrant, and the rice appears to be white and fluffy. The person's movements are deliberate and careful, indicating that they are experienced in cooking. The overall atmosphere of the video is warm and inviting, with the sizzling sound of the cooking process adding to the sensory experience.",dt8dMvmkLEU-Scene-0042,5,5,1
/data/home/yuanhaoc/videophy/DPO_Data/deepseek_gemini_filter/no_prompt_extension/Wan1.3B/seed_1/dukmvBZg5Nw-Scene-0184.mp4,"The video shows a close-up of a pizza with a knife cutting through it. The pizza has a golden crust and is covered in melted cheese, with black olives scattered on top. The knife is silver and appears to be cutting through the pizza with ease. The pizza is placed on a wooden surface, and the background is blurred, focusing the viewer's attention on the pizza and the cutting action.",dukmvBZg5Nw-Scene-0184,4,3,0
/data/home/yuanhaoc/videophy/DPO_Data/deepseek_gemini_filter/no_prompt_extension/Wan1.3B/seed_1/dvXQBLMnJ6M-Scene-0009.mp4,The video shows a person's hands using a knife to peel a potato. The person is holding the potato with one hand and using the knife with the other hand to remove the skin. The potato is yellow and the knife is white. The person is peeling the potato over a wooden cutting board.,dvXQBLMnJ6M-Scene-0009,1,4,0
/data/home/yuanhaoc/videophy/DPO_Data/deepseek_gemini_filter/no_prompt_extension/Wan1.3B/seed_1/e2WiQR-qOzM-Scene-0052.mp4,"The video shows a man standing underneath a car, looking up at the underside of the vehicle. He appears to be inspecting the car's exhaust system. The man is wearing a black shirt and has a mustache. The car is elevated off the ground, possibly on a lift, and the man is looking up at the exhaust pipes. The exhaust pipes are black and appear to be in good condition. The man seems to be checking the condition of the exhaust system, possibly for any signs of damage or wear.",e2WiQR-qOzM-Scene-0052,5,4,1
/data/home/yuanhaoc/videophy/DPO_Data/deepseek_gemini_filter/no_prompt_extension/Wan1.3B/seed_1/e3z4RxgXo9U-Scene-0014.mp4,"The video shows a person holding a spoon and stirring a yellow liquid in a glass bowl. The person then places the spoon on the side of the bowl and continues to stir the liquid with their hand. The liquid appears to be a thick, creamy consistency. The bowl is placed on a black surface, and there is a white object in the background. The person's hand is visible as they stir the liquid.",e3z4RxgXo9U-Scene-0014,1,5,0
/data/home/yuanhaoc/videophy/DPO_Data/deepseek_gemini_filter/no_prompt_extension/Wan1.3B/seed_1/e66K09Byo2U-Scene-0020.mp4,"The video shows a surfer riding a wave in the ocean. The surfer is wearing a black wetsuit and is standing on a white surfboard. The wave is large and powerful, with white foam and spray. The surfer skillfully maneuvers the board, carving turns and maintaining balance as the wave crashes around him. The sky is overcast, and the water is a deep blue-green color.",e66K09Byo2U-Scene-0020,5,4,1
/data/home/yuanhaoc/videophy/DPO_Data/deepseek_gemini_filter/no_prompt_extension/Wan1.3B/seed_1/eAs53BsucPo-Scene-0003.mp4,"The video shows a soccer game in progress. The players are running around the field, trying to score a goal. The field is green and the players are wearing different colored uniforms. The ball is being passed around and the players are trying to get it into the goal. The game is intense and the players are putting in a lot of effort to win.",eAs53BsucPo-Scene-0003,1,3,0
/data/home/yuanhaoc/videophy/DPO_Data/deepseek_gemini_filter/no_prompt_extension/Wan1.3B/seed_1/eDC40XEGZYg-Scene-0039.mp4,The video shows a person's hands as they knead dough on a floured surface. The person then uses a round cutter to cut out circles of dough.,eDC40XEGZYg-Scene-0039,1,3,0
/data/home/yuanhaoc/videophy/DPO_Data/deepseek_gemini_filter/no_prompt_extension/Wan1.3B/seed_1/eDgQw9BHizA-Scene-0007.mp4,"The video shows a close-up of a person cutting a piece of raw chicken on a wooden cutting board. The person uses a knife to slice the chicken into thin strips. The chicken is pinkish in color, and the knife is silver. The cutting board is light brown with visible wood grains. The person's hand is visible, holding the chicken in place while cutting.",eDgQw9BHizA-Scene-0007,4,4,1
/data/home/yuanhaoc/videophy/DPO_Data/deepseek_gemini_filter/no_prompt_extension/Wan1.3B/seed_1/eE45fALBnAg-Scene-0009.mp4,"In the video, a person is seen holding a pink phone case in their hands. The person is stretching the case, bending it, and twisting it to show its flexibility. The case appears to be made of a soft, pliable material that can be easily manipulated. The person's hands are visible throughout the video, and they are using their fingers to stretch and bend the case. The background is a solid color, providing a clear view of the case and the person's actions.",eE45fALBnAg-Scene-0009,1,4,0
/data/home/yuanhaoc/videophy/DPO_Data/deepseek_gemini_filter/no_prompt_extension/Wan1.3B/seed_1/eE87AzFl8tw-Scene-0030.mp4,"In the video, a small monkey is seen hanging from a rope. The monkey is wearing a diaper and is holding onto the rope with both hands. The monkey appears to be swinging back and forth, and at one point, it looks directly at the camera. The background consists of trees and foliage, indicating that the scene is likely taking place in a forest or jungle setting. The monkey's fur is a mix of brown and orange, and it has a small, pointed face with dark eyes. The rope is black and appears to be made of a sturdy material. The monkey seems to be enjoying itself as it swings and moves around.",eE87AzFl8tw-Scene-0030,4,5,1
/data/home/yuanhaoc/videophy/DPO_Data/deepseek_gemini_filter/no_prompt_extension/Wan1.3B/seed_1/eELIERGj-aE-Scene-0018.mp4,"The video shows a basketball game being played in a stadium. The players are wearing blue and white uniforms. The ball is being dribbled by a player in a blue uniform, and he is being guarded by a player in a white uniform. The player in the blue uniform then passes the ball to a teammate who is also in a blue uniform. The teammate then takes a shot at the basket, and the ball goes in. The crowd can be heard cheering in the background.",eELIERGj-aE-Scene-0018,0,3,0
/data/home/yuanhaoc/videophy/DPO_Data/deepseek_gemini_filter/no_prompt_extension/Wan1.3B/seed_1/eEaZvEZye84-Scene-0180.mp4,"In the video, two kangaroos are seen fighting each other in a forest. The kangaroos are standing on their hind legs and using their front paws to hit each other. The forest in the background is lush and green, with tall trees and bushes. The kangaroos are brown in color, with powerful hind legs and long tails. The fight seems intense as the kangaroos push and shove each other, trying to gain the upper hand. The video captures the raw and wild nature of these animals in their natural habitat.",eEaZvEZye84-Scene-0180,4,4,1
/data/home/yuanhaoc/videophy/DPO_Data/deepseek_gemini_filter/no_prompt_extension/Wan1.3B/seed_1/eEgFU9Pg-Uc-Scene-0061.mp4,The video shows a football game being played on a field with players in red and yellow uniforms. The quarterback throws the ball to a player who catches it and runs towards the end zone. The player is tackled by a player from the opposing team.,eEgFU9Pg-Uc-Scene-0061,1,3,0
/data/home/yuanhaoc/videophy/DPO_Data/deepseek_gemini_filter/no_prompt_extension/Wan1.3B/seed_1/eJVNN7cBAik-Scene-0028.mp4,"The video shows a close-up of a sandwich on a white plate. The sandwich has a golden brown toasted exterior and appears to be filled with ham and cheese. A hand enters the frame and begins to press down on the sandwich, causing the cheese to ooze out from the sides. The hand continues to press down on the sandwich, causing more cheese to ooze out. The hand then lifts up, revealing the melted cheese stretching between the sandwich and the hand. The video ends with the hand retracting from the sandwich.",eJVNN7cBAik-Scene-0028,3,4,0
/data/home/yuanhaoc/videophy/DPO_Data/deepseek_gemini_filter/no_prompt_extension/Wan1.3B/seed_1/eJrzj06FIYg-Scene-0101.mp4,"In the video, a man is standing on a red carpeted stage. He is dressed in all black, including a black hat, and is juggling three white balls. The background is dark with a few small lights that resemble stars. The man is focused on his juggling, and the balls are in constant motion.",eJrzj06FIYg-Scene-0101,1,3,0
/data/home/yuanhaoc/videophy/DPO_Data/deepseek_gemini_filter/no_prompt_extension/Wan1.3B/seed_1/eKBLfnhezC0-Scene-0006.mp4,"In the video, a man is seen using a clamp to secure a piece of wood. He places the clamp on the wood and tightens it to hold it in place. The clamp is yellow and black in color, and the wood is a light brown color. The man's hands are visible, and he is wearing a black shirt. The background is blurred, but it appears to be a workshop or garage setting.",eKBLfnhezC0-Scene-0006,4,3,0
/data/home/yuanhaoc/videophy/DPO_Data/deepseek_gemini_filter/no_prompt_extension/Wan1.3B/seed_1/eKNp-ddPGMw-Scene-0082.mp4,"The video shows a woman in a gym lying on a bench and lifting a barbell with weights on it. She is wearing a black and white striped shirt and black leggings. The barbell is black and has multiple weights on it. There are two people standing next to her, one on each side, wearing white shirts. The gym has blue flooring and various pieces of exercise equipment in the background.",eKNp-ddPGMw-Scene-0082,1,4,0
/data/home/yuanhaoc/videophy/DPO_Data/deepseek_gemini_filter/no_prompt_extension/Wan1.3B/seed_1/eMOkXkw5TKc-Scene-0024.mp4,"The video shows a single jellyfish swimming in the water. The jellyfish is translucent and has a bell-shaped body with tentacles hanging from it. The water is dark, and the jellyfish is the only visible object in the frame. The jellyfish moves slowly and gracefully, pulsating its bell to propel itself through the water. There is no visible title, subtitle, or informative text in the video.",eMOkXkw5TKc-Scene-0024,5,5,1
/data/home/yuanhaoc/videophy/DPO_Data/deepseek_gemini_filter/no_prompt_extension/Wan1.3B/seed_1/eN7sm1vbsaM-Scene-0065.mp4,"In the video, a young boy is playing with a toy bulldozer on the sand. The bulldozer is yellow in color and has black tracks. The boy is seen pushing the bulldozer forward and then lifting the front end of the bulldozer with his hand. He then pushes the bulldozer backward and repeats the process of lifting the front end. The boy seems to be enjoying himself as he plays with the toy bulldozer.",eN7sm1vbsaM-Scene-0065,4,4,1
/data/home/yuanhaoc/videophy/DPO_Data/deepseek_gemini_filter/no_prompt_extension/Wan1.3B/seed_1/ePL6RAIa7kM-Scene-0010.mp4,"The video shows a person using an electric mixer to whip a white creamy mixture in a clear glass bowl. The person's hand is visible holding the mixer, and the mixture is being whipped at a high speed, creating peaks and bubbles. The bowl is placed on a wooden surface, and the mixer is plugged into an electrical outlet. The person's other hand is occasionally seen adjusting the mixer or the bowl.",ePL6RAIa7kM-Scene-0010,1,4,0
/data/home/yuanhaoc/videophy/DPO_Data/deepseek_gemini_filter/no_prompt_extension/Wan1.3B/seed_1/eQwwkEWR8tc-Scene-0022.mp4,"In the video, a woman is seen riding a horse in an indoor arena. The horse is black and the woman is wearing a pink shirt. They are jumping over a series of obstacles, which are white and red in color. The arena is covered with sand and there are trees visible outside the arena. The woman appears to be skilled in horse riding as she guides the horse over each jump with ease. The horse is well-trained and jumps over the obstacles with precision. The video captures the grace and athleticism of both the horse and the rider as they navigate the course.",eQwwkEWR8tc-Scene-0022,4,4,1
/data/home/yuanhaoc/videophy/DPO_Data/deepseek_gemini_filter/no_prompt_extension/Wan1.3B/seed_1/eYXXKXISy5s-Scene-0006.mp4,"The video shows a person's hand placing a small white Lego piece onto a larger Lego structure. The structure has a brown base and two white pillars on either side, with a blue Lego piece in between them. The hand places the small white piece onto the blue piece, and then removes it, repeating the action several times.",eYXXKXISy5s-Scene-0006,1,4,0
/data/home/yuanhaoc/videophy/DPO_Data/deepseek_gemini_filter/no_prompt_extension/Wan1.3B/seed_1/eac8VxGRvwQ-Scene-0015.mp4,"In the video, a man is seen working on a computer. He is wearing a blue shirt and is standing in front of a desk. The man is using a screwdriver to remove the side panel of the computer case. He then proceeds to remove the motherboard and other components from the case. The man is very careful and precise in his movements, indicating that he is experienced in working with computers. The video is shot in a well-lit room, and the man's actions are clearly visible. The computer case is black, and the motherboard is silver. The man's movements are smooth and efficient, suggesting that he is familiar with the process of disassembling a computer.",eac8VxGRvwQ-Scene-0015,4,4,1
/data/home/yuanhaoc/videophy/DPO_Data/deepseek_gemini_filter/no_prompt_extension/Wan1.3B/seed_1/edfokGer_VA-Scene-0023.mp4,"In the video, we see a close-up of a tree trunk with two wasps on it. The wasps are yellow and black and are moving around on the trunk. A person is using a pair of tweezers to pick up one of the wasps and move it away from the trunk. The background is blurred, but we can see some greenery, indicating that the tree is likely outdoors. The wasps appear to be agitated by the person's actions, as they move quickly and erratically. The person's hand is steady as they use the tweezers to carefully pick up the wasp and move it to a different location.",edfokGer_VA-Scene-0023,1,3,0
/data/home/yuanhaoc/videophy/DPO_Data/deepseek_gemini_filter/no_prompt_extension/Wan1.3B/seed_1/efeLtPSU9Gs-Scene-0122.mp4,"In the video, a woman is performing a gymnastics routine on a balance beam. She is wearing a blue leotard and has her hair pulled back in a bun. The balance beam is white and positioned in a gym with white walls and a red mat on the floor. The woman starts by standing on the beam, then performs a series of flips and twists, showcasing her agility and balance. She finishes her routine by jumping off the beam and raising her arms in the air.",efeLtPSU9Gs-Scene-0122,1,3,0
/data/home/yuanhaoc/videophy/DPO_Data/deepseek_gemini_filter/no_prompt_extension/Wan1.3B/seed_1/egu-2I9eoHM-Scene-0061.mp4,"In the video, a young boy is seen standing next to a car. He is wearing a black jacket with green stripes on the sleeves. The boy is holding a black object in his hand, which he uses to hit the car's window. The car is silver in color and is parked on the side of the road. The boy hits the window several times, and the glass cracks with each hit. The boy continues to hit the window until it shatters completely. The video ends with the boy looking at the broken window.",egu-2I9eoHM-Scene-0061,3,3,0
/data/home/yuanhaoc/videophy/DPO_Data/deepseek_gemini_filter/no_prompt_extension/Wan1.3B/seed_1/ei_g8mgy6_A-Scene-0095.mp4,"The video shows a close-up of a person's hands using a tool to adjust a bicycle. The tool appears to be a wrench or similar device, and the person is using it to turn a bolt or nut on the bicycle. The bicycle has a silver frame, and the tool is silver as well. The person's hands are visible, but their face is not shown. The background is blurred, but it appears to be an indoor setting.",ei_g8mgy6_A-Scene-0095,1,4,0
/data/home/yuanhaoc/videophy/DPO_Data/deepseek_gemini_filter/no_prompt_extension/Wan1.3B/seed_1/eofWHlOwd40-Scene-0003.mp4,"The video shows a soccer game in progress. The players are wearing blue and white uniforms. The ball is being passed around the field by the players. The game is being played on a green field with white lines marking the boundaries. The players are running and kicking the ball, trying to score a goal. The goalkeeper is wearing a different colored uniform and is guarding the goal. The stands are filled with spectators watching the game. The video is shot from a distance, capturing the entire field and the players' movements.",eofWHlOwd40-Scene-0003,4,3,0
/data/home/yuanhaoc/videophy/DPO_Data/deepseek_gemini_filter/no_prompt_extension/Wan1.3B/seed_1/eqySiylrzJk-Scene-0015.mp4,"In the video, a man is standing in a forest with a knife in his hand. He is wearing a green jacket and is holding a piece of wood in his other hand. He is looking at the knife and then at the wood, and then he throws the knife at the wood. The knife hits the wood and sticks into it. The man then looks at the knife and smiles.",eqySiylrzJk-Scene-0015,2,3,0
/data/home/yuanhaoc/videophy/DPO_Data/deepseek_gemini_filter/no_prompt_extension/Wan1.3B/seed_1/erfjwusC5-s-Scene-0054.mp4,"The video shows a person paddling a kayak on a river. The kayak is green and white, and the person is holding a camera on a stick in front of them to film the journey. The water is calm, and there are trees and buildings visible in the background. The sky is overcast, and the person is wearing a white shirt.",erfjwusC5-s-Scene-0054,1,4,0
/data/home/yuanhaoc/videophy/DPO_Data/deepseek_gemini_filter/no_prompt_extension/Wan1.3B/seed_1/exXKYBxRYjg-Scene-0051.mp4,"In the video, a person is seen holding a glass jar with a red substance inside it. The person is wearing a white shirt with a pattern of circles and dots. The jar is placed on a table covered with a yellow cloth. The person then picks up a yellow cloth and uses it to wipe the red substance off the jar. The person's nails are painted white.",exXKYBxRYjg-Scene-0051,1,4,0
/data/home/yuanhaoc/videophy/DPO_Data/deepseek_gemini_filter/no_prompt_extension/Wan1.3B/seed_1/f13lAeJPy0c-Scene-0009.mp4,"The video shows a person using a peeler to peel an apple. The person is holding the apple in one hand and the peeler in the other hand. They are peeling the apple in a circular motion, starting from the top and moving downwards. The apple is green in color and appears to be fresh. The peeler is black and has a sharp blade. The person's hands are visible, and they seem to be experienced in using the peeler. The background is blurred, but it appears to be a kitchen setting.",f13lAeJPy0c-Scene-0009,4,3,0
/data/home/yuanhaoc/videophy/DPO_Data/deepseek_gemini_filter/no_prompt_extension/Wan1.3B/seed_1/f2JRzxODc0s-Scene-0010.mp4,"In the video, a person is seen cutting an apple on a wooden cutting board. The apple is red and appears to be a Granny Smith variety. The person uses a large chef's knife to cut the apple into thin slices. The cutting board is placed on a wooden table, and the person's hands are visible as they hold the apple and knife. The lighting in the video is bright, and the focus is on the apple and the person's hands.",f2JRzxODc0s-Scene-0010,1,4,0
/data/home/yuanhaoc/videophy/DPO_Data/deepseek_gemini_filter/no_prompt_extension/Wan1.3B/seed_1/f4RV4WLZPfQ-Scene-0003.mp4,"In the video, a soldier is seen lying on the ground, holding a machine gun. The soldier is wearing a helmet and a bulletproof vest. The gun is mounted on a tripod, and the soldier is firing it. The background is a sandy area with a military vehicle visible. The soldier is shooting in the direction of the camera, and the gunfire is intense, with bullets flying everywhere. The video is shot in slow motion, emphasizing the action and the sound of the gunfire.",f4RV4WLZPfQ-Scene-0003,3,3,0
/data/home/yuanhaoc/videophy/DPO_Data/deepseek_gemini_filter/no_prompt_extension/Wan1.3B/seed_1/f4vhZLTzWpM-Scene-0021.mp4,"The video shows a basketball game in progress. The players are wearing white and black jerseys. The ball is being passed around the court, and a player in a white jersey makes a shot. The scoreboard is visible in the background, and the crowd is cheering.",f4vhZLTzWpM-Scene-0021,1,3,0
/data/home/yuanhaoc/videophy/DPO_Data/deepseek_gemini_filter/no_prompt_extension/Wan1.3B/seed_1/fBAE2H2dNwk-Scene-0077.mp4,"The video shows a close-up of a large pot filled with a thick, orange-colored sauce. A person is using a ladle to stir the sauce, which appears to be a curry or stew. The sauce has chunks of meat and vegetables in it, and the person stirs it in a circular motion. The pot is placed on a stove or heat source, and the sauce is bubbling slightly, indicating that it is being cooked. The person's hand is visible, but their body or face is not shown in the video. The sound of the ladle scraping against the pot can be heard, and there is no visible text or subtitles in the video.",fBAE2H2dNwk-Scene-0077,5,5,1
/data/home/yuanhaoc/videophy/DPO_Data/deepseek_gemini_filter/no_prompt_extension/Wan1.3B/seed_1/fCfTc3rYHEY-Scene-0127.mp4,"The video shows a gorilla standing in a room. The gorilla is holding a metal chair and appears to be angry. The gorilla then throws the chair at a window, breaking it. The room is dimly lit, and the gorilla's movements are aggressive and forceful. The chair is silver and appears to be made of metal. The window is rectangular and is located on a wall opposite the gorilla. The gorilla's fur is dark and appears to be wet.",fCfTc3rYHEY-Scene-0127,3,3,0
/data/home/yuanhaoc/videophy/DPO_Data/deepseek_gemini_filter/no_prompt_extension/Wan1.3B/seed_1/fHlc_G6R8MM-Scene-0054.mp4,"In the video, a girl is seen riding a black horse in an indoor arena. The girl is wearing a red shirt and a black helmet for safety. The horse is walking around the arena, and the girl is holding the reins and guiding the horse. The arena has wooden walls and a sandy floor. There are no other people or animals visible in the video. The girl appears to be practicing her riding skills and controlling the horse's movements.",fHlc_G6R8MM-Scene-0054,0,5,0
/data/home/yuanhaoc/videophy/DPO_Data/deepseek_gemini_filter/no_prompt_extension/Wan1.3B/seed_1/fICNiFtbss0-Scene-0094.mp4,"In the video, a person is seen assembling a toy car. The person is holding a black and yellow wheel and is placing it onto the axle of the car. The wheel has four holes and the person is using a small metal tool to push the wheel onto the axle. The person's hands are visible, and they are wearing a gold ring on their left hand. The background is white, and there are other toy car parts scattered around the person.",fICNiFtbss0-Scene-0094,4,4,1
/data/home/yuanhaoc/videophy/DPO_Data/deepseek_gemini_filter/no_prompt_extension/Wan1.3B/seed_1/fJeFoi6zztA-Scene-0059.mp4,"In the video, a person is seen pushing a shopping cart filled with various grocery items. The cart contains items such as milk, oatmeal, crackers, and other packaged foods. The person is wearing a black skirt and has a red bag on their shoulder. The cart is moving through a store aisle, and the person is pushing it with one hand.",fJeFoi6zztA-Scene-0059,1,5,0
/data/home/yuanhaoc/videophy/DPO_Data/deepseek_gemini_filter/no_prompt_extension/Wan1.3B/seed_1/fKjg-vq_dq4-Scene-0005.mp4,"The video shows a football game in progress. The players are wearing white and yellow uniforms. The quarterback throws the ball to a player who catches it and runs towards the end zone. The player is tackled by the opposing team's players. The referee is seen running towards the players to make a call. The video is shot from the sidelines, providing a clear view of the action on the field.",fKjg-vq_dq4-Scene-0005,1,3,0
/data/home/yuanhaoc/videophy/DPO_Data/deepseek_gemini_filter/no_prompt_extension/Wan1.3B/seed_1/fMl2V2xbIks-Scene-0025.mp4,"The video shows a basketball game between the New York Knicks and the Houston Rockets. The scoreboard shows that the Knicks are leading with a score of 43 to 41 in the second quarter. The game is being played in a stadium with a large crowd watching. The players are wearing their respective team uniforms, with the Knicks in blue and the Rockets in white. The game is in progress, with the Knicks in possession of the ball. The players are moving around the court, with the Knicks attempting to score while the Rockets are trying to defend. The video captures the intensity and excitement of the game, with the players' movements and the crowd's reactions.",fMl2V2xbIks-Scene-0025,4,3,0
/data/home/yuanhaoc/videophy/DPO_Data/deepseek_gemini_filter/no_prompt_extension/Wan1.3B/seed_1/fOOCHhTQLGM-Scene-0007.mp4,The video shows a person wearing a blue shirt and black shorts with a light blue stripe on the side. The person is bending over and appears to be picking up a yellow kettlebell. The kettlebell is on the floor and has the number 10 on it. The person is wearing white shoes with black stripes. The background is a plain white wall.,fOOCHhTQLGM-Scene-0007,1,4,0
/data/home/yuanhaoc/videophy/DPO_Data/deepseek_gemini_filter/no_prompt_extension/Wan1.3B/seed_1/fXUsRLAnKh0-Scene-0145.mp4,"The video shows a large blue octopus swimming in the ocean. The octopus has eight tentacles, and it moves gracefully through the water. The ocean floor is visible in the background, with rocks and coral. The octopus's skin is smooth and shiny, and it appears to be healthy. The water is clear, and the light from the sun is shining through, creating a beautiful underwater scene.",fXUsRLAnKh0-Scene-0145,5,5,1
/data/home/yuanhaoc/videophy/DPO_Data/deepseek_gemini_filter/no_prompt_extension/Wan1.3B/seed_1/fXYIslgn7LA-Scene-0022.mp4,"The video features a man in a car, who is demonstrating how to install a metal barrier. He is seen attaching the barrier to the back of the front seats, using a tool to secure it in place. The man is wearing a black shirt and red shorts. The car appears to be parked in a driveway with trees visible in the background. The metal barrier is black and has a grid-like pattern. The man's actions are deliberate and precise as he ensures the barrier is securely attached.",fXYIslgn7LA-Scene-0022,4,4,1
/data/home/yuanhaoc/videophy/DPO_Data/deepseek_gemini_filter/no_prompt_extension/Wan1.3B/seed_1/fZMawINwtJg-Scene-0119.mp4,"The video shows a ski lift with several chairs moving up and down the slope. The chairs are attached to a cable that is supported by a series of poles. The lift is surrounded by snow-covered ground and trees. The sky is clear and blue, and the sun is shining brightly.",fZMawINwtJg-Scene-0119,0,5,0
/data/home/yuanhaoc/videophy/DPO_Data/deepseek_gemini_filter/no_prompt_extension/Wan1.3B/seed_1/fZuk-TaECZo-Scene-0069.mp4,"The video features a young man playing tennis. He is dressed in a black shirt and black shorts. The man is holding a tennis racket and is seen hitting a tennis ball. The background is a solid green color, and there is a sign that reads \""Court #3\"". The man appears to be focused and determined as he plays.",fZuk-TaECZo-Scene-0069,1,3,0
/data/home/yuanhaoc/videophy/DPO_Data/deepseek_gemini_filter/no_prompt_extension/Wan1.3B/seed_1/fbnp58VklbM-Scene-0041.mp4,"The video shows a soccer game being played on a field. The players are wearing different colored uniforms, with one team in light blue and the other in black. The ball is being passed around the field, and the players are running and kicking it. The stadium is filled with spectators, and there are advertisements on the sidelines. The video captures the action from different angles, showing the players' movements and the ball's trajectory.",fbnp58VklbM-Scene-0041,4,3,0
/data/home/yuanhaoc/videophy/DPO_Data/deepseek_gemini_filter/no_prompt_extension/Wan1.3B/seed_1/fcypptnzZkc-Scene-0121.mp4,"The video shows a roller coaster ride in an amusement park. The ride is moving at a high speed, and the camera captures the thrill of the ride. The roller coaster is surrounded by trees and mountains, and the sky is clear with the sun shining brightly. The ride is smooth, and the passengers seem to be enjoying the experience. The video is shot from a distance, and the roller coaster is the main focus of the video.",fcypptnzZkc-Scene-0121,5,4,1
/data/home/yuanhaoc/videophy/DPO_Data/deepseek_gemini_filter/no_prompt_extension/Wan1.3B/seed_1/feOWGC329ic-Scene-0020.mp4,"The video shows a man working on a piece of machinery. He is using a wrench to turn a bolt on the machine. The machine is yellow and appears to be old and worn out. The man is wearing a white shirt and is standing in a workshop. The video is shot from a close-up angle, focusing on the man's hands and the machine.",feOWGC329ic-Scene-0020,1,4,0
/data/home/yuanhaoc/videophy/DPO_Data/deepseek_gemini_filter/no_prompt_extension/Wan1.3B/seed_1/fhH8e4-fM0I-Scene-0052.mp4,"The video shows a group of people riding in bumper cars at an amusement park. The cars are brightly colored and are driving around a track. The people in the cars are having a good time, laughing and bumping into each other. The track is surrounded by a fence, and there are spectators watching from the outside. The sky is clear and blue, indicating that it is a sunny day. The sound of the cars and the people's laughter can be heard in the background.",fhH8e4-fM0I-Scene-0052,1,4,0
/data/home/yuanhaoc/videophy/DPO_Data/deepseek_gemini_filter/no_prompt_extension/Wan1.3B/seed_1/flWbt0mHQeU-Scene-0098.mp4,"In the video, a man is seen working on a wooden structure. He is wearing a white shirt and blue jeans and has a tool belt around his waist. The structure appears to be a deck or patio, with wooden beams and planks. The man is using a hammer to secure the planks to the beams. He is focused on his work, carefully aligning the planks and hammering them into place. The background shows a house and some greenery, indicating that the work is being done outdoors. The man's movements are deliberate and precise, suggesting that he is experienced in this type of work.",flWbt0mHQeU-Scene-0098,4,4,1
/data/home/yuanhaoc/videophy/DPO_Data/deepseek_gemini_filter/no_prompt_extension/Wan1.3B/seed_1/fuvgeP04TMI-Scene-0062.mp4,The video shows a man in a black tank top and white shorts playing tennis. He is wearing white socks and white shoes. The man is holding a tennis racket and hitting a tennis ball. The background is a plain white wall.,fuvgeP04TMI-Scene-0062,1,3,0
/data/home/yuanhaoc/videophy/DPO_Data/deepseek_gemini_filter/no_prompt_extension/Wan1.3B/seed_1/fvYNPFHF8sc-Scene-0050.mp4,"The video shows a close-up of a person's hand using a screwdriver to tighten a screw on a computer motherboard. The motherboard is black and has a Toshiba SSD installed on it. The person's hand is wearing a white glove, and the screwdriver is silver. The video is in black and white, except for the blue arrow that appears in some frames, pointing to the screw being tightened.",fvYNPFHF8sc-Scene-0050,4,4,1
/data/home/yuanhaoc/videophy/DPO_Data/deepseek_gemini_filter/no_prompt_extension/Wan1.3B/seed_1/g6BERF9_R1Y-Scene-0001.mp4,"The video shows a race car drifting around a corner on a race track. The car is producing a lot of smoke from the tires as it drifts. The track is lined with barriers and advertisements, including a large Coca-Cola sign. The sky is cloudy, and the track appears to be wet, possibly from a recent rain.",g6BERF9_R1Y-Scene-0001,0,3,0
/data/home/yuanhaoc/videophy/DPO_Data/deepseek_gemini_filter/no_prompt_extension/Wan1.3B/seed_1/g9Qtuvrk164-Scene-0011.mp4,"In the video, a man is seen lying underneath a vehicle. He is wearing a black shirt and blue jeans. The vehicle appears to be a large truck, and the man is positioned directly underneath the front tire. He is using a red tool to work on the tire, possibly changing it. The man seems to be focused on his task, and there is no one else visible in the frame. The background is not clearly visible, but it appears to be an outdoor setting.",g9Qtuvrk164-Scene-0011,4,4,1
/data/home/yuanhaoc/videophy/DPO_Data/deepseek_gemini_filter/no_prompt_extension/Wan1.3B/seed_1/gChMTjxMiHE-Scene-0016.mp4,"The video shows a soccer game in progress. A player in a white jersey is seen dribbling the ball towards the goal. He is closely followed by two players in red jerseys. As he approaches the goal, he kicks the ball towards the net. The goalkeeper, wearing a green jersey, dives to his left in an attempt to block the ball. However, the ball goes into the net, and the player in the white jersey scores a goal. The players in red jerseys raise their arms in disappointment, while the player in the white jersey celebrates his goal. The referee, wearing a black and yellow striped jersey, is seen running towards the goalpost. The crowd in the background is cheering and clapping.",gChMTjxMiHE-Scene-0016,3,3,0
/data/home/yuanhaoc/videophy/DPO_Data/deepseek_gemini_filter/no_prompt_extension/Wan1.3B/seed_1/gDNW8kFHnxA-Scene-0018.mp4,"In the video, a person is seen holding a knife in their hand. The knife has a black handle and a silver blade. The person is using their thumb to push the blade out of the handle, revealing the sharp edge of the blade. The background is a wooden surface with some green leaves scattered around.",gDNW8kFHnxA-Scene-0018,1,4,0
/data/home/yuanhaoc/videophy/DPO_Data/deepseek_gemini_filter/no_prompt_extension/Wan1.3B/seed_1/gFQhOdBQOhw-Scene-0014.mp4,"In the video, a person is holding a small plastic bottle with a blue cap. The person unscrews the cap and then removes the cap from the bottle. The person then proceeds to remove the plastic bottle from the cap. The background is a granite countertop.",gFQhOdBQOhw-Scene-0014,1,3,0
/data/home/yuanhaoc/videophy/DPO_Data/deepseek_gemini_filter/no_prompt_extension/Wan1.3B/seed_1/gHl4ZZ5smm4-Scene-0071.mp4,"The video shows a person using a chisel and hammer to carve a design into a stone wall. The person is seen making precise and deliberate movements to create the design. The stone wall appears to be a light color, and the design being carved is not clearly visible. The person's hand is steady, and they seem to be experienced in using the tools. The chisel is made of metal and has a sharp edge, while the hammer has a wooden handle and a metal head. The person's movements are smooth and controlled, indicating that they are skilled in this craft.",gHl4ZZ5smm4-Scene-0071,4,4,1
/data/home/yuanhaoc/videophy/DPO_Data/deepseek_gemini_filter/no_prompt_extension/Wan1.3B/seed_1/gVgPFwjRaOk-Scene-0035.mp4,"The video shows a roller coaster ride from the perspective of the front seat. The roller coaster is blue and has a steep drop. The ride starts at the top of the hill and then drops down, going through a loop and then going up and down again. The sky is clear and blue, and there are trees and grass visible in the background.",gVgPFwjRaOk-Scene-0035,0,4,0
/data/home/yuanhaoc/videophy/DPO_Data/deepseek_gemini_filter/no_prompt_extension/Wan1.3B/seed_1/gXiBIDJyY9w-Scene-0060.mp4,"In the video, a person is holding a large metal object with a green base and a silver rod in the center. The person is using their hand to spin the rod, which appears to be a bearing. The background is blurry, but it seems to be a workshop or garage setting. The person's hand is visible, and they are wearing a dark-colored shirt. The metal object is quite large, and the person is holding it with both hands. The spinning motion is smooth, and the object appears to be well-maintained.",gXiBIDJyY9w-Scene-0060,4,4,1
/data/home/yuanhaoc/videophy/DPO_Data/deepseek_gemini_filter/no_prompt_extension/Wan1.3B/seed_1/gbLcsRq55To-Scene-0100.mp4,"The video shows a group of people walking across a river. They are wearing special gear, including helmets and life jackets. The river is flowing rapidly, and the people are carefully stepping on rocks to cross it. The surrounding area is lush and green, indicating that the location is likely in a natural setting. The individuals appear to be working together to navigate the challenging terrain.",gbLcsRq55To-Scene-0100,0,4,0
/data/home/yuanhaoc/videophy/DPO_Data/deepseek_gemini_filter/no_prompt_extension/Wan1.3B/seed_1/gin9I4tRpqM-Scene-0085.mp4,"The video shows two men playing basketball on an outdoor court. One man is wearing a white shirt and black shorts, while the other is wearing a blue shirt and blue shorts. The man in the white shirt is dribbling the ball and attempting to score a basket, but the man in the blue shirt blocks his shot. The man in the blue shirt then takes the ball and scores a basket. The court is surrounded by trees and a fence, and there is a house visible in the background.",gin9I4tRpqM-Scene-0085,4,3,0
/data/home/yuanhaoc/videophy/DPO_Data/deepseek_gemini_filter/no_prompt_extension/Wan1.3B/seed_1/glFuJ6pc2HA-Scene-0020.mp4,"The video shows a person's hands using a knife to cut a piece of chocolate into smaller pieces. The person's hands are visible, and the knife is being used to cut the chocolate into smaller pieces. The background is not visible, and there are no other objects or people in the frame.",glFuJ6pc2HA-Scene-0020,1,4,0
/data/home/yuanhaoc/videophy/DPO_Data/deepseek_gemini_filter/no_prompt_extension/Wan1.3B/seed_1/glX5Sapss5g-Scene-0021.mp4,"In this video, we see a man working underneath a car that is elevated off the ground. He is wearing a black shirt and black gloves, and he is using a tool to work on the underside of the car. The car appears to be in a garage or workshop setting, with various tools and equipment visible in the background. The man seems to be focused on his task, and he is using the tool with precision and care. The lighting in the garage is bright, and the camera angle is positioned to capture the man's actions clearly.",glX5Sapss5g-Scene-0021,4,4,1
/data/home/yuanhaoc/videophy/DPO_Data/deepseek_gemini_filter/no_prompt_extension/Wan1.3B/seed_1/gq6lIxidfV4-Scene-0017.mp4,"The video shows a football game in progress with players from two teams, one in white and the other in black uniforms, engaged in a play. The play starts with the ball being snapped to the quarterback, who then runs with the ball. The quarterback is pursued by players from the opposing team, and a tackle is made. The tackled player is then helped up by his teammates. The video also displays a scoreboard showing the score of the game.",gq6lIxidfV4-Scene-0017,4,4,1
/data/home/yuanhaoc/videophy/DPO_Data/deepseek_gemini_filter/no_prompt_extension/Wan1.3B/seed_1/gt9FhHFxhjM-Scene-0012.mp4,"The video shows a small monkey with a white face and brown body moving along a tree branch. The monkey is seen climbing and jumping from branch to branch, surrounded by green leaves and yellow flowers. The monkey's movements are agile and quick, as it navigates through the tree with ease. The video captures the monkey's playful and curious nature as it explores its environment.",gt9FhHFxhjM-Scene-0012,0,4,0
/data/home/yuanhaoc/videophy/DPO_Data/deepseek_gemini_filter/no_prompt_extension/Wan1.3B/seed_1/h0ryuL0DuLE-Scene-0015.mp4,The video shows a man using a drill to make holes in a piece of wood. He is wearing a white shirt and is standing in front of a green machine. The man is using a ruler to measure the wood and is making sure that the holes are evenly spaced. The drill is making a loud noise as it drills into the wood.,h0ryuL0DuLE-Scene-0015,1,4,0
/data/home/yuanhaoc/videophy/DPO_Data/deepseek_gemini_filter/no_prompt_extension/Wan1.3B/seed_1/h8CmLiLaCC0-Scene-0036.mp4,"In the video, a person is seen sitting with their legs crossed, and a plastic container is placed in front of them. The container is filled with water and several crayfish are swimming around in it. The person's hand is visible, and they seem to be interacting with the crayfish. The crayfish are of different sizes and colors, and they are moving around in the water. The person's hand is moving around in the water, and the crayfish are reacting to the person's movements. The video captures the crayfish's movements and the person's interaction with them.",h8CmLiLaCC0-Scene-0036,5,5,1
/data/home/yuanhaoc/videophy/DPO_Data/deepseek_gemini_filter/no_prompt_extension/Wan1.3B/seed_1/hC0zfNEn-eo-Scene-0007.mp4,"The video shows a young man climbing a rock wall at an indoor climbing facility. The climber is wearing a black t-shirt and shorts, and is using his hands and feet to navigate the colorful holds on the wall. The wall itself is covered in various shapes and sizes of holds, including red, green, and blue ones. The climber appears to be focused and determined as he makes his way up the wall. In the background, other climbers can be seen on different walls, indicating that the facility is quite busy. The flooring is blue, and there are safety mats placed around the base of the climbing walls.",hC0zfNEn-eo-Scene-0007,4,4,1
/data/home/yuanhaoc/videophy/DPO_Data/deepseek_gemini_filter/no_prompt_extension/Wan1.3B/seed_1/hFd_gcHh8KQ-Scene-0041.mp4,"In the video, a person is seen working on a car. The person is wearing gloves and using a tool to work on the car's undercarriage. The car is elevated on a lift, and the person is standing underneath it. The person is focused on their task, and the environment appears to be a garage or workshop. The video does not provide any additional context or information about the person or the car.",hFd_gcHh8KQ-Scene-0041,1,4,0
/data/home/yuanhaoc/videophy/DPO_Data/deepseek_gemini_filter/no_prompt_extension/Wan1.3B/seed_1/hGB-dpxGYTg-Scene-0019.mp4,"The video shows a boxing match between two men in a ring. One man is wearing black shorts, while the other is wearing black shorts with white trim. The man in black shorts is seen throwing a punch at his opponent, who is wearing black shorts with white trim. The man in black shorts is also wearing red boxing gloves. The boxing ring has blue ropes and a blue canvas. The video is a series of still images showing the progression of the punch thrown by the man in black shorts.",hGB-dpxGYTg-Scene-0019,4,4,1
/data/home/yuanhaoc/videophy/DPO_Data/deepseek_gemini_filter/no_prompt_extension/Wan1.3B/seed_1/hGnW0PzKWzY-Scene-0079.mp4,"In the video, a person is seen cutting a piece of dough into smaller pieces. The dough is placed on a countertop, and the person uses a knife to cut it into triangular shapes. The person's hands are visible, and they are wearing a white shirt. The knife is silver and has a white handle. The dough is yellow in color and appears to be soft and pliable. The person cuts the dough into several pieces, and the pieces are arranged neatly on the countertop.",hGnW0PzKWzY-Scene-0079,1,4,0
/data/home/yuanhaoc/videophy/DPO_Data/deepseek_gemini_filter/no_prompt_extension/Wan1.3B/seed_1/hKi0S_bPg40-Scene-0076.mp4,"In the video, a person is seen working on the front bumper of a car. The person is using a tool to cut a piece of metal. The car is blue in color and is parked in a garage. The person is wearing a green wristband and is barefoot. The garage is well-lit, and there are various tools and equipment visible in the background. The person seems to be focused on the task at hand, carefully cutting the metal with precision.",hKi0S_bPg40-Scene-0076,3,3,0
/data/home/yuanhaoc/videophy/DPO_Data/deepseek_gemini_filter/no_prompt_extension/Wan1.3B/seed_1/hLB8BQXdwSI-Scene-0051.mp4,"In the video, a person is seen striking a metal object with a rock. The metal object is attached to a stick, and the person uses it to hit the rock. The rock is located on the ground, and there are leaves scattered around it. The person's hand is visible as they hold the metal object and strike the rock. The video is shot from a close-up angle, focusing on the action of the person hitting the rock.",hLB8BQXdwSI-Scene-0051,1,4,0
/data/home/yuanhaoc/videophy/DPO_Data/deepseek_gemini_filter/no_prompt_extension/Wan1.3B/seed_1/hR1X0EErg6Q-Scene-0014.mp4,"The video shows a close-up of a circuit board with a hand reaching in to adjust a component. The circuit board is black with various components and wires visible. The hand is seen using a tool to adjust a small black component on the board. The video is shot in a well-lit room, and the focus is on the hand and the circuit board.",hR1X0EErg6Q-Scene-0014,5,4,1
/data/home/yuanhaoc/videophy/DPO_Data/deepseek_gemini_filter/no_prompt_extension/Wan1.3B/seed_1/hRyJtTn4pFQ-Scene-0021.mp4,"In the video, a person is seen stretching and folding a piece of fabric. The fabric appears to be soft and pliable, and the person is using their hands to manipulate it. The fabric is white with blue patterns, and the person's nails are painted pink. The background is a marble surface.",hRyJtTn4pFQ-Scene-0021,1,4,0
/data/home/yuanhaoc/videophy/DPO_Data/deepseek_gemini_filter/no_prompt_extension/Wan1.3B/seed_1/hSDYBrWSLi8-Scene-0053.mp4,"In the video, a man is seen in a gym setting, preparing to lift a barbell. He is wearing a teal shirt and black shorts. The barbell is loaded with weights on each side. The man bends down, grips the barbell, and lifts it up to his thighs. He then lifts the barbell over his head and drops it back down to the ground. The gym is equipped with various exercise machines and equipment in the background. The lighting is bright, and the floor is covered with black mats. The man appears to be focused and determined as he performs the lift.",hSDYBrWSLi8-Scene-0053,3,3,0
/data/home/yuanhaoc/videophy/DPO_Data/deepseek_gemini_filter/no_prompt_extension/Wan1.3B/seed_1/hZkU-Y4brZ8-Scene-0026.mp4,The video shows a person riding a motorcycle down a dirt road. The person is wearing a black jacket and a red helmet. The road is surrounded by mountains and there are power lines running along the side of the road. The sky is clear and the sun is setting in the background.,hZkU-Y4brZ8-Scene-0026,0,5,0
/data/home/yuanhaoc/videophy/DPO_Data/deepseek_gemini_filter/no_prompt_extension/Wan1.3B/seed_1/h_rOlAU0AOg-Scene-0057.mp4,"In the video, a person is seen cutting a piece of raw meat with a knife. The meat is pink and white in color, and the person is cutting it into smaller pieces. The person's hands are visible, and they are wearing a ring on their left hand. The knife is silver and appears to be sharp. The background is not visible, but the focus is on the cutting action.",h_rOlAU0AOg-Scene-0057,1,4,0
/data/home/yuanhaoc/videophy/DPO_Data/deepseek_gemini_filter/no_prompt_extension/Wan1.3B/seed_1/hc8NCrGJg3A-Scene-0080.mp4,"In the video, a man is seen digging a hole in the sand on a beach. He is wearing a blue jacket, yellow pants, and purple boots. The man is using an orange shovel to dig the hole. Behind him, there is a white cart with wheels. The beach appears to be empty, and the sky is overcast. The man seems to be focused on his task, and there is no one else visible in the video.",hc8NCrGJg3A-Scene-0080,4,4,1
/data/home/yuanhaoc/videophy/DPO_Data/deepseek_gemini_filter/no_prompt_extension/Wan1.3B/seed_1/hgnNKyN7Qgo-Scene-0017.mp4,"The video shows a group of athletes in wheelchairs racing on a track. They are wearing helmets and racing suits, and the wheelchairs are designed for racing. The track is surrounded by a large crowd of spectators. The athletes are competing fiercely, pushing themselves to the limit. The video captures the intensity and excitement of the race, with the athletes' determination and skill on full display.",hgnNKyN7Qgo-Scene-0017,0,4,0
/data/home/yuanhaoc/videophy/DPO_Data/deepseek_gemini_filter/no_prompt_extension/Wan1.3B/seed_1/hhKMQApttG4-Scene-0080.mp4,"The video shows a person fishing in a river. The person is holding a fishing rod and reel, and the camera is positioned to show the river and the person's hands. The person is seen casting the line into the water and reeling it in. The river is surrounded by trees and vegetation, and the water is clear. The person's hands are visible as they hold the fishing rod and reel. The video captures the peacefulness of fishing in a natural setting.",hhKMQApttG4-Scene-0080,5,4,1
/data/home/yuanhaoc/videophy/DPO_Data/deepseek_gemini_filter/no_prompt_extension/Wan1.3B/seed_1/hi0i56e1QK0-Scene-0027.mp4,"The video shows a person wearing a white glove rolling out dough on a wooden board. The dough is yellow in color and is being rolled out with a wooden rolling pin. The person is using their hands to flatten the dough and make sure it is even. The wooden board is sprinkled with flour to prevent the dough from sticking. The person's movements are smooth and deliberate, indicating that they are experienced in this task. The video is shot from a close-up angle, focusing on the person's hands and the dough.",hi0i56e1QK0-Scene-0027,5,4,1
/data/home/yuanhaoc/videophy/DPO_Data/deepseek_gemini_filter/no_prompt_extension/Wan1.3B/seed_1/hifNGnzN-N8-Scene-0008.mp4,"The video shows a soccer game in progress. The players are wearing red and yellow uniforms. The ball is being passed around the field, and the players are running and kicking it. The goalie is wearing a black uniform and is trying to block the ball. The stadium is filled with spectators, and the field is green with white lines marking the boundaries.",hifNGnzN-N8-Scene-0008,1,3,0
/data/home/yuanhaoc/videophy/DPO_Data/deepseek_gemini_filter/no_prompt_extension/Wan1.3B/seed_1/hl7msH2Swq4-Scene-0027.mp4,"The video shows a group of people scuba diving underwater. They are wearing scuba gear, including tanks, masks, and fins. The water is a deep blue color, and the divers are exploring the ocean floor. They are seen swimming around and interacting with each other. The divers are also seen examining various objects on the ocean floor, such as rocks and coral. The video captures the divers' movements and the serene underwater environment.",hl7msH2Swq4-Scene-0027,5,4,1
/data/home/yuanhaoc/videophy/DPO_Data/deepseek_gemini_filter/no_prompt_extension/Wan1.3B/seed_1/hpDsTE3gQ7k-Scene-0025.mp4,"The video shows a group of young boys playing soccer on a field. They are wearing green and white uniforms and are seen running around and kicking the ball. The boys are actively engaged in the game, and the atmosphere is lively and energetic. The field is surrounded by trees and a fence, and there is a goalpost visible in the background. The boys seem to be enjoying themselves and are focused on the game.",hpDsTE3gQ7k-Scene-0025,0,4,0
/data/home/yuanhaoc/videophy/DPO_Data/deepseek_gemini_filter/no_prompt_extension/Wan1.3B/seed_1/hpUAJdfnjaU-Scene-0013.mp4,"The video shows a person stirring a large pot of chocolate with a wooden spatula. The chocolate is a rich brown color and appears to be thick and creamy. The person is wearing a white shirt and is standing in front of a stove. The pot is made of copper and is placed on a burner. The person stirs the chocolate in a circular motion, ensuring that it is evenly mixed.",hpUAJdfnjaU-Scene-0013,0,5,0
/data/home/yuanhaoc/videophy/DPO_Data/deepseek_gemini_filter/no_prompt_extension/Wan1.3B/seed_1/htBymE3ZgoA-Scene-0041.mp4,"In the video, a man is seen standing in a room with a dog on a leash. The man is holding a stick and begins to throw it for the dog to chase after. The dog eagerly runs after the stick, and the man continues to throw it for the dog to fetch. The room appears to be a living room with a green wall and a shelf with various items on it. The man is wearing a beige shirt and blue jeans, and the dog is a medium-sized, brown color. The video captures the playful interaction between the man and the dog as they engage in this game of fetch.",htBymE3ZgoA-Scene-0041,4,3,0
/data/home/yuanhaoc/videophy/DPO_Data/deepseek_gemini_filter/no_prompt_extension/Wan1.3B/seed_1/huVImsRU6nU-Scene-0071.mp4,"In the video, a young man is seen standing on a boat, holding a fish in his hands. He is wearing a white shirt and sunglasses, and appears to be preparing to release the fish back into the water. The boat is surrounded by calm waters, and the sky is overcast. The man carefully holds the fish, which is yellow and green in color, and then gently lowers it into the water. The fish swims away, and the man watches it go. The video captures the moment of release, highlighting the man's interaction with the fish and the natural environment.",huVImsRU6nU-Scene-0071,4,4,1
/data/home/yuanhaoc/videophy/DPO_Data/deepseek_gemini_filter/no_prompt_extension/Wan1.3B/seed_1/hvM2Rn4NZPE-Scene-0162.mp4,"The video shows a boxing match between two men in a ring. One of the men is wearing black shorts with a red stripe, while the other is wearing white shorts. The man in black shorts is seen throwing a punch at the other boxer, who is wearing white gloves. The boxer in black shorts then knocks the other boxer down onto the mat. The referee, who is wearing a black shirt and black pants, steps in to stop the fight. The boxer in black shorts is declared the winner of the match.",hvM2Rn4NZPE-Scene-0162,1,4,0
/data/home/yuanhaoc/videophy/DPO_Data/deepseek_gemini_filter/no_prompt_extension/Wan1.3B/seed_1/i2Bo56Hdin0-Scene-0013.mp4,"In the video, a person is seen mixing a white substance in a bucket. The person is wearing a grey shirt and a watch on their left wrist. They are using a metal spoon to stir the substance. The bucket is placed on a wooden surface, and the person is stirring the substance vigorously. The white substance appears to be a thick liquid or paste. The person's hands are visible, and they are using a lot of force to stir the substance. The video is shot from a close-up angle, focusing on the person's hands and the bucket.",i2Bo56Hdin0-Scene-0013,1,4,0
/data/home/yuanhaoc/videophy/DPO_Data/deepseek_gemini_filter/no_prompt_extension/Wan1.3B/seed_1/iCDIcgPULUs-Scene-0017.mp4,"The video shows a first-person view from inside a fighter jet cockpit. The jet is flying over a mountainous landscape with clouds in the background. The pilot is looking through the windshield, and we can see the jet's targeting system, which includes a crosshair and various readouts. The jet is engaging in combat with another aircraft, which is visible in the distance. The pilot maneuvers the jet to get into position and fires a missile, hitting the target aircraft. The target aircraft explodes and falls from the sky. The video ends with the pilot flying away from the explosion.",iCDIcgPULUs-Scene-0017,3,4,0
/data/home/yuanhaoc/videophy/DPO_Data/deepseek_gemini_filter/no_prompt_extension/Wan1.3B/seed_1/iExudx915Ek-Scene-0064.mp4,"The video shows a fighter jet flying through the sky. The jet is gray in color and has two engines on either side of its body. The engines are emitting orange flames as the jet accelerates. The jet is flying at a high speed and appears to be in the middle of a maneuver. The sky is clear and blue, indicating good weather conditions.",iExudx915Ek-Scene-0064,0,5,0
/data/home/yuanhaoc/videophy/DPO_Data/deepseek_gemini_filter/no_prompt_extension/Wan1.3B/seed_1/iHivxDILD-0-Scene-0005.mp4,"In the video, a person is seen cutting a block of cheese on a wooden cutting board. The person uses a knife to cut the cheese into small pieces. The cheese appears to be white and soft, and the person cuts it into several small pieces. The cutting board is made of wood and has a natural grain pattern. The knife used for cutting is a large kitchen knife with a silver blade and a black handle. The person's hands are visible as they hold the cheese and knife, and they appear to be wearing a white shirt. The background is blurred, but it seems to be a kitchen setting.",iHivxDILD-0-Scene-0005,5,4,1
/data/home/yuanhaoc/videophy/DPO_Data/deepseek_gemini_filter/no_prompt_extension/Wan1.3B/seed_1/iIRxu1tILzk-Scene-0033.mp4,The video shows a group of people playing polo on horses in a snowy field. The players are wearing blue and white jerseys and are riding brown horses. They are holding polo sticks and are seen chasing after a ball. The snowy field is surrounded by trees and buildings in the background.,iIRxu1tILzk-Scene-0033,1,4,0
/data/home/yuanhaoc/videophy/DPO_Data/deepseek_gemini_filter/no_prompt_extension/Wan1.3B/seed_1/iQ73qaT2ISQ-Scene-0011.mp4,"The video shows a man's hands as he works on a car. He is using a tool to remove the door handle from the car door. The man's hands are visible in the frame, and he is wearing a watch on his left wrist. The car door is black, and the tool he is using is silver. The man is wearing a ring on his left hand. The video is shot in close-up, focusing on the man's hands and the tool.",iQ73qaT2ISQ-Scene-0011,3,4,0
/data/home/yuanhaoc/videophy/DPO_Data/deepseek_gemini_filter/no_prompt_extension/Wan1.3B/seed_1/iQ7DcjJeuKU-Scene-0024.mp4,"The video shows a soccer player in a white jersey with the number 11 on it, running on a soccer field. He is being chased by another player in a black jersey. The player in white is trying to evade the player in black by moving side to side. The field is green with white boundary lines, and the sky is clear.",iQ7DcjJeuKU-Scene-0024,0,3,0
/data/home/yuanhaoc/videophy/DPO_Data/deepseek_gemini_filter/no_prompt_extension/Wan1.3B/seed_1/iXDUUGZg414-Scene-0006.mp4,"In the video, a bald man wearing a red jacket is standing in a stadium with empty seats. He is looking at a soccer ball that is being kicked towards him by another man who is not visible in the frame. The bald man catches the ball with his chest and then kicks it back. The video is shot from a side angle, and the focus is on the bald man and the soccer ball.",iXDUUGZg414-Scene-0006,2,2,0
/data/home/yuanhaoc/videophy/DPO_Data/deepseek_gemini_filter/no_prompt_extension/Wan1.3B/seed_1/i_GJvCqn5hA-Scene-0063.mp4,The video shows a person cutting a mango with a knife. The mango is yellow and has a green stem. The person is cutting the mango into slices. The background is a wooden cutting board.,i_GJvCqn5hA-Scene-0063,1,4,0
/data/home/yuanhaoc/videophy/DPO_Data/deepseek_gemini_filter/no_prompt_extension/Wan1.3B/seed_1/iri_Zs69WyU-Scene-0020.mp4,"The video shows a group of hockey players huddled around the goal. They are all wearing red and white uniforms, with some players wearing blue and white uniforms. The players are seen pushing and shoving each other, with some players falling to the ground. The goalie is also seen in the huddle, trying to defend the goal. The players are using their hockey sticks to push and shove each other. The video is shot from a high angle, showing the entire scene of the huddle.",iri_Zs69WyU-Scene-0020,4,4,1
/data/home/yuanhaoc/videophy/DPO_Data/deepseek_gemini_filter/no_prompt_extension/Wan1.3B/seed_1/is7aXhqMjtk-Scene-0027.mp4,"The video shows a group of white puppies playing with a pair of shoes. One of the puppies is biting the shoes while the others are watching. The puppies are in a grassy area, and the shoes are blue with white laces. The puppies appear to be young and energetic, and they are all white in color. The video captures the playful nature of the puppies and their curiosity towards the shoes.",is7aXhqMjtk-Scene-0027,5,4,1
/data/home/yuanhaoc/videophy/DPO_Data/deepseek_gemini_filter/no_prompt_extension/Wan1.3B/seed_1/iwDGI1B-eX4-Scene-0075.mp4,The video shows a person wearing black pants and pink sneakers performing squats. The person starts with their feet shoulder-width apart and then bends their knees to lower their body while keeping their back straight. The person then returns to the starting position by pushing through their heels.,iwDGI1B-eX4-Scene-0075,1,4,0
/data/home/yuanhaoc/videophy/DPO_Data/deepseek_gemini_filter/no_prompt_extension/Wan1.3B/seed_1/iygEZGMq6lY-Scene-0058.mp4,"In the video, we see a person wearing a blue shirt and shorts washing a car tire. The person is using a blue brush to scrub the tire, which is covered in white foam. The car is silver and the tire is black. The person is standing on the ground, and there is a lot of foam on the ground around the tire. The person is moving the brush back and forth, scrubbing the tire thoroughly.",iygEZGMq6lY-Scene-0058,4,4,1
/data/home/yuanhaoc/videophy/DPO_Data/deepseek_gemini_filter/no_prompt_extension/Wan1.3B/seed_1/j-cCFgYmuCw-Scene-0057.mp4,"In the video, a person is seen holding a knife in their hand. The knife has a brown handle and a silver blade. The person is using their thumb to push the blade out of the handle, demonstrating how to open the knife. The background is black with a dotted pattern.",j-cCFgYmuCw-Scene-0057,1,4,0
/data/home/yuanhaoc/videophy/DPO_Data/deepseek_gemini_filter/no_prompt_extension/Wan1.3B/seed_1/j43ooVEC_0Y-Scene-0105.mp4,"The video shows a basketball game between the Bulls and the Cavaliers. The Bulls are playing defense, and the Cavaliers are on the offensive. The Bulls player, wearing a red jersey, is seen blocking the Cavaliers player, who is wearing a white jersey. The Bulls player jumps up and blocks the shot, preventing the Cavaliers player from scoring. The crowd is cheering in the background.",j43ooVEC_0Y-Scene-0105,3,4,0
/data/home/yuanhaoc/videophy/DPO_Data/deepseek_gemini_filter/no_prompt_extension/Wan1.3B/seed_1/j6hmfIW9gIs-Scene-0044.mp4,"The video shows a close-up of a wooden floor with a person using a tool to sand the surface. The person is moving the tool back and forth across the floor, smoothing out the wood. The floor has a natural wood color and the tool appears to be a handheld sander.",j6hmfIW9gIs-Scene-0044,0,4,0
/data/home/yuanhaoc/videophy/DPO_Data/deepseek_gemini_filter/no_prompt_extension/Wan1.3B/seed_1/j8jFZiuTxOQ-Scene-0043.mp4,"The video shows a person surfing on a large wave in the ocean. The surfer is wearing a black wetsuit and is riding a white surfboard. The wave is large and green, and the surfer is seen riding it skillfully. The ocean is a deep blue color, and the sky is clear. The surfer is the only person visible in the video, and there are no other objects or people in the frame. The video captures the surfer's movements as they ride the wave, and the sound of the waves can be heard in the background.",j8jFZiuTxOQ-Scene-0043,5,4,1
/data/home/yuanhaoc/videophy/DPO_Data/deepseek_gemini_filter/no_prompt_extension/Wan1.3B/seed_1/j9ILpZtBCTU-Scene-0005.mp4,"The video shows a baseball game in progress. The camera is focused on the outfield where a player is seen catching a ball and throwing it to the infield. The infield is shown with a player sliding into home plate. The video is shot from the perspective of the stands, and the players are wearing white uniforms.",j9ILpZtBCTU-Scene-0005,1,3,0
/data/home/yuanhaoc/videophy/DPO_Data/deepseek_gemini_filter/no_prompt_extension/Wan1.3B/seed_1/jB3nEkzT0MM-Scene-0032.mp4,"The video shows a group of cars racing on a track. The cars are colorful and appear to be modified for racing. They are driving at high speeds and maneuvering around the track. The track itself is surrounded by grass and there are barriers on the sides. The cars are closely following each other, indicating a competitive race.",jB3nEkzT0MM-Scene-0032,0,4,0
/data/home/yuanhaoc/videophy/DPO_Data/deepseek_gemini_filter/no_prompt_extension/Wan1.3B/seed_1/jFHT5wbSPOc-Scene-0010.mp4,"The video shows a satellite orbiting the Earth. The Earth is visible in the background, with the continents and oceans clearly visible. The satellite is in the foreground, and it appears to be moving slowly around the Earth. The colors in the video are predominantly blue and green, representing the oceans and landmasses on the Earth, and the satellite is gray with solar panels.",jFHT5wbSPOc-Scene-0010,5,5,1
/data/home/yuanhaoc/videophy/DPO_Data/deepseek_gemini_filter/no_prompt_extension/Wan1.3B/seed_1/jGUC9HR3W3Y-Scene-0033.mp4,"The video shows a football game being played on a field with a large logo in the center. The players are wearing white and purple uniforms, and the game is being played in a stadium filled with spectators. The quarterback throws the ball to a receiver who catches it and runs into the end zone for a touchdown. The scoreboard shows the teams' scores and the game clock.",jGUC9HR3W3Y-Scene-0033,1,3,0
/data/home/yuanhaoc/videophy/DPO_Data/deepseek_gemini_filter/no_prompt_extension/Wan1.3B/seed_1/jJ95n7bYr0Y-Scene-0010.mp4,"In the video, a golden retriever is seen standing in a bathtub filled with colorful plastic balls. The dog is actively playing with the balls, moving around and pawing at them. The bathtub is white and appears to be in a bathroom with tiled walls. The plastic balls are in various colors including red, green, yellow, and blue. The dog seems to be enjoying itself, as it is seen digging through the balls with its nose and paws.",jJ95n7bYr0Y-Scene-0010,4,4,1
/data/home/yuanhaoc/videophy/DPO_Data/deepseek_gemini_filter/no_prompt_extension/Wan1.3B/seed_1/jJxfODIbys4-Scene-0105.mp4,The video shows a person fishing on a boat. The person is wearing a glove on one hand and is holding a fishing rod. The water is calm and there are trees on the banks. The person is reeling in the fishing line and then suddenly the rod bends and the person starts to pull the line. The person continues to pull the line and then suddenly the rod is pulled out of their hand and falls into the water. The person looks down at the water and then looks back at the rod that is now in the water.,jJxfODIbys4-Scene-0105,2,4,0
/data/home/yuanhaoc/videophy/DPO_Data/deepseek_gemini_filter/no_prompt_extension/Wan1.3B/seed_1/jN2Wof4qp6k-Scene-0196.mp4,"The video shows a man wearing a white t-shirt and black shorts sliding down a beige slide with a blue entrance. He is smiling and laughing as he slides down. At the bottom of the slide, a woman in a black dress is standing and watching him. The background shows a shopping mall with various shops and people walking around.",jN2Wof4qp6k-Scene-0196,1,3,0
/data/home/yuanhaoc/videophy/DPO_Data/deepseek_gemini_filter/no_prompt_extension/Wan1.3B/seed_1/jOT-A8u4_iQ-Scene-0010.mp4,"The video shows a soccer game in progress. Two players are seen running towards the ball, with one player kicking it. The other player falls to the ground. The camera then pans out to show the entire field, with players running around and the ball being kicked towards the goal.",jOT-A8u4_iQ-Scene-0010,1,3,0
/data/home/yuanhaoc/videophy/DPO_Data/deepseek_gemini_filter/no_prompt_extension/Wan1.3B/seed_1/jTnLZJIcEFc-Scene-0008.mp4,"In the video, a person is seen holding a fishing lure in their hand. The lure has a yellow body and brown and white feathers on the tail. The person is using a needle to poke through the feathers, presumably to attach them to the lure. The background is blurred, but it appears to be a table or a workbench. The person's hand is steady, and they seem to be experienced in handling the lure. The lighting is bright, and the colors of the lure are vibrant.",jTnLZJIcEFc-Scene-0008,5,4,1
/data/home/yuanhaoc/videophy/DPO_Data/deepseek_gemini_filter/no_prompt_extension/Wan1.3B/seed_1/jVO0JwvRHeo-Scene-0069.mp4,"The video shows a person's hands using a paintbrush to apply a yellow substance onto a piece of lace. The person is seen dipping the brush into a bottle of the yellow substance and then applying it onto the lace. The lace is then placed on a flat surface and the person uses a wooden stick to spread the substance evenly across the lace. The person's hands are visible throughout the video, and the background is a plain white surface.",jVO0JwvRHeo-Scene-0069,1,4,0
/data/home/yuanhaoc/videophy/DPO_Data/deepseek_gemini_filter/no_prompt_extension/Wan1.3B/seed_1/jY6F2p8k8tc-Scene-0007.mp4,"In the video, a person is seen holding a measuring cup filled with water. They are pouring the water into a bowl of flour. The person is wearing a black and white shirt and has a ring on their finger. The bowl is placed on a kitchen counter, and there is a stove in the background. The person's actions are deliberate and careful, ensuring that the water is added to the flour in the correct amount. The video is shot in a well-lit room, and the focus is on the person's hands and the bowl of flour.",jY6F2p8k8tc-Scene-0007,5,4,1
/data/home/yuanhaoc/videophy/DPO_Data/deepseek_gemini_filter/no_prompt_extension/Wan1.3B/seed_1/jZ36SeklV9k-Scene-0028.mp4,"The video shows a soccer game in progress. The players are running on the field, with one player in a white jersey dribbling the ball towards the goal. The stadium is filled with spectators, and the players are wearing different colored jerseys. The grass on the field is green, and the players are moving quickly. The goalkeeper is wearing a yellow jersey and is trying to block the shot. The video is shot from the stands, giving a clear view of the action on the field.",jZ36SeklV9k-Scene-0028,1,3,0
/data/home/yuanhaoc/videophy/DPO_Data/deepseek_gemini_filter/no_prompt_extension/Wan1.3B/seed_1/j_04i__sBkY-Scene-0038.mp4,"This video shows a close-up of a pot of food being stirred. The pot is made of metal and has a handle on one side. The food inside the pot appears to be a thick, orange-colored sauce or soup. The stirring is being done with a metal spoon that is partially visible in the frame. The spoon is being moved in a circular motion, causing the sauce to swirl around the pot. The lighting in the video is dim, and the background is not visible, focusing all attention on the pot and its contents.",j_04i__sBkY-Scene-0038,5,5,1
/data/home/yuanhaoc/videophy/DPO_Data/deepseek_gemini_filter/no_prompt_extension/Wan1.3B/seed_1/ji90iuav8hk-Scene-0012.mp4,"In the video, there is a cat inside a cage. The cat is moving around and appears to be trying to get out of the cage. The cage is made of metal bars and has a door on the front. The cat is mostly white with some brown and black spots on its fur. The cage is located in a room with a white wall in the background. There is no other object or person visible in the video.",ji90iuav8hk-Scene-0012,1,5,0
/data/home/yuanhaoc/videophy/DPO_Data/deepseek_gemini_filter/no_prompt_extension/Wan1.3B/seed_1/jlRmC3EjfSQ-Scene-0033.mp4,"The video shows a cricket player in a white uniform and helmet standing on a field with a bat in hand. The player is seen swinging the bat and hitting a red ball that is thrown towards him. The background shows a crowd of spectators sitting in the stands, watching the game. The player's movements are fluid and precise, indicating a high level of skill and experience in the sport. The video captures the intensity and excitement of the game, with the player's focus and determination evident in his actions.",jlRmC3EjfSQ-Scene-0033,3,3,0
/data/home/yuanhaoc/videophy/DPO_Data/deepseek_gemini_filter/no_prompt_extension/Wan1.3B/seed_1/jmYB0wDlCeQ-Scene-0016.mp4,"In the video, a man is seen holding a plastic bottle with a tube attached to it. He is standing in front of a jar filled with water. The man then attaches the tube to the jar and begins to pump air into the bottle. As he pumps, the bottle begins to inflate. Once the bottle is fully inflated, he removes the tube and the bottle deflates. The man repeats this process several times, each time with the same result. The video is shot in a well-lit room with a clear view of the man's actions. The man is wearing a blue shirt and appears to be focused on the task at hand. The plastic bottle and jar are both clear, allowing for a clear view of the air being pumped into the bottle. The video is shot from a side angle, providing a clear view of the man's actions and the objects involved.",jmYB0wDlCeQ-Scene-0016,4,3,0
/data/home/yuanhaoc/videophy/DPO_Data/deepseek_gemini_filter/no_prompt_extension/Wan1.3B/seed_1/jninIzMPlj0-Scene-0007.mp4,"The video shows a cricket match in progress. The bowler is seen running towards the wicket and delivering the ball. The batsman is ready to hit the ball. The bowler is wearing a white uniform, and the batsman is also in a white uniform. The umpire is standing behind the wicket, wearing a white hat. The fielders are also in white uniforms and are spread out in the field. The pitch is green, and the sky is clear. The video captures the moment when the batsman hits the ball, and the fielders start running to catch it. The bowler and the fielders raise their arms in celebration.",jninIzMPlj0-Scene-0007,0,2,0
/data/home/yuanhaoc/videophy/DPO_Data/deepseek_gemini_filter/no_prompt_extension/Wan1.3B/seed_1/jqSiJQe1-H0-Scene-0130.mp4,"The video shows a group of people riding dirt bikes on a dirt track. One of the riders falls off their bike and crashes into a pile of boxes. The other riders continue on the track, and the fallen rider gets up and walks back to their bike.",jqSiJQe1-H0-Scene-0130,1,3,0
/data/home/yuanhaoc/videophy/DPO_Data/deepseek_gemini_filter/no_prompt_extension/Wan1.3B/seed_1/jutdJykbDkk-Scene-0049.mp4,"The video shows a person riding a mountain bike down a rocky trail. The person is wearing a black shirt, black shorts, and a black helmet. They are also wearing gloves and knee pads. The bike has a black frame with white lettering on it. The trail is surrounded by trees and rocks, and the person is riding carefully to avoid falling.",jutdJykbDkk-Scene-0049,4,4,1
/data/home/yuanhaoc/videophy/DPO_Data/deepseek_gemini_filter/no_prompt_extension/Wan1.3B/seed_1/k-r-97oS8Yc-Scene-0051.mp4,"The video features a large monster truck with a white body and black stripes. The truck has a large American flag on the side and the words ""Bite Out of Crime"" written on it. The truck is seen driving over a red car, crushing it under its massive tires. The truck is in a large arena with a crowd of people watching from the stands. The video captures the truck's powerful performance and the excitement of the spectators.",k-r-97oS8Yc-Scene-0051,3,3,0
/data/home/yuanhaoc/videophy/DPO_Data/deepseek_gemini_filter/no_prompt_extension/Wan1.3B/seed_1/k8CAKXIO2dM-Scene-0072.mp4,"In the video, a person is using a chainsaw to cut an orange in half. The chainsaw is white and has a blue handle. The orange is placed on a black cutting board, and the person is wearing a red shirt. The chainsaw cuts through the orange, and the two halves are separated. The person then picks up one half of the orange and shows it to the camera.",k8CAKXIO2dM-Scene-0072,1,3,0
/data/home/yuanhaoc/videophy/DPO_Data/deepseek_gemini_filter/no_prompt_extension/Wan1.3B/seed_1/k8MmBw_oYFI-Scene-0063.mp4,"The video shows a spaceship with a white body and red stripes on the sides, flying through space. The spaceship has a yellow flame coming out of its back, indicating that it is moving. The background is black, representing the vastness of space, and there are numerous brown rocks of various sizes floating around. The rocks are scattered randomly throughout the space, creating a sense of depth and distance. The spaceship appears to be moving at a steady pace, and there is no visible title, subtitle, or text in the video.",k8MmBw_oYFI-Scene-0063,5,3,0
/data/home/yuanhaoc/videophy/DPO_Data/deepseek_gemini_filter/no_prompt_extension/Wan1.3B/seed_1/k8vcQfFd6N8-Scene-0123.mp4,"In the video, a young girl is seen wearing a baseball cap and a pink jacket. She is holding a baseball glove in her hand and is speaking to the camera. The girl then proceeds to bend down and pick up a baseball. She then throws the ball up in the air and catches it in her glove. The background of the video shows a grassy yard with a white fence. The girl appears to be enjoying herself and is smiling throughout the video.",k8vcQfFd6N8-Scene-0123,1,3,0
/data/home/yuanhaoc/videophy/DPO_Data/deepseek_gemini_filter/no_prompt_extension/Wan1.3B/seed_1/kE7Hj530ILY-Scene-0041.mp4,"In the video, a person is seen working on an electrical box attached to a window. The person is using a screwdriver to unscrew a yellow switch from the box. The background shows a snowy landscape with trees.",kE7Hj530ILY-Scene-0041,1,4,0
/data/home/yuanhaoc/videophy/DPO_Data/deepseek_gemini_filter/no_prompt_extension/Wan1.3B/seed_1/kFii8BS7mrY-Scene-0092.mp4,"In the video, a man is standing in front of a large fish tank. He is holding a glass of water and appears to be pouring it into the tank. The fish tank is filled with various types of fish and rocks. The man is wearing a black shirt and has short hair. The fish are swimming around in the tank, and the water is clear. The man seems to be enjoying watching the fish as he pours the water.",kFii8BS7mrY-Scene-0092,4,4,1
/data/home/yuanhaoc/videophy/DPO_Data/deepseek_gemini_filter/no_prompt_extension/Wan1.3B/seed_1/kFlGdTG_WJk-Scene-0030.mp4,"The video shows a person's hands working on a car's engine. The person is using a tool to remove a part of the engine. The video is shot from a close-up angle, focusing on the person's hands and the engine. The person's hands are dirty, indicating that they have been working on the car for some time. The engine is black and appears to be well-maintained. The tool used by the person is silver and appears to be a wrench. The person is wearing a black shirt, and the background is blurred, but it seems to be a garage or a workshop.",kFlGdTG_WJk-Scene-0030,1,4,0
/data/home/yuanhaoc/videophy/DPO_Data/deepseek_gemini_filter/no_prompt_extension/Wan1.3B/seed_1/kGhRSnHpQNw-Scene-0020.mp4,"In the video, a man is seen using a pitchfork to move a pile of hay. He is wearing a red shirt and blue jeans. The man is standing in a barn, and there is a chicken in the background. The man is using the pitchfork to lift and move the hay, which is a common agricultural practice. The barn appears to be well-lit, and the hay is a golden color. The man's movements are deliberate and careful as he works to move the hay. The chicken in the background is white and seems to be observing the man's actions. The video provides a glimpse into the daily work of a farmer and the interactions between humans and animals in a rural setting.",kGhRSnHpQNw-Scene-0020,4,3,0
/data/home/yuanhaoc/videophy/DPO_Data/deepseek_gemini_filter/no_prompt_extension/Wan1.3B/seed_1/kHAuy4zw7MU-Scene-0140.mp4,"The video shows a black car driving down a street at night. The car has its headlights on, illuminating the road ahead. The car is moving at a moderate speed, and the driver is visible through the windshield. The street is lined with buildings and trees, and there are no other vehicles or pedestrians in sight. The car's tires are making a soft humming sound as they roll over the pavement.",kHAuy4zw7MU-Scene-0140,4,5,1
/data/home/yuanhaoc/videophy/DPO_Data/deepseek_gemini_filter/no_prompt_extension/Wan1.3B/seed_1/kJUWt98uz1g-Scene-0005.mp4,"The video shows a close-up of a hand with red nail polish holding a small container of fish food. The hand is pouring the food into the water, where several orange goldfish are swimming. The goldfish are eagerly eating the food as it falls into the water. The background is white, and the focus is on the hand, the container of food, and the fish.",kJUWt98uz1g-Scene-0005,1,4,0
/data/home/yuanhaoc/videophy/DPO_Data/deepseek_gemini_filter/no_prompt_extension/Wan1.3B/seed_1/kKH9_owgAJU-Scene-0023.mp4,"The video shows a person using a circular saw to cut a piece of wood. The person is wearing a black shirt and has a ring on their finger. The wood is light brown and appears to be a plank. The circular saw is silver and black and is being held by the person's left hand while they use their right hand to guide the saw along a straight line drawn on the wood. The background is blurred, but it appears to be a workshop or garage.",kKH9_owgAJU-Scene-0023,4,4,1
/data/home/yuanhaoc/videophy/DPO_Data/deepseek_gemini_filter/no_prompt_extension/Wan1.3B/seed_1/kKP9TmhrpgM-Scene-0080.mp4,"The video shows a person driving a car on a race track. The driver's hand is visible on the steering wheel, and the car is moving at a high speed. The driver is wearing a watch on their wrist. The car is black in color, and the track is surrounded by a fence. The sky is clear, and there are no other cars visible on the track.",kKP9TmhrpgM-Scene-0080,1,4,0
/data/home/yuanhaoc/videophy/DPO_Data/deepseek_gemini_filter/no_prompt_extension/Wan1.3B/seed_1/kPwpho0rbP4-Scene-0051.mp4,The video features a person's hands holding a green plastic toy strawberry and a green plastic base with holes. The person attaches the strawberry to the base and spins it around. The background is a white table with a pink and blue toy kitchen set.,kPwpho0rbP4-Scene-0051,1,3,0
/data/home/yuanhaoc/videophy/DPO_Data/deepseek_gemini_filter/no_prompt_extension/Wan1.3B/seed_1/kSozgM2LrwA-Scene-0017.mp4,"The video shows a football game being played on a field with players in uniforms. The players are seen running, throwing, and catching the ball. The field is marked with white lines and numbers indicating yardage. The players are wearing helmets and padding, and the game appears to be intense and competitive.",kSozgM2LrwA-Scene-0017,5,3,0
/data/home/yuanhaoc/videophy/DPO_Data/deepseek_gemini_filter/no_prompt_extension/Wan1.3B/seed_1/k_-PvLgr1c0-Scene-1514.mp4,"The video shows a group of people rowing a boat in a river. The boat is moving slowly through the water, and the people are using oars to navigate. The sky is dark, suggesting it is either early morning or late evening. The water is calm, and there are no other boats or people visible in the video. The boat is long and narrow, and the people are wearing life jackets for safety. The video is shot from a distance, making it difficult to see the details of the people or the boat.",k_-PvLgr1c0-Scene-1514,5,5,1
/data/home/yuanhaoc/videophy/DPO_Data/deepseek_gemini_filter/no_prompt_extension/Wan1.3B/seed_1/kp7qonEjKFc-Scene-0011.mp4,"The video shows a football game in progress. The players are wearing helmets and pads, and the field is marked with white lines. The quarterback throws the ball to a receiver who catches it and runs towards the end zone. The players are running, blocking, and tackling each other. The crowd is cheering in the background.",kp7qonEjKFc-Scene-0011,1,3,0
/data/home/yuanhaoc/videophy/DPO_Data/deepseek_gemini_filter/no_prompt_extension/Wan1.3B/seed_1/l0b960BZEAs-Scene-0010.mp4,"In the video, a man is seen standing in a workshop surrounded by various tools and equipment. He is wearing a black t-shirt with a NASA logo and glasses. The man is holding a piece of wood and a tool in his hands, and he appears to be demonstrating how to use the tool on the wood. He is speaking to the camera, presumably explaining the process. The workshop is well-lit and appears to be organized, with tools and equipment neatly arranged in the background. The man seems to be knowledgeable and confident in his demonstration.",l0b960BZEAs-Scene-0010,4,3,0
/data/home/yuanhaoc/videophy/DPO_Data/deepseek_gemini_filter/no_prompt_extension/Wan1.3B/seed_1/l0f4JXTmyQs-Scene-0042.mp4,"The video shows a police car driving through a flooded street at night. The car is white with blue and red lights on top. The water is up to the car's wheels, and the car is moving slowly through the water. The surrounding area is dark, with only a few streetlights visible in the distance.",l0f4JXTmyQs-Scene-0042,0,4,0
/data/home/yuanhaoc/videophy/DPO_Data/deepseek_gemini_filter/no_prompt_extension/Wan1.3B/seed_1/l4Z5jciACfM-Scene-0052.mp4,"The video shows a person holding a fishing rod with a fish hooked at the end. The person is standing on a beach, and the fish is being held close to the camera. The person then walks towards the water and throws the fish back into the ocean. The fish swims away, and the person continues to fish. The beach is crowded with people, and there are waves crashing in the background. The sky is cloudy, and the water is a dark blue color.",l4Z5jciACfM-Scene-0052,4,4,1
/data/home/yuanhaoc/videophy/DPO_Data/deepseek_gemini_filter/no_prompt_extension/Wan1.3B/seed_1/l9_bZGHEEGo-Scene-0012.mp4,"The video shows a red sports car driving on a race track. The car is seen making a turn on the track, and the camera follows its movement. The car has a sleek design with a low profile and aerodynamic shape. The track is surrounded by grass and trees, and there are yellow and black striped barriers along the sides. The sky is clear and blue, indicating good weather conditions.",l9_bZGHEEGo-Scene-0012,0,5,0
/data/home/yuanhaoc/videophy/DPO_Data/deepseek_gemini_filter/no_prompt_extension/Wan1.3B/seed_1/lAutfR-7m4w-Scene-0049.mp4,"The video shows a fisherman using a net to catch a fish. The fish is seen swimming in the water before the net is thrown over it. The fisherman then pulls the net up, trapping the fish inside. The fish is then lifted out of the water and placed in a bucket. The video provides a close-up view of the fish being caught and the net being used.",lAutfR-7m4w-Scene-0049,3,4,0
/data/home/yuanhaoc/videophy/DPO_Data/deepseek_gemini_filter/no_prompt_extension/Wan1.3B/seed_1/lGqu5lTxx1E-Scene-0005.mp4,The video shows a large naval ship sailing on the ocean. The ship is grey and has several antennas and radar equipment on top. There is a smaller boat sailing next to the ship. The ocean is a deep blue color and the sky is clear.,lGqu5lTxx1E-Scene-0005,1,5,0
/data/home/yuanhaoc/videophy/DPO_Data/deepseek_gemini_filter/no_prompt_extension/Wan1.3B/seed_1/lWulSsLlBFg-Scene-0026.mp4,"The video shows a close-up of a person's hand holding a blue hose with a gold connector. The hose is attached to a gauge with a white face and a black rim. The gauge has a needle that moves from the left to the right side, indicating a rise in pressure. The background is blurred, but it appears to be the engine of a car.",lWulSsLlBFg-Scene-0026,5,5,1
/data/home/yuanhaoc/videophy/DPO_Data/deepseek_gemini_filter/no_prompt_extension/Wan1.3B/seed_1/lcarbcM7w8w-Scene-0166.mp4,"In the video, a person is seen holding a fishing rod and reel while fishing on a body of water. The person is adjusting the reel and pulling the line out of the water. The water is calm and there are trees visible in the background. The person appears to be alone and is focused on fishing.",lcarbcM7w8w-Scene-0166,0,4,0
/data/home/yuanhaoc/videophy/DPO_Data/deepseek_gemini_filter/no_prompt_extension/Wan1.3B/seed_1/ljBWn7zqe70-Scene-0043.mp4,"The video shows a young man climbing a rock wall in an indoor climbing gym. He is shirtless, wearing blue shorts, and climbing without a harness. The rock wall is covered with various colored holds and the floor is covered with blue mats. The climber successfully reaches the top of the wall and then jumps down to the floor. The video captures the climber's movements and the environment of the gym.",ljBWn7zqe70-Scene-0043,1,3,0
/data/home/yuanhaoc/videophy/DPO_Data/deepseek_gemini_filter/no_prompt_extension/Wan1.3B/seed_1/lnctAw8DD48-Scene-0013.mp4,"In the video, a person is seen using a pair of scissors to cut a piece of material. The person's hands are visible, and they are holding the scissors with one hand while cutting with the other. The material appears to be black, and the scissors are silver in color. The person's hands are steady as they cut through the material, and the scissors move back and forth in a controlled manner. There is no other visible context or background in the video.",lnctAw8DD48-Scene-0013,4,3,0
/data/home/yuanhaoc/videophy/DPO_Data/deepseek_gemini_filter/no_prompt_extension/Wan1.3B/seed_1/lo7I8_CWo_4-Scene-0033.mp4,"The video shows a person driving a car on a rainy day. The driver's hand is visible on the steering wheel, and the dashboard is visible in the background. The car is moving at a steady pace, and the windshield wipers are on, clearing the rain from the windshield. The driver's hand is steady on the wheel, and the car seems to be driving smoothly despite the weather conditions.",lo7I8_CWo_4-Scene-0033,1,5,0
/data/home/yuanhaoc/videophy/DPO_Data/deepseek_gemini_filter/no_prompt_extension/Wan1.3B/seed_1/lqGuNI1xzV8-Scene-0007.mp4,"In the video, a man is seen water skiing on a lake. He is wearing a black life jacket and is being pulled by a boat. The man is holding onto a yellow rope attached to the boat. As he skis, he approaches a ramp and jumps over it, landing smoothly on the other side. The lake is surrounded by trees and there are several other people and boats visible in the background. The sky is clear and blue, indicating good weather conditions for water sports.",lqGuNI1xzV8-Scene-0007,3,3,0
/data/home/yuanhaoc/videophy/DPO_Data/deepseek_gemini_filter/no_prompt_extension/Wan1.3B/seed_1/m0UiTMqXlj0-Scene-0033.mp4,"In the video, a person is seen standing behind a table filled with various bottles and containers. The person is wearing a black shirt and is holding a bottle in their hand. They pour the contents of the bottle into a bowl that is placed on the table. The person then picks up a spoon and begins stirring the contents of the bowl. The table is covered with a blue and white polka dot tablecloth, and there are several other bottles and containers on it. The background is colorful, with a wall decorated with various items and a sign that reads ""SLIMEATORY"".",m0UiTMqXlj0-Scene-0033,4,4,1
/data/home/yuanhaoc/videophy/DPO_Data/deepseek_gemini_filter/no_prompt_extension/Wan1.3B/seed_1/mH2_LGbPyAw-Scene-0073.mp4,"In the video, a woman is seen walking through a pile of garbage. She is wearing a purple dress and has a green cloth on her head. As she walks, she picks up a large piece of wood with her hands. The wood is covered in garbage and debris. She lifts the wood over her head and carries it on her back. The woman appears to be searching for something in the garbage, and the pile is quite large and disorganized. The video gives a glimpse into the woman's daily life and the challenges she faces in her environment.",mH2_LGbPyAw-Scene-0073,0,4,0
/data/home/yuanhaoc/videophy/DPO_Data/deepseek_gemini_filter/no_prompt_extension/Wan1.3B/seed_1/mIfmSLptqsY-Scene-0029.mp4,"The video shows a close-up of a pot of soup being stirred with a spoon. The soup appears to be a bright red color and is bubbling as it cooks. The spoon is silver and is used to stir the soup, causing ripples and waves in the liquid. The pot is also silver and has some stains from previous cooking. The video is shot from above the pot, giving a clear view of the soup and the stirring action.",mIfmSLptqsY-Scene-0029,5,5,1
/data/home/yuanhaoc/videophy/DPO_Data/deepseek_gemini_filter/no_prompt_extension/Wan1.3B/seed_1/mObjClUlGrI-Scene-0015.mp4,"The video shows a close-up of a person's hand holding a clump of sand. The person then throws the sand onto the ground, creating a small pile. The camera then pans out to show the sand pile in relation to the surrounding area, which appears to be a beach or desert. The person's hand is visible throughout the video, and the sand is a light brown color. There are no other objects or people in the video.",mObjClUlGrI-Scene-0015,1,4,0
/data/home/yuanhaoc/videophy/DPO_Data/deepseek_gemini_filter/no_prompt_extension/Wan1.3B/seed_1/mU1MFf_L1IQ-Scene-0011.mp4,"The video shows a football game being played on a field with players wearing red and white uniforms. The game is being played in a stadium with a large crowd watching. The players are seen running, tackling, and scoring touchdowns. The game is being played in the second quarter with the score tied at 0-0. The players are seen running with the ball, dodging opponents, and making successful plays. The video captures the excitement and energy of the game, with the crowd cheering and the players giving their all.",mU1MFf_L1IQ-Scene-0011,0,4,0
/data/home/yuanhaoc/videophy/DPO_Data/deepseek_gemini_filter/no_prompt_extension/Wan1.3B/seed_1/mYJ5RjwIur4-Scene-0075.mp4,"In the video, a man is seen standing in front of a row of wooden barrels. He is wearing a black shirt and gloves. The barrels are made of wood and have metal bands around them. The man is holding a wooden stick and is using it to stir the contents of one of the barrels. He then picks up another barrel and places it on top of the first one. The barrels are in a room with a concrete floor and walls. There is a small fire burning in the corner of the room. The man continues to stir the contents of the barrels with the wooden stick.",mYJ5RjwIur4-Scene-0075,3,3,0
/data/home/yuanhaoc/videophy/DPO_Data/deepseek_gemini_filter/no_prompt_extension/Wan1.3B/seed_1/mdC4D6Qmncs-Scene-0029.mp4,The video shows a remote-controlled helicopter with a red and white body and blue lights on its sides. The helicopter is seen hovering and moving around a room with wooden floors and white walls. The helicopter has two rotors on top and a tail rotor at the back. The video captures the helicopter from different angles as it moves around the room.,mdC4D6Qmncs-Scene-0029,0,5,0
/data/home/yuanhaoc/videophy/DPO_Data/deepseek_gemini_filter/no_prompt_extension/Wan1.3B/seed_1/me9t-RLgNHg-Scene-0013.mp4,"The video shows a close-up of a stainless steel pan on a stove. Inside the pan, there are sliced zucchini being sautéed. A wooden spatula is being used to stir the zucchini around. The zucchini is cut into small, bite-sized pieces and is a bright green color. The pan appears to be on medium heat as the zucchini is cooking evenly. The background is blurred, but it seems to be a kitchen setting.",me9t-RLgNHg-Scene-0013,5,5,1
/data/home/yuanhaoc/videophy/DPO_Data/deepseek_gemini_filter/no_prompt_extension/Wan1.3B/seed_1/msL5wRMouaI-Scene-0021.mp4,"The video shows a person's hand holding a clear plastic container with water inside. The container has a lid on top. The person is holding the container over a large black container filled with water. There are small fish swimming in the water of the black container. The person pours the water from the clear container into the black container, and the fish swim around. The water in the black container is bubbling, and there are plants visible in the background.",msL5wRMouaI-Scene-0021,5,5,1
/data/home/yuanhaoc/videophy/DPO_Data/deepseek_gemini_filter/no_prompt_extension/Wan1.3B/seed_1/msin7Uzjxvg-Scene-0014.mp4,"The video shows a man in a blue wetsuit swimming in the ocean. He is seen paddling with his arms and moving through the water. The man appears to be alone in the water, with no other people or objects visible in the video. The ocean is a deep blue color, and the man's wetsuit is a lighter shade of blue. The video does not show any other significant actions or events.",msin7Uzjxvg-Scene-0014,0,5,0
/data/home/yuanhaoc/videophy/DPO_Data/deepseek_gemini_filter/no_prompt_extension/Wan1.3B/seed_1/n7rE41kTx2c-Scene-0137.mp4,The video shows a person riding a bicycle on a street. The person is wearing black shorts and black and white sneakers. The bicycle has a black frame with yellow wheels. The person is riding the bicycle with one wheel on the ground and the other wheel in the air. The street is lined with trees and buildings.,n7rE41kTx2c-Scene-0137,1,4,0
/data/home/yuanhaoc/videophy/DPO_Data/deepseek_gemini_filter/no_prompt_extension/Wan1.3B/seed_1/nNUHwPP5FMU-Scene-0042.mp4,"In the video, a person is seen using a pair of pliers to cut a piece of fabric. The fabric is held in place by the pliers, and the person uses a pair of scissors to cut the fabric. The background is a green cutting mat with grid lines. The person's hands are visible, and they are wearing a blue and white striped shirt. The scissors are silver in color, and the pliers are blue and silver. The fabric being cut is purple and white.",nNUHwPP5FMU-Scene-0042,3,3,0
/data/home/yuanhaoc/videophy/DPO_Data/deepseek_gemini_filter/no_prompt_extension/Wan1.3B/seed_1/nUHGdYyRvxw-Scene-0046.mp4,"The video shows a soccer match in progress. The players are wearing different colored uniforms, with one team in red and green and the other in blue and white. The stadium is filled with spectators, and the game clock is visible in the top right corner. The players are seen running, passing the ball, and attempting to score goals. The video is shot from various angles, providing a comprehensive view of the match.",nUHGdYyRvxw-Scene-0046,4,3,0
/data/home/yuanhaoc/videophy/DPO_Data/deepseek_gemini_filter/no_prompt_extension/Wan1.3B/seed_1/nhqxctH7eYo-Scene-0025.mp4,"The video shows a person's hand operating a boat's steering wheel. The steering wheel is black and silver, and the person's hand is visible on the left side of the wheel. The boat's dashboard is also visible, with various buttons and screens. The person's hand moves the wheel back and forth, and the boat appears to be moving in the water.",nhqxctH7eYo-Scene-0025,0,5,0
/data/home/yuanhaoc/videophy/DPO_Data/deepseek_gemini_filter/no_prompt_extension/Wan1.3B/seed_1/nmP8l-ELI3Q-Scene-0152.mp4,"The video features a man with tattoos on his body, wearing black pants and no shirt, performing a weightlifting exercise in a gym. He is seen lifting a barbell with weights on it, and then dropping it to the ground. After completing the exercise, he stands up straight and speaks to the camera, making hand gestures as he talks. The gym is equipped with various exercise equipment, including weight racks and barbells. The man appears to be in good physical shape, with a well-defined muscular build.",nmP8l-ELI3Q-Scene-0152,4,4,1
/data/home/yuanhaoc/videophy/DPO_Data/deepseek_gemini_filter/no_prompt_extension/Wan1.3B/seed_1/nvp9X3PC08k-Scene-0257.mp4,"The video shows a close-up of a waterfall with water flowing over the edge and falling into a body of water below. The waterfall is surrounded by snow and ice, indicating a cold climate. The water appears to be moving quickly, and the sound of the waterfall can be heard in the background. The video is shot from a high angle, providing a bird's eye view of the waterfall and its surroundings.",nvp9X3PC08k-Scene-0257,0,4,0
/data/home/yuanhaoc/videophy/DPO_Data/deepseek_gemini_filter/no_prompt_extension/Wan1.3B/seed_1/o0GeDewJPx8-Scene-0054.mp4,"In the video, a person is seen kneading a piece of dough on a table. The person's hands are covered in flour, and they are using their fingers to press and fold the dough. The table is covered with a clear plastic wrap, and there is a bowl of mushrooms and a bowl of tomatoes on the side. The person's movements are deliberate and focused, as they work the dough to achieve the desired texture. The lighting in the room is bright, and the colors in the video are natural and muted. The person's actions are smooth and practiced, indicating that they are experienced in the task.",o0GeDewJPx8-Scene-0054,5,4,1
/data/home/yuanhaoc/videophy/DPO_Data/deepseek_gemini_filter/no_prompt_extension/Wan1.3B/seed_1/oABAiPIZUo4-Scene-0034.mp4,"In the video, a baby is seen playing with a toy car. The baby is pushing the car around and seems to be enjoying it. The car is brightly colored and has a screen on the front. The baby is wearing a white shirt and is standing on a carpeted floor. The room appears to be well-lit and there are no other objects or people visible in the video.",oABAiPIZUo4-Scene-0034,0,4,0
/data/home/yuanhaoc/videophy/DPO_Data/deepseek_gemini_filter/no_prompt_extension/Wan1.3B/seed_1/oL7F3h5joEE-Scene-0020.mp4,"The video shows a person pouring milk into a bowl of eggs and whisking the mixture together. The person is wearing a white chef's coat and is using a whisk to mix the ingredients. The bowl is placed on a marble countertop. The milk is being poured from a measuring cup, and the person is whisking the mixture vigorously. The video is shot from a close-up angle, focusing on the bowl and the person's hands.",oL7F3h5joEE-Scene-0020,1,4,0
/data/home/yuanhaoc/videophy/DPO_Data/deepseek_gemini_filter/no_prompt_extension/Wan1.3B/seed_1/oZiUesdDW5A-Scene-0086.mp4,"In the video, a man is seen snowboarding down a snowy hill. He is wearing a blue jacket and yellow pants. As he approaches a ramp, he jumps and performs a trick in the air before landing smoothly back on the snow. The man continues to snowboard down the hill, showcasing his skills and control. The snowy landscape is beautiful, with trees lining the sides of the hill and a clear blue sky above. The man's movements are fluid and confident, indicating his experience and expertise in snowboarding. Overall, the video captures the thrill and excitement of snowboarding, as well as the stunning natural beauty of the winter landscape.",oZiUesdDW5A-Scene-0086,4,4,1
/data/home/yuanhaoc/videophy/DPO_Data/deepseek_gemini_filter/no_prompt_extension/Wan1.3B/seed_1/omduIBRIfxM-Scene-0112.mp4,"In the video, a woman is seen performing a workout routine in a gym. She is wearing a black tank top and has her hair tied back in a ponytail. The woman is holding a dumbbell in each hand and is performing a series of bicep curls. She is standing in front of a weight rack with various sizes of dumbbells. The gym appears to be well-equipped with various exercise machines and weights in the background. The woman is focused on her workout, maintaining proper form throughout the exercise. The lighting in the gym is bright, and the video is shot from a side angle, capturing the woman's movements clearly.",omduIBRIfxM-Scene-0112,5,4,1
/data/home/yuanhaoc/videophy/DPO_Data/deepseek_gemini_filter/no_prompt_extension/Wan1.3B/seed_1/omdxVxb6zXs-Scene-0005.mp4,"The video shows a hockey game in progress. The players are wearing blue and white uniforms. One player in a blue uniform is seen falling on the ice while another player in a white uniform is nearby. The goalie, also in a blue uniform, is seen guarding the goal. The puck is seen moving towards the goal, and the goalie successfully blocks it. The crowd is cheering in the background.",omdxVxb6zXs-Scene-0005,0,4,0
/data/home/yuanhaoc/videophy/DPO_Data/deepseek_gemini_filter/no_prompt_extension/Wan1.3B/seed_1/onxokZ5WRzc-Scene-0019.mp4,The video shows a person holding a fishing rod and reel while standing on a boat. The person is wearing a blue shirt and has a fishing line in the water. The person is holding a fishing lure in their hand and is seen casting the line into the water. The water is calm and there are trees visible in the background.,onxokZ5WRzc-Scene-0019,0,4,0
/data/home/yuanhaoc/videophy/DPO_Data/deepseek_gemini_filter/no_prompt_extension/Wan1.3B/seed_1/orC4j_WQFKE-Scene-0003.mp4,"The video shows a large white airplane with four engines, flying low over the ocean. The plane is moving from left to right across the frame. The ocean is calm with small waves, and the sky is clear with a few clouds. The sun is setting, casting a warm orange glow on the horizon. The plane appears to be in the process of landing, with its landing gear extended and water spraying from the sides of the plane as it skims the surface of the ocean.",orC4j_WQFKE-Scene-0003,3,5,0
/data/home/yuanhaoc/videophy/DPO_Data/deepseek_gemini_filter/no_prompt_extension/Wan1.3B/seed_1/pCM68MvehOU-Scene-0030.mp4,"The video features a man surfing on a large wave in the ocean. The man is wearing a black wetsuit and is seen riding the wave on a white surfboard. The wave is large and powerful, with white foam forming at the top. The man skillfully maneuvers the surfboard, maintaining balance as the wave curls over him. The ocean water is a deep blue color, and the sky is clear with a few clouds in the distance. The video captures the thrill and excitement of surfing, showcasing the surfer's skill and the beauty of the ocean.",pCM68MvehOU-Scene-0030,5,4,1
/data/home/yuanhaoc/videophy/DPO_Data/deepseek_gemini_filter/no_prompt_extension/Wan1.3B/seed_1/pPuMiqQGu3g-Scene-0008.mp4,"The video shows a hockey game in progress. Two players from opposing teams are seen fighting on the ice. The players are wearing their respective team uniforms and are seen pushing and shoving each other. The referee is seen trying to break up the fight and separate the players. The players continue to push and shove each other, and the referee is seen trying to control the situation. The video captures the intensity of the fight and the efforts of the referee to maintain order on the ice.",pPuMiqQGu3g-Scene-0008,0,4,0
/data/home/yuanhaoc/videophy/DPO_Data/deepseek_gemini_filter/no_prompt_extension/Wan1.3B/seed_1/puA0YC-hSPM-Scene-0025.mp4,"The video shows a close-up of a volcano erupting. The lava is flowing down the side of the volcano, and it is bright orange and red in color. The sky is dark, and the lava is the only source of light in the frame. The eruption is intense, and the lava is flowing rapidly. There are no other objects or people visible in the video.",puA0YC-hSPM-Scene-0025,5,4,1
/data/home/yuanhaoc/videophy/DPO_Data/deepseek_gemini_filter/no_prompt_extension/Wan1.3B/seed_1/qJXoPMzBEl4-Scene-0083.mp4,"In the video, a person is seen using a needle and thread to create a decorative flower. The flower consists of a green felt leaf and a red felt heart. The person is shown threading the needle through the leaf and heart, and then tying it off to secure the flower. The background is a gray surface with several other red felt hearts scattered around.",qJXoPMzBEl4-Scene-0083,1,4,0
/data/home/yuanhaoc/videophy/DPO_Data/deepseek_gemini_filter/no_prompt_extension/Wan1.3B/seed_1/qKthOUFXbw4-Scene-0044.mp4,"In the video, a man is seen doing pull-ups in a gym. He is shirtless, wearing red shorts, and has a blue wristband on his left wrist. The gym is well-lit and has various exercise equipment in the background. The man is using a black bar to perform the pull-ups, and he is pulling himself up with his arms fully extended. The video captures the man's movements as he completes the pull-ups.",qKthOUFXbw4-Scene-0044,1,4,0
/data/home/yuanhaoc/videophy/DPO_Data/deepseek_gemini_filter/no_prompt_extension/Wan1.3B/seed_1/qME1P-p25Gs-Scene-0022.mp4,"In the video, a person is cooking a dish in a pot on a stove. The pot is black and has a wooden spoon in it. The person is stirring the contents of the pot with the spoon. The contents of the pot appear to be a thick, brown sauce with chunks of meat and vegetables. The person then pours a small amount of water from a measuring cup into the pot. The water is clear and the cup is silver. The person stirs the pot again after adding the water.",qME1P-p25Gs-Scene-0022,4,5,1
/data/home/yuanhaoc/videophy/DPO_Data/deepseek_gemini_filter/no_prompt_extension/Wan1.3B/seed_1/qfK0PqP_Bjg-Scene-0065.mp4,"The video shows a person driving a car and shifting gears. The camera is positioned inside the car, capturing the driver's hands on the steering wheel and the road ahead. The driver's hands are visible, and they are wearing a blue jacket. The car's interior is black, and the dashboard is visible. The road appears to be a dirt road, and there are no other vehicles or people in sight. The driver shifts gears several times, and the car accelerates and slows down. The video is shot during the day, and the sky is clear.",qfK0PqP_Bjg-Scene-0065,4,4,1
/data/home/yuanhaoc/videophy/DPO_Data/deepseek_gemini_filter/no_prompt_extension/Wan1.3B/seed_1/qgsD9GDiwm4-Scene-0059.mp4,"This video shows a basketball game being played on a court. The players are wearing white and black uniforms, and the ball is being dribbled by a player in a black uniform. The player in the black uniform is attempting to score a basket, but the player in the white uniform is blocking him. The crowd is cheering in the background, and the scoreboard is visible in the top right corner of the screen.",qgsD9GDiwm4-Scene-0059,1,4,0
/data/home/yuanhaoc/videophy/DPO_Data/deepseek_gemini_filter/no_prompt_extension/Wan1.3B/seed_1/qhm3A2MAIts-Scene-0065.mp4,The video shows a food processor with a purple mixture inside. A person is using a spoon to scoop out some of the mixture. The food processor is placed on a wooden surface.,qhm3A2MAIts-Scene-0065,1,4,0
/data/home/yuanhaoc/videophy/DPO_Data/deepseek_gemini_filter/no_prompt_extension/Wan1.3B/seed_1/qvHhEBD_cKg-Scene-0153.mp4,The video shows a woman in a yellow sports bra and black leggings doing push-ups on a black mat. She is in a large room with a high ceiling and windows. The woman is wearing white sneakers and has her hair tied back. She is in a plank position and then lowers her body to the ground before pushing back up. The room is well-lit and appears to be a gym or workout space.,qvHhEBD_cKg-Scene-0153,4,4,1
/data/home/yuanhaoc/videophy/DPO_Data/deepseek_gemini_filter/no_prompt_extension/Wan1.3B/seed_1/qzzNkErSqpU-Scene-0002.mp4,"In the video, a man is seen working with a piece of wood in a workshop. He is wearing an orange shirt and a cap. He is using a machine to cut the wood. The machine is black and has a large blade that moves back and forth to cut the wood. The man is standing next to the machine and appears to be operating it. The workshop is well-lit and there are other pieces of wood and tools visible in the background. The man seems to be focused on his work and is using the machine with precision.",qzzNkErSqpU-Scene-0002,4,4,1
/data/home/yuanhaoc/videophy/DPO_Data/deepseek_gemini_filter/no_prompt_extension/Wan1.3B/seed_1/r-k6xMPOf7U-Scene-0065.mp4,"The video shows a close-up of a beer tap with a person's hand pulling it down to fill a glass with beer. The person's hand is visible in the frame, and the beer tap is made of metal. The glass is placed on a counter, and there are other glasses and bottles in the background. The beer being poured is a golden color, and the person's hand has a tattoo on it.",r-k6xMPOf7U-Scene-0065,1,4,0
/data/home/yuanhaoc/videophy/DPO_Data/deepseek_gemini_filter/no_prompt_extension/Wan1.3B/seed_1/r5NriKkBEeY-Scene-0059.mp4,"The video shows a black dog with a pink collar digging in the dirt. The dog is focused on the task and keeps digging with its snout. The background is a fenced area with a wooden fence and a few trees. The ground is covered in dirt and there are some small rocks scattered around. The dog's tail is wagging, indicating that it is happy and enjoying the activity.",r5NriKkBEeY-Scene-0059,0,4,0
/data/home/yuanhaoc/videophy/DPO_Data/deepseek_gemini_filter/no_prompt_extension/Wan1.3B/seed_1/r7Ja3Xn9iJk-Scene-0014.mp4,"The video shows two men riding bicycles down a rocky hill. The first man is wearing a black jacket and a green helmet, while the second man is wearing a blue jacket and a black helmet. The hill is covered in rocks and dirt, and the men are riding at a high speed, kicking up dust as they go. The video captures the thrill and excitement of mountain biking, as the riders navigate the challenging terrain with skill and precision.",r7Ja3Xn9iJk-Scene-0014,4,4,1
/data/home/yuanhaoc/videophy/DPO_Data/deepseek_gemini_filter/no_prompt_extension/Wan1.3B/seed_1/rVyh7H1yjGc-Scene-0058.mp4,"The video shows a football game being played in a stadium. The players are wearing green and yellow uniforms, and the opposing team is wearing blue and white uniforms. The game is being played on a green field with white markings. The stadium is filled with spectators. The scoreboard shows that the game is in the first quarter with 27 seconds left on the clock. The play begins with the quarterback throwing the ball to a receiver who catches it and runs into the end zone for a touchdown. The crowd cheers as the touchdown is scored.",rVyh7H1yjGc-Scene-0058,3,3,0
/data/home/yuanhaoc/videophy/DPO_Data/deepseek_gemini_filter/no_prompt_extension/Wan1.3B/seed_1/raDo0Cdy14Q-Scene-0066.mp4,The video shows a person fishing on a lake. The person is holding a fishing rod and reeling it in. The water is calm and there are trees in the background. The person appears to be alone and there is no one else visible in the video. The fishing rod is black and the person is wearing a blue shirt. The sky is clear and blue.,raDo0Cdy14Q-Scene-0066,1,5,0
/data/home/yuanhaoc/videophy/DPO_Data/deepseek_gemini_filter/no_prompt_extension/Wan1.3B/seed_1/s1fPTIV6ROA-Scene-0098.mp4,"In the video, a man is seen skateboarding in an indoor skate park. He is wearing a red hoodie and khaki pants. The skate park has various ramps and obstacles, and the man is seen performing tricks on his skateboard. He starts by riding down a ramp and then jumps onto a ledge to perform a grind trick. The man maintains his balance and successfully completes the trick before landing back on the ground and riding away. The video captures the man's skillful maneuvers and the dynamic environment of the skate park.",s1fPTIV6ROA-Scene-0098,3,3,0
/data/home/yuanhaoc/videophy/DPO_Data/deepseek_gemini_filter/no_prompt_extension/Wan1.3B/seed_1/sABwAXwX02g-Scene-0010.mp4,"The video shows a football game in progress. The players are lined up on the field, and the ball is snapped to the quarterback. He throws the ball to a receiver who catches it and runs into the end zone for a touchdown. The crowd cheers as the scoreboard shows the team's score increasing.",sABwAXwX02g-Scene-0010,1,3,0
/data/home/yuanhaoc/videophy/DPO_Data/deepseek_gemini_filter/no_prompt_extension/Wan1.3B/seed_1/sJL8jlAYnug-Scene-0053.mp4,"In the video, a man is standing in a kitchen, holding a bottle of red liquid in his hand. He is wearing a black shirt with the word ""DRINKING"" written on it in orange letters. The man is using a bottle opener to open the bottle. He then proceeds to pour the red liquid into a metal cup that is placed on the counter in front of him. The kitchen has a stove and a sink visible in the background. The man has tattoos on his arms and is wearing a watch on his left wrist.",sJL8jlAYnug-Scene-0053,1,4,0
/data/home/yuanhaoc/videophy/DPO_Data/deepseek_gemini_filter/no_prompt_extension/Wan1.3B/seed_1/sRgqon5okRc-Scene-0006.mp4,"The video shows a person's hand holding a spoon and scooping up some dough from a glass bowl. The dough is then placed onto a surface and flattened out with the spoon. The person's hand is visible throughout the video, and the dough appears to be of a thick consistency. The glass bowl is placed on a surface that is not visible in the video. The person's hand moves with precision as they work with the dough. The lighting in the video is bright, and the colors are clear and vivid. There are no other objects or people visible in the video.",sRgqon5okRc-Scene-0006,5,4,1
/data/home/yuanhaoc/videophy/DPO_Data/deepseek_gemini_filter/no_prompt_extension/Wan1.3B/seed_1/sUy-tlESTtc-Scene-0017.mp4,"The video shows a person cutting tomatoes on a cutting board. The person is using a knife to chop the tomatoes into small pieces. The cutting board is white and appears to be made of plastic. The tomatoes are red and appear to be fresh. The person's hand is visible as they cut the tomatoes, and they are wearing a ring on their finger. The background is not visible in the video.",sUy-tlESTtc-Scene-0017,1,4,0
/data/home/yuanhaoc/videophy/DPO_Data/deepseek_gemini_filter/no_prompt_extension/Wan1.3B/seed_1/sfOOviweZcA-Scene-0068.mp4,"The video features a man with a muscular build, wearing a white tank top with a black design on it, and a black watch on his left wrist. He is lying on a workout bench and lifting a barbell with weights on it. The man is performing the exercise with his arms fully extended, and then bringing the barbell down to his chest. The gym environment is visible in the background, with various pieces of exercise equipment.",sfOOviweZcA-Scene-0068,4,4,1
/data/home/yuanhaoc/videophy/DPO_Data/deepseek_gemini_filter/no_prompt_extension/Wan1.3B/seed_1/suD4zGbRJSU-Scene-0012.mp4,"The video shows a person using a blue tool to remove a bolt from a tire. The person is wearing gloves and is using the tool to unscrew the bolt. The tire appears to be on a car, and the person is working carefully to remove the bolt. The tool is made of metal and has a blue handle. The person's hands are steady as they work on the bolt, and they seem to be experienced in using the tool. The background is blurred, but it appears to be a garage or workshop setting. The lighting is bright, and the colors in the video are vibrant.",suD4zGbRJSU-Scene-0012,4,4,1
/data/home/yuanhaoc/videophy/DPO_Data/deepseek_gemini_filter/no_prompt_extension/Wan1.3B/seed_1/tjXQIsFSnMo-Scene-0043.mp4,"The video shows a group of people riding bikes on a dirt trail. The camera is positioned behind one of the riders, capturing the view of the trail ahead. The riders are wearing helmets and backpacks, and they are riding through a wooded area. The trail is uneven and has several bumps and turns. The riders are moving at a moderate pace, and the camera captures their shadows on the ground. The video gives a sense of adventure and excitement as the riders navigate the trail.",tjXQIsFSnMo-Scene-0043,0,4,0
/data/home/yuanhaoc/videophy/DPO_Data/deepseek_gemini_filter/no_prompt_extension/Wan1.3B/seed_1/uF5HKkT6_KY-Scene-0001.mp4,"The video shows a football game being played on a field. The players are wearing helmets and pads, and the field is marked with white lines and numbers indicating yardage. The players are running, blocking, and tackling each other as they try to score points. The crowd can be heard cheering in the background. The video is shot from a high angle, giving a clear view of the entire field.",uF5HKkT6_KY-Scene-0001,1,4,0
/data/home/yuanhaoc/videophy/DPO_Data/deepseek_gemini_filter/no_prompt_extension/Wan1.3B/seed_1/uFuGfmLyFYs-Scene-0026.mp4,"In the video, a man is seen driving a boat. He is wearing a red jacket and glasses, and is holding the steering wheel with both hands. The boat is moving through the water, and the man appears to be focused on navigating the boat. The boat has a white interior, and there are several screens and buttons visible on the dashboard. The water is calm, and the sky is overcast.",uFuGfmLyFYs-Scene-0026,5,4,1
/data/home/yuanhaoc/videophy/DPO_Data/deepseek_gemini_filter/no_prompt_extension/Wan1.3B/seed_1/ud-ny29vBlI-Scene-0019.mp4,"In the video, a man is seen standing outside of a car, holding a black rubber door seal in his hands. He is demonstrating how to install the seal onto the bottom of the car door. He places the seal onto the door and then uses his hands to push it into place, making sure it fits snugly. The man then uses a tool to secure the seal onto the door, ensuring it stays in place. The video provides a clear demonstration of how to properly install a door seal onto a car door.",ud-ny29vBlI-Scene-0019,1,4,0
/data/home/yuanhaoc/videophy/DPO_Data/deepseek_gemini_filter/no_prompt_extension/Wan1.3B/seed_1/uh7vqeA1ytE-Scene-0029.mp4,"The video shows a soccer game in progress. The players are wearing blue and white striped uniforms, while the opposing team is wearing red and white striped uniforms. The goalkeeper, dressed in pink, is seen diving to his right to block a shot on goal. The ball is deflected by the goalkeeper, and the players from both teams are seen reacting to the play. The goalkeeper is seen lying on the ground after making the save. The players are seen moving around the field, with some players running towards the ball and others standing still. The video captures the intensity and excitement of the game.",uh7vqeA1ytE-Scene-0029,3,3,0
/data/home/yuanhaoc/videophy/DPO_Data/deepseek_gemini_filter/no_prompt_extension/Wan1.3B/seed_1/ulxBSvB3sTg-Scene-0082.mp4,"The video shows a cricket player wearing a blue shirt and black pants standing on a field. He is holding a cricket ball in his hand and appears to be preparing to throw it. The player is standing in front of a fence with a sign that reads ""Central Bank of India."" There is another player in the background wearing a helmet and holding a cricket bat. The field is green and appears to be well-maintained. The sky is clear and blue, indicating that the weather is sunny and bright.",ulxBSvB3sTg-Scene-0082,5,3,0
/data/home/yuanhaoc/videophy/DPO_Data/deepseek_gemini_filter/no_prompt_extension/Wan1.3B/seed_1/v4E9qWBC2Zc-Scene-0033.mp4,"In the video, a person is using a power drill to make holes in a wooden frame. The person is wearing a ring on their left hand, which is holding the frame steady. The power drill is orange and black, and the person is using a silver drill bit to make the holes. The wooden frame is light brown and has a rectangular shape. There are two holes already made in the frame, and the person is making a third one. The background is a gray surface, and there is a purple clamp on the frame.",v4E9qWBC2Zc-Scene-0033,4,4,1
/data/home/yuanhaoc/videophy/DPO_Data/deepseek_gemini_filter/no_prompt_extension/Wan1.3B/seed_1/v83besXOUDY-Scene-0032.mp4,"The video shows a person driving a green tractor down a road. The camera is positioned in such a way that we can see the driver's hand on the steering wheel and the road ahead. The tractor is driving past houses and trees, and the sky is cloudy.",v83besXOUDY-Scene-0032,0,5,0
/data/home/yuanhaoc/videophy/DPO_Data/deepseek_gemini_filter/no_prompt_extension/Wan1.3B/seed_1/vnX6pIsKoe0-Scene-0076.mp4,"The video shows a man working on a car engine. He is seen pointing to different parts of the engine, and then he proceeds to remove the spark plug. The man is wearing a gray shirt and is standing in front of the car. The engine is dirty and appears to be old. The man is using a tool to remove the spark plug. The video is shot in daylight, and the background is blurred, but it appears to be an outdoor setting.",vnX6pIsKoe0-Scene-0076,4,4,1
/data/home/yuanhaoc/videophy/DPO_Data/deepseek_gemini_filter/no_prompt_extension/Wan1.3B/seed_1/vuxeVhy4sqU-Scene-0068.mp4,"In the video, a woman is standing in front of a stove with a pan on it. She is holding a towel in her hand and appears to be flipping a pancake in the pan. The woman seems to be talking to someone off-camera, possibly explaining what she is doing. The kitchen is well-lit and there are various kitchen items visible in the background. The woman is wearing a purple shirt and has blonde hair. The pancake appears to be golden brown and is being flipped with ease.",vuxeVhy4sqU-Scene-0068,4,4,1
/data/home/yuanhaoc/videophy/DPO_Data/deepseek_gemini_filter/no_prompt_extension/Wan1.3B/seed_1/w8XZX27xJyM-Scene-0031.mp4,The video shows a football game in progress. A player is seen running with the ball and then tackled by an opposing player. The tackled player is then seen lying on the ground.,w8XZX27xJyM-Scene-0031,1,3,0
/data/home/yuanhaoc/videophy/DPO_Data/deepseek_gemini_filter/no_prompt_extension/Wan1.3B/seed_1/wTYQoKmNnZw-Scene-0024.mp4,"The video shows a car driving through a desert. The car is black and has the Red Bull logo on it. It is driving over sand dunes and kicking up sand as it goes. The car is moving at a high speed and appears to be in a race or competition. The desert is vast and barren, with no other vehicles or people in sight. The sky is clear and blue, indicating that it is a sunny day. The car is the main focus of the video, and its movements are smooth and controlled as it navigates the challenging terrain.",wTYQoKmNnZw-Scene-0024,5,4,1
/data/home/yuanhaoc/videophy/DPO_Data/deepseek_gemini_filter/no_prompt_extension/Wan1.3B/seed_1/wTbFyhl5NFg-Scene-0107.mp4,"The video shows a man wearing a pink shirt and black pants riding a black bike at a skate park. He is performing tricks on a ramp, including wheelies and jumps. The man is wearing a black helmet for safety. The skate park is surrounded by a chain link fence, and there are other people in the background also riding bikes. The sky is clear and blue, indicating that it is a sunny day.",wTbFyhl5NFg-Scene-0107,0,3,0
/data/home/yuanhaoc/videophy/DPO_Data/deepseek_gemini_filter/no_prompt_extension/Wan1.3B/seed_1/wql00vG_S_Q-Scene-0138.mp4,"In the video, a man and a woman are seen performing yoga exercises on orange mats. The man is wearing a grey t-shirt and blue pants, while the woman is wearing a black tank top and black leggings. As they continue their exercises, a white goat suddenly jumps onto the man's back. The goat stands on the man's back as he continues to perform the yoga pose. The room they are in has a red wall and a white door.",wql00vG_S_Q-Scene-0138,1,3,0
/data/home/yuanhaoc/videophy/DPO_Data/deepseek_gemini_filter/no_prompt_extension/Wan1.3B/seed_1/xA-XqJqtIN4-Scene-0076.mp4,"The video shows a person's hands working on a cell phone. The person is using a small tool to remove a component from the phone. The component appears to be a small piece of metal or plastic. The person's hands are steady and precise as they work on the phone. The background is a plain white surface, which provides a clear view of the phone and the person's hands. The person's hands are the main focus of the video, and the camera angle is such that the viewer can see the details of the work being done. The video does not contain any dialogue or sound, so the viewer must rely on the visuals to understand what is happening.",xA-XqJqtIN4-Scene-0076,4,4,1
/data/home/yuanhaoc/videophy/DPO_Data/deepseek_gemini_filter/no_prompt_extension/Wan1.3B/seed_1/xA4NWIb-riw-Scene-0066.mp4,"The video shows a large truck driving through a muddy field. The truck is black and has a large engine, which is visible through the hood. The truck is driving through the mud, causing it to splash around. The truck is moving at a moderate speed and appears to be struggling to maintain traction on the slippery surface. The field is surrounded by trees and there are no other vehicles or people visible in the video.",xA4NWIb-riw-Scene-0066,5,4,1
/data/home/yuanhaoc/videophy/DPO_Data/deepseek_gemini_filter/no_prompt_extension/Wan1.3B/seed_1/xAehhTB2DVg-Scene-0026.mp4,"The video shows a football game in progress. The players are seen running on the field, and one player catches the ball and runs into the end zone to score a touchdown. The crowd in the stadium is cheering and clapping. The players are wearing helmets and jerseys, and the field is marked with white lines. The video is shot from a side angle, showing the players' movements and the crowd's reaction.",xAehhTB2DVg-Scene-0026,4,3,0
/data/home/yuanhaoc/videophy/DPO_Data/deepseek_gemini_filter/no_prompt_extension/Wan1.3B/seed_1/xQ0PsJr4Pcw-Scene-0011.mp4,"In the video, a man is seen using a drill press to drill a hole into a piece of metal. The drill press is positioned on a workbench, and the man is wearing safety goggles and gloves. He places the metal piece onto the drill press and secures it in place. The drill press is then activated, and the drill bit rotates and drills into the metal piece. The man adjusts the drill press and the drill bit to ensure that the hole is drilled accurately. The video provides a close-up view of the drilling process, showing the metal shavings being produced as the drill bit penetrates the metal piece. The man's actions are deliberate and precise, indicating that he is experienced in using the drill press.",xQ0PsJr4Pcw-Scene-0011,4,4,1
/data/home/yuanhaoc/videophy/DPO_Data/deepseek_gemini_filter/no_prompt_extension/Wan1.3B/seed_1/xSCj8_w87Js-Scene-0044.mp4,"The video shows a young girl playing with a toy dog on a wooden floor. The toy dog is brown and has a yellow ball in front of it. The girl is wearing a pink dress and is seen playing with the toy dog, pushing it along the floor. The toy dog has a button on its back, which the girl presses, causing the dog to move. The girl is seen sitting on the floor and playing with the toy dog, pushing it around and making it move. The video captures the girl's playful interaction with the toy dog and the yellow ball.",xSCj8_w87Js-Scene-0044,1,4,0
/data/home/yuanhaoc/videophy/DPO_Data/deepseek_gemini_filter/no_prompt_extension/Wan1.3B/seed_1/y4A4bydia4A-Scene-0113.mp4,"The video shows a close-up of a person's hands holding a red Swiss Army knife. The person is using their thumb to push the knife open, revealing the various tools inside. The knife has a silver blade and a red handle. The person's fingers are visible as they manipulate the knife, and the background is blurred but appears to be a wooden surface.",y4A4bydia4A-Scene-0113,4,4,1
/data/home/yuanhaoc/videophy/DPO_Data/deepseek_gemini_filter/no_prompt_extension/Wan1.3B/seed_1/yBjXv5grz4A-Scene-0046.mp4,"The video shows a close-up of a person's hands working on a car's suspension system. The person is using a wrench to adjust the suspension. The car appears to be in a garage or workshop setting. The suspension system is black, and the person's hands are visible as they work on it.",yBjXv5grz4A-Scene-0046,0,4,0
/data/home/yuanhaoc/videophy/DPO_Data/deepseek_gemini_filter/no_prompt_extension/Wan1.3B/seed_1/yPv90pyoGPQ-Scene-0020.mp4,"In the video, a person is seen using a chisel and hammer to carve a piece of wood. The person is wearing a green and yellow striped shirt and is holding the chisel in their right hand while using the hammer in their left hand. The wood is placed on a wooden workbench, and there are other tools visible in the background. The person is focused on their task and appears to be skilled in their craft.",yPv90pyoGPQ-Scene-0020,1,3,0
/data/home/yuanhaoc/videophy/DPO_Data/deepseek_gemini_filter/no_prompt_extension/Wan1.3B/seed_1/yY9mn1ik08U-Scene-0083.mp4,"The video shows a person rock climbing on a steep rock face. The climber is wearing a red helmet and black shorts. They are using a rope to secure their ascent. The rock face is brown and rugged, with various crevices and protrusions. The climber moves slowly and deliberately, finding footholds and handholds as they make their way up. The sky is clear and blue, indicating good weather conditions for climbing.",yY9mn1ik08U-Scene-0083,4,4,1
/data/home/yuanhaoc/videophy/DPO_Data/deepseek_gemini_filter/no_prompt_extension/Wan1.3B/seed_1/yZ6HOSb-muY-Scene-0080.mp4,"The video shows a green tractor with yellow wheels and a yellow mowing attachment attached to it. The tractor is moving through a field of tall green grass, cutting it down as it goes. The mowing attachment is long and appears to be cutting the grass into neat rows. The sky is overcast, and the field is vast and open.",yZ6HOSb-muY-Scene-0080,1,4,0
/data/home/yuanhaoc/videophy/DPO_Data/deepseek_gemini_filter/no_prompt_extension/Wan1.3B/seed_1/zLN10ZZBSHo-Scene-0011.mp4,The video shows a baseball game in progress. The camera focuses on the outfield where a player is seen running towards the ball. The player catches the ball and throws it to the infield. The crowd in the background is cheering and clapping. The player is wearing a white uniform with a blue cap. The field is green with white lines marking the boundaries. The sky is clear and blue.,zLN10ZZBSHo-Scene-0011,5,3,0
/data/home/yuanhaoc/videophy/DPO_Data/deepseek_gemini_filter/no_prompt_extension/Wan1.3B/seed_1/zliXBtCQDow-Scene-0052.mp4,"In the video, a person wearing black gloves is seen pouring a clear liquid from a blue bottle into a glass bowl. The liquid is poured in small amounts, and the person uses a spoon to mix it with a white substance that is already in the bowl. The person continues to mix the substances together, creating a swirling pattern in the bowl.",zliXBtCQDow-Scene-0052,4,4,1
